epoch,loss,accuracy,accuracy_ClassId_1,accuracy_ClassId_10,accuracy_ClassId_11,accuracy_ClassId_12,accuracy_ClassId_13,accuracy_ClassId_14,accuracy_ClassId_15,accuracy_ClassId_16,accuracy_ClassId_17,accuracy_ClassId_18,accuracy_ClassId_2,accuracy_ClassId_3,accuracy_ClassId_33,accuracy_ClassId_34,accuracy_ClassId_35,accuracy_ClassId_36,accuracy_ClassId_37,accuracy_ClassId_38,accuracy_ClassId_39,accuracy_ClassId_4,accuracy_ClassId_40,accuracy_ClassId_41,accuracy_ClassId_42,accuracy_ClassId_43,accuracy_ClassId_5,accuracy_ClassId_6,accuracy_ClassId_7,accuracy_ClassId_8,accuracy_ClassId_9,accuracy_const_1,balanced_accuracy,balanced_accuracy_ClassId_1,balanced_accuracy_ClassId_10,balanced_accuracy_ClassId_11,balanced_accuracy_ClassId_12,balanced_accuracy_ClassId_13,balanced_accuracy_ClassId_14,balanced_accuracy_ClassId_15,balanced_accuracy_ClassId_16,balanced_accuracy_ClassId_17,balanced_accuracy_ClassId_18,balanced_accuracy_ClassId_2,balanced_accuracy_ClassId_3,balanced_accuracy_ClassId_33,balanced_accuracy_ClassId_34,balanced_accuracy_ClassId_35,balanced_accuracy_ClassId_36,balanced_accuracy_ClassId_37,balanced_accuracy_ClassId_38,balanced_accuracy_ClassId_39,balanced_accuracy_ClassId_4,balanced_accuracy_ClassId_40,balanced_accuracy_ClassId_41,balanced_accuracy_ClassId_42,balanced_accuracy_ClassId_43,balanced_accuracy_ClassId_5,balanced_accuracy_ClassId_6,balanced_accuracy_ClassId_7,balanced_accuracy_ClassId_8,balanced_accuracy_ClassId_9,balanced_accuracy_const_1,elapsed,mean_valid
0,0.2740783095359802,0.1656230092048645,0.9766134023666382,0.9780191779136658,0.977508008480072,0.9758466482162476,0.9768689870834351,0.9766134023666382,0.9755910634994507,0.9761022329330444,0.9767411947250366,0.9766134023666382,0.9757188558578491,0.9762300252914429,0.9772524237632751,0.9772524237632751,0.9761022329330444,0.9794248938560486,0.1656230092048645,0.9776358008384705,0.9762300252914429,0.9767411947250366,0.978658139705658,0.9762300252914429,0.9753354787826538,0.9767411947250366,0.9787859320640564,0.9771245718002319,0.9773802161216736,0.9750798940658569,0.9778913855552673,0.9541214108467102,0.4966634511947632,0.5,0.5,0.5,0.5,0.5,0.5,0.5,0.5,0.5,0.5,0.5,0.5,0.5,0.5,0.5,0.5,0.4966634511947632,0.5,0.5,0.5,0.5,0.5,0.5,0.5,0.5,0.5,0.5,0.5,0.5,nan,11.896728515625,0.7280850102451851
1,0.25851771235466003,0.022875400260090828,0.9766134023666382,0.9780191779136658,0.977508008480072,0.9758466482162476,0.9768689870834351,0.9766134023666382,0.9755910634994507,0.9761022329330444,0.9767411947250366,0.9766134023666382,0.9757188558578491,0.9762300252914429,0.9772524237632751,0.9772524237632751,0.9761022329330444,0.9794248938560486,0.022875400260090828,0.9776358008384705,0.9762300252914429,0.9767411947250366,0.978658139705658,0.9762300252914429,0.9753354787826538,0.9767411947250366,0.9787859320640564,0.9771245718002319,0.9773802161216736,0.9750798940658569,0.9778913855552673,1.0,0.5,0.5,0.5,0.5,0.5,0.5,0.5,0.5,0.5,0.5,0.5,0.5,0.5,0.5,0.5,0.5,0.5,0.5,0.5,0.5,0.5,0.5,0.5,0.5,0.5,0.5,0.5,0.5,0.5,0.5,nan,10.782804250717163,0.7528172728809686
2,0.25333091616630554,0.022875400260090828,0.9766134023666382,0.9780191779136658,0.977508008480072,0.9758466482162476,0.9768689870834351,0.9766134023666382,0.9755910634994507,0.9761022329330444,0.9767411947250366,0.9766134023666382,0.9757188558578491,0.9762300252914429,0.9772524237632751,0.9772524237632751,0.9761022329330444,0.9794248938560486,0.022875400260090828,0.9776358008384705,0.9762300252914429,0.9767411947250366,0.978658139705658,0.9762300252914429,0.9753354787826538,0.9767411947250366,0.9787859320640564,0.9771245718002319,0.9773802161216736,0.9750798940658569,0.9778913855552673,1.0,0.5,0.5,0.5,0.5,0.5,0.5,0.5,0.5,0.5,0.5,0.5,0.5,0.5,0.5,0.5,0.5,0.5,0.5,0.5,0.5,0.5,0.5,0.5,0.5,0.5,0.5,0.5,0.5,0.5,0.5,nan,11.287993907928467,0.7528172728809686
3,0.2507374882698059,0.022875400260090828,0.9766134023666382,0.9780191779136658,0.977508008480072,0.9758466482162476,0.9768689870834351,0.9766134023666382,0.9755910634994507,0.9761022329330444,0.9767411947250366,0.9766134023666382,0.9757188558578491,0.9762300252914429,0.9772524237632751,0.9772524237632751,0.9761022329330444,0.9794248938560486,0.022875400260090828,0.9776358008384705,0.9762300252914429,0.9767411947250366,0.978658139705658,0.9762300252914429,0.9753354787826538,0.9767411947250366,0.9787859320640564,0.9771245718002319,0.9773802161216736,0.9750798940658569,0.9778913855552673,1.0,0.5,0.5,0.5,0.5,0.5,0.5,0.5,0.5,0.5,0.5,0.5,0.5,0.5,0.5,0.5,0.5,0.5,0.5,0.5,0.5,0.5,0.5,0.5,0.5,0.5,0.5,0.5,0.5,0.5,0.5,nan,11.07999873161316,0.7528172728809686
4,0.24918143451213837,0.022875400260090828,0.9766134023666382,0.9780191779136658,0.977508008480072,0.9758466482162476,0.9768689870834351,0.9766134023666382,0.9755910634994507,0.9761022329330444,0.9767411947250366,0.9766134023666382,0.9757188558578491,0.9762300252914429,0.9772524237632751,0.9772524237632751,0.9761022329330444,0.9794248938560486,0.022875400260090828,0.9776358008384705,0.9762300252914429,0.9767411947250366,0.978658139705658,0.9762300252914429,0.9753354787826538,0.9767411947250366,0.9787859320640564,0.9771245718002319,0.9773802161216736,0.9750798940658569,0.9778913855552673,1.0,0.5,0.5,0.5,0.5,0.5,0.5,0.5,0.5,0.5,0.5,0.5,0.5,0.5,0.5,0.5,0.5,0.5,0.5,0.5,0.5,0.5,0.5,0.5,0.5,0.5,0.5,0.5,0.5,0.5,0.5,nan,11.550804138183594,0.7528172728809686
5,0.24814404547214508,0.022875400260090828,0.9766134023666382,0.9780191779136658,0.977508008480072,0.9758466482162476,0.9768689870834351,0.9766134023666382,0.9755910634994507,0.9761022329330444,0.9767411947250366,0.9766134023666382,0.9757188558578491,0.9762300252914429,0.9772524237632751,0.9772524237632751,0.9761022329330444,0.9794248938560486,0.022875400260090828,0.9776358008384705,0.9762300252914429,0.9767411947250366,0.978658139705658,0.9762300252914429,0.9753354787826538,0.9767411947250366,0.9787859320640564,0.9771245718002319,0.9773802161216736,0.9750798940658569,0.9778913855552673,1.0,0.5,0.5,0.5,0.5,0.5,0.5,0.5,0.5,0.5,0.5,0.5,0.5,0.5,0.5,0.5,0.5,0.5,0.5,0.5,0.5,0.5,0.5,0.5,0.5,0.5,0.5,0.5,0.5,0.5,0.5,nan,11.083394765853882,0.7528172728809686
6,0.2474030703306198,0.022875400260090828,0.9766134023666382,0.9780191779136658,0.977508008480072,0.9758466482162476,0.9768689870834351,0.9766134023666382,0.9755910634994507,0.9761022329330444,0.9767411947250366,0.9766134023666382,0.9757188558578491,0.9762300252914429,0.9772524237632751,0.9772524237632751,0.9761022329330444,0.9794248938560486,0.022875400260090828,0.9776358008384705,0.9762300252914429,0.9767411947250366,0.978658139705658,0.9762300252914429,0.9753354787826538,0.9767411947250366,0.9787859320640564,0.9771245718002319,0.9773802161216736,0.9750798940658569,0.9778913855552673,1.0,0.5,0.5,0.5,0.5,0.5,0.5,0.5,0.5,0.5,0.5,0.5,0.5,0.5,0.5,0.5,0.5,0.5,0.5,0.5,0.5,0.5,0.5,0.5,0.5,0.5,0.5,0.5,0.5,0.5,0.5,nan,11.08461332321167,0.7528172728809686
7,0.24684731662273407,0.022875400260090828,0.9766134023666382,0.9780191779136658,0.977508008480072,0.9758466482162476,0.9768689870834351,0.9766134023666382,0.9755910634994507,0.9761022329330444,0.9767411947250366,0.9766134023666382,0.9757188558578491,0.9762300252914429,0.9772524237632751,0.9772524237632751,0.9761022329330444,0.9794248938560486,0.022875400260090828,0.9776358008384705,0.9762300252914429,0.9767411947250366,0.978658139705658,0.9762300252914429,0.9753354787826538,0.9767411947250366,0.9787859320640564,0.9771245718002319,0.9773802161216736,0.9750798940658569,0.9778913855552673,1.0,0.5,0.5,0.5,0.5,0.5,0.5,0.5,0.5,0.5,0.5,0.5,0.5,0.5,0.5,0.5,0.5,0.5,0.5,0.5,0.5,0.5,0.5,0.5,0.5,0.5,0.5,0.5,0.5,0.5,0.5,nan,11.022284030914307,0.7528172728809686
8,0.24641500413417816,0.022875400260090828,0.9766134023666382,0.9780191779136658,0.977508008480072,0.9758466482162476,0.9768689870834351,0.9766134023666382,0.9755910634994507,0.9761022329330444,0.9767411947250366,0.9766134023666382,0.9757188558578491,0.9762300252914429,0.9772524237632751,0.9772524237632751,0.9761022329330444,0.9794248938560486,0.022875400260090828,0.9776358008384705,0.9762300252914429,0.9767411947250366,0.978658139705658,0.9762300252914429,0.9753354787826538,0.9767411947250366,0.9787859320640564,0.9771245718002319,0.9773802161216736,0.9750798940658569,0.9778913855552673,1.0,0.5,0.5,0.5,0.5,0.5,0.5,0.5,0.5,0.5,0.5,0.5,0.5,0.5,0.5,0.5,0.5,0.5,0.5,0.5,0.5,0.5,0.5,0.5,0.5,0.5,0.5,0.5,0.5,0.5,0.5,nan,11.448609352111816,0.7528172728809686
9,0.24606923758983612,0.022875400260090828,0.9766134023666382,0.9780191779136658,0.977508008480072,0.9758466482162476,0.9768689870834351,0.9766134023666382,0.9755910634994507,0.9761022329330444,0.9767411947250366,0.9766134023666382,0.9757188558578491,0.9762300252914429,0.9772524237632751,0.9772524237632751,0.9761022329330444,0.9794248938560486,0.022875400260090828,0.9776358008384705,0.9762300252914429,0.9767411947250366,0.978658139705658,0.9762300252914429,0.9753354787826538,0.9767411947250366,0.9787859320640564,0.9771245718002319,0.9773802161216736,0.9750798940658569,0.9778913855552673,1.0,0.5,0.5,0.5,0.5,0.5,0.5,0.5,0.5,0.5,0.5,0.5,0.5,0.5,0.5,0.5,0.5,0.5,0.5,0.5,0.5,0.5,0.5,0.5,0.5,0.5,0.5,0.5,0.5,0.5,0.5,nan,11.057724714279175,0.7528172728809686
10,0.24578633904457092,0.022875400260090828,0.9766134023666382,0.9780191779136658,0.977508008480072,0.9758466482162476,0.9768689870834351,0.9766134023666382,0.9755910634994507,0.9761022329330444,0.9767411947250366,0.9766134023666382,0.9757188558578491,0.9762300252914429,0.9772524237632751,0.9772524237632751,0.9761022329330444,0.9794248938560486,0.022875400260090828,0.9776358008384705,0.9762300252914429,0.9767411947250366,0.978658139705658,0.9762300252914429,0.9753354787826538,0.9767411947250366,0.9787859320640564,0.9771245718002319,0.9773802161216736,0.9750798940658569,0.9778913855552673,1.0,0.5,0.5,0.5,0.5,0.5,0.5,0.5,0.5,0.5,0.5,0.5,0.5,0.5,0.5,0.5,0.5,0.5,0.5,0.5,0.5,0.5,0.5,0.5,0.5,0.5,0.5,0.5,0.5,0.5,0.5,nan,11.418896436691284,0.7528172728809686

11,0.24555058777332306,0.022875400260090828,0.9766134023666382,0.9780191779136658,0.977508008480072,0.9758466482162476,0.9768689870834351,0.9766134023666382,0.9755910634994507,0.9761022329330444,0.9767411947250366,0.9766134023666382,0.9757188558578491,0.9762300252914429,0.9772524237632751,0.9772524237632751,0.9761022329330444,0.9794248938560486,0.022875400260090828,0.9776358008384705,0.9762300252914429,0.9767411947250366,0.978658139705658,0.9762300252914429,0.9753354787826538,0.9767411947250366,0.9787859320640564,0.9771245718002319,0.9773802161216736,0.9750798940658569,0.9778913855552673,1.0,0.5,0.5,0.5,0.5,0.5,0.5,0.5,0.5,0.5,0.5,0.5,0.5,0.5,0.5,0.5,0.5,0.5,0.5,0.5,0.5,0.5,0.5,0.5,0.5,0.5,0.5,0.5,0.5,0.5,0.5,nan,11.976304769515991,0.7528172728809686
12,0.24535112082958221,0.022875400260090828,0.9766134023666382,0.9780191779136658,0.977508008480072,0.9758466482162476,0.9768689870834351,0.9766134023666382,0.9755910634994507,0.9761022329330444,0.9767411947250366,0.9766134023666382,0.9757188558578491,0.9762300252914429,0.9772524237632751,0.9772524237632751,0.9761022329330444,0.9794248938560486,0.022875400260090828,0.9776358008384705,0.9762300252914429,0.9767411947250366,0.978658139705658,0.9762300252914429,0.9753354787826538,0.9767411947250366,0.9787859320640564,0.9771245718002319,0.9773802161216736,0.9750798940658569,0.9778913855552673,1.0,0.5,0.5,0.5,0.5,0.5,0.5,0.5,0.5,0.5,0.5,0.5,0.5,0.5,0.5,0.5,0.5,0.5,0.5,0.5,0.5,0.5,0.5,0.5,0.5,0.5,0.5,0.5,0.5,0.5,0.5,nan,12.755769491195679,0.7528172728809686
13,0.2451801300048828,0.022875400260090828,0.9766134023666382,0.9780191779136658,0.977508008480072,0.9758466482162476,0.9768689870834351,0.9766134023666382,0.9755910634994507,0.9761022329330444,0.9767411947250366,0.9766134023666382,0.9757188558578491,0.9762300252914429,0.9772524237632751,0.9772524237632751,0.9761022329330444,0.9794248938560486,0.022875400260090828,0.9776358008384705,0.9762300252914429,0.9767411947250366,0.978658139705658,0.9762300252914429,0.9753354787826538,0.9767411947250366,0.9787859320640564,0.9771245718002319,0.9773802161216736,0.9750798940658569,0.9778913855552673,1.0,0.5,0.5,0.5,0.5,0.5,0.5,0.5,0.5,0.5,0.5,0.5,0.5,0.5,0.5,0.5,0.5,0.5,0.5,0.5,0.5,0.5,0.5,0.5,0.5,0.5,0.5,0.5,0.5,0.5,0.5,nan,12.130996704101562,0.7528172728809686
14,0.2450319528579712,0.022875400260090828,0.9766134023666382,0.9780191779136658,0.977508008480072,0.9758466482162476,0.9768689870834351,0.9766134023666382,0.9755910634994507,0.9761022329330444,0.9767411947250366,0.9766134023666382,0.9757188558578491,0.9762300252914429,0.9772524237632751,0.9772524237632751,0.9761022329330444,0.9794248938560486,0.022875400260090828,0.9776358008384705,0.9762300252914429,0.9767411947250366,0.978658139705658,0.9762300252914429,0.9753354787826538,0.9767411947250366,0.9787859320640564,0.9771245718002319,0.9773802161216736,0.9750798940658569,0.9778913855552673,1.0,0.5,0.5,0.5,0.5,0.5,0.5,0.5,0.5,0.5,0.5,0.5,0.5,0.5,0.5,0.5,0.5,0.5,0.5,0.5,0.5,0.5,0.5,0.5,0.5,0.5,0.5,0.5,0.5,0.5,0.5,nan,11.062318325042725,0.7528172728809686
15,0.24490229785442352,0.022875400260090828,0.9766134023666382,0.9780191779136658,0.977508008480072,0.9758466482162476,0.9768689870834351,0.9766134023666382,0.9755910634994507,0.9761022329330444,0.9767411947250366,0.9766134023666382,0.9757188558578491,0.9762300252914429,0.9772524237632751,0.9772524237632751,0.9761022329330444,0.9794248938560486,0.022875400260090828,0.9776358008384705,0.9762300252914429,0.9767411947250366,0.978658139705658,0.9762300252914429,0.9753354787826538,0.9767411947250366,0.9787859320640564,0.9771245718002319,0.9773802161216736,0.9750798940658569,0.9778913855552673,1.0,0.5,0.5,0.5,0.5,0.5,0.5,0.5,0.5,0.5,0.5,0.5,0.5,0.5,0.5,0.5,0.5,0.5,0.5,0.5,0.5,0.5,0.5,0.5,0.5,0.5,0.5,0.5,0.5,0.5,0.5,nan,11.522604703903198,0.7528172728809686
16,0.24478788673877716,0.022875400260090828,0.9766134023666382,0.9780191779136658,0.977508008480072,0.9758466482162476,0.9768689870834351,0.9766134023666382,0.9755910634994507,0.9761022329330444,0.9767411947250366,0.9766134023666382,0.9757188558578491,0.9762300252914429,0.9772524237632751,0.9772524237632751,0.9761022329330444,0.9794248938560486,0.022875400260090828,0.9776358008384705,0.9762300252914429,0.9767411947250366,0.978658139705658,0.9762300252914429,0.9753354787826538,0.9767411947250366,0.9787859320640564,0.9771245718002319,0.9773802161216736,0.9750798940658569,0.9778913855552673,1.0,0.5,0.5,0.5,0.5,0.5,0.5,0.5,0.5,0.5,0.5,0.5,0.5,0.5,0.5,0.5,0.5,0.5,0.5,0.5,0.5,0.5,0.5,0.5,0.5,0.5,0.5,0.5,0.5,0.5,0.5,nan,11.308786153793335,0.7528172728809686
17,0.24468617141246796,0.022875400260090828,0.9766134023666382,0.9780191779136658,0.977508008480072,0.9758466482162476,0.9768689870834351,0.9766134023666382,0.9755910634994507,0.9761022329330444,0.9767411947250366,0.9766134023666382,0.9757188558578491,0.9762300252914429,0.9772524237632751,0.9772524237632751,0.9761022329330444,0.9794248938560486,0.022875400260090828,0.9776358008384705,0.9762300252914429,0.9767411947250366,0.978658139705658,0.9762300252914429,0.9753354787826538,0.9767411947250366,0.9787859320640564,0.9771245718002319,0.9773802161216736,0.9750798940658569,0.9778913855552673,1.0,0.5,0.5,0.5,0.5,0.5,0.5,0.5,0.5,0.5,0.5,0.5,0.5,0.5,0.5,0.5,0.5,0.5,0.5,0.5,0.5,0.5,0.5,0.5,0.5,0.5,0.5,0.5,0.5,0.5,0.5,nan,11.158910989761353,0.7528172728809686
18,0.24459517002105713,0.022875400260090828,0.9766134023666382,0.9780191779136658,0.977508008480072,0.9758466482162476,0.9768689870834351,0.9766134023666382,0.9755910634994507,0.9761022329330444,0.9767411947250366,0.9766134023666382,0.9757188558578491,0.9762300252914429,0.9772524237632751,0.9772524237632751,0.9761022329330444,0.9794248938560486,0.022875400260090828,0.9776358008384705,0.9762300252914429,0.9767411947250366,0.978658139705658,0.9762300252914429,0.9753354787826538,0.9767411947250366,0.9787859320640564,0.9771245718002319,0.9773802161216736,0.9750798940658569,0.9778913855552673,1.0,0.5,0.5,0.5,0.5,0.5,0.5,0.5,0.5,0.5,0.5,0.5,0.5,0.5,0.5,0.5,0.5,0.5,0.5,0.5,0.5,0.5,0.5,0.5,0.5,0.5,0.5,0.5,0.5,0.5,0.5,nan,10.923123598098755,0.7528172728809686
19,0.24451325833797455,0.022875400260090828,0.9766134023666382,0.9780191779136658,0.977508008480072,0.9758466482162476,0.9768689870834351,0.9766134023666382,0.9755910634994507,0.9761022329330444,0.9767411947250366,0.9766134023666382,0.9757188558578491,0.9762300252914429,0.9772524237632751,0.9772524237632751,0.9761022329330444,0.9794248938560486,0.022875400260090828,0.9776358008384705,0.9762300252914429,0.9767411947250366,0.978658139705658,0.9762300252914429,0.9753354787826538,0.9767411947250366,0.9787859320640564,0.9771245718002319,0.9773802161216736,0.9750798940658569,0.9778913855552673,1.0,0.5,0.5,0.5,0.5,0.5,0.5,0.5,0.5,0.5,0.5,0.5,0.5,0.5,0.5,0.5,0.5,0.5,0.5,0.5,0.5,0.5,0.5,0.5,0.5,0.5,0.5,0.5,0.5,0.5,0.5,nan,11.359368801116943,0.7528172728809686
20,0.24443915486335754,0.022875400260090828,0.9766134023666382,0.9780191779136658,0.977508008480072,0.9758466482162476,0.9768689870834351,0.9766134023666382,0.9755910634994507,0.9761022329330444,0.9767411947250366,0.9766134023666382,0.9757188558578491,0.9762300252914429,0.9772524237632751,0.9772524237632751,0.9761022329330444,0.9794248938560486,0.022875400260090828,0.9776358008384705,0.9762300252914429,0.9767411947250366,0.978658139705658,0.9762300252914429,0.9753354787826538,0.9767411947250366,0.9787859320640564,0.9771245718002319,0.9773802161216736,0.9750798940658569,0.9778913855552673,1.0,0.5,0.5,0.5,0.5,0.5,0.5,0.5,0.5,0.5,0.5,0.5,0.5,0.5,0.5,0.5,0.5,0.5,0.5,0.5,0.5,0.5,0.5,0.5,0.5,0.5,0.5,0.5,0.5,0.5,0.5,nan,10.891590118408203,0.7528172728809686

