epoch,loss,A13_balanced_accuracy,A14_balanced_accuracy,A15b_balanced_accuracy,A16_balanced_accuracy,A17a_balanced_accuracy,A19a_balanced_accuracy,A1a_balanced_accuracy,A1b_balanced_accuracy,A1c_balanced_accuracy,A32_balanced_accuracy,A33_balanced_accuracy,A34_balanced_accuracy,A4b2_balanced_accuracy,A7a_balanced_accuracy,A9_balanced_accuracy,B1_balanced_accuracy,B2a_balanced_accuracy,B3_balanced_accuracy,C13aa_balanced_accuracy,C13bb_balanced_accuracy,C14_100_balanced_accuracy,C14_120_balanced_accuracy,C14_20_balanced_accuracy,C14_30_balanced_accuracy,C14_50_balanced_accuracy,C14_60_balanced_accuracy,C14_70_balanced_accuracy,C14_80_balanced_accuracy,C17a_balanced_accuracy,C17b_80_balanced_accuracy,C17c_balanced_accuracy,C17d_balanced_accuracy,C1a_balanced_accuracy,C2_balanced_accuracy,C3e3_balanced_accuracy,D1a1_balanced_accuracy,D1a4_balanced_accuracy,D1a5_balanced_accuracy,D1a6_balanced_accuracy,D1a7_balanced_accuracy,D2a1_balanced_accuracy,D2a2_balanced_accuracy,D3_balanced_accuracy,accuracy,balanced_accuracy,balanced_accuracy_SignClass_A,balanced_accuracy_SignClass_B,balanced_accuracy_SignClass_C,balanced_accuracy_SignClass_D,balanced_accuracy_invalid,epoch_elapsed,f1,recall
0,1.2345951795578003,0.5,0.49796396493911743,0.5,0.5,0.5,0.5,0.5,0.5,0.5,0.5063619017601013,0.5,0.5,0.5,0.5,0.5,0.5,0.5,0.5,0.5,0.5,0.5,0.5,0.5,0.5,0.5,0.5,0.5,0.49738866090774536,0.5,0.5,0.5,0.5,0.5,0.5,0.5,0.5,0.5,0.5,0.5,0.5,0.5,0.5,0.5,0.4900735318660736,0.7279871106147766,0.5,0.5,0.49796396493911743,0.5,0.5000840425491333,8.067710876464844,0.13855654001235962,0.4900735318660736
1,1.1382684707641602,0.5,0.5,0.5,0.5,0.5,0.5,0.5,0.5,0.5,0.5091750025749207,0.5,0.5,0.5,0.5,0.5,0.5,0.5,0.5,0.5,0.5,0.5,0.5,0.5,0.5,0.5,0.5,0.5,0.5,0.5,0.5,0.5,0.5,0.5,0.5,0.5,0.5,0.5,0.5,0.5,0.5,0.5,0.5,0.5,0.5040441155433655,0.7798713445663452,0.5,0.5,0.5,0.5,0.5,8.022854804992676,0.13405035436153412,0.5040441155433655

2,1.1398414373397827,0.5,0.5,0.5,0.5,0.5,0.5,0.5,0.5,0.5,0.5018053650856018,0.5,0.5,0.5,0.5,0.5,0.5,0.5,0.5,0.5,0.5,0.5,0.5,0.5,0.5,0.5,0.5,0.5,0.5,0.5,0.5,0.5,0.5,0.5,0.5,0.5,0.5,0.5,0.5,0.5,0.5,0.5,0.5,0.5,0.5012867450714111,0.779181957244873,0.5,0.5,0.5,0.5,0.5,8.029017686843872,0.1335618942975998,0.5012867450714111
3,1.1428381204605103,0.5,0.5,0.5,0.5,0.5,0.5,0.5,0.5,0.5,0.48496773838996887,0.5,0.5,0.5,0.5,0.5,0.5,0.5,0.5,0.5,0.5,0.5,0.5,0.5,0.5,0.5,0.5,0.5,0.5,0.5,0.5,0.5,0.5,0.5,0.5,0.5,0.5,0.5,0.5,0.5,0.5,0.5,0.5,0.5,0.504963219165802,0.7767692804336548,0.5,0.5,0.5,0.5,0.5,7.998414754867554,0.13421277701854706,0.504963219165802
4,1.1465156078338623,0.5,0.5,0.5,0.5,0.5,0.5,0.5,0.5,0.5,0.5025082230567932,0.5,0.5,0.5,0.5,0.5,0.5,0.5,0.5,0.5,0.5,0.5,0.5,0.5,0.5,0.5,0.5,0.5,0.5,0.5,0.5,0.5,0.5,0.5,0.5,0.5,0.5,0.5,0.5,0.5,0.5,0.5,0.5,0.5,0.4994485378265381,0.7771139740943909,0.5,0.5,0.5,0.5,0.5,7.9993226528167725,0.13323526084423065,0.4994485378265381
5,1.1416575908660889,0.5,0.5,0.5,0.5,0.5,0.5,0.5,0.5,0.5,0.47462156414985657,0.5,0.5,0.5,0.5,0.5,0.5,0.5,0.5,0.5,0.5,0.5,0.5,0.5,0.5,0.5,0.5,0.5,0.5,0.5,0.5,0.5,0.5,0.5,0.5,0.5,0.5,0.5,0.5,0.5,0.5,0.5,0.5,0.5,0.4937500059604645,0.7799862027168274,0.5,0.5,0.5,0.5,0.5,7.971617698669434,0.13221757113933563,0.4937500059604645
6,1.146637201309204,0.5,0.5,0.5,0.5,0.5,0.5,0.5,0.5,0.5,0.521575391292572,0.5,0.5,0.5,0.5,0.5,0.5,0.5,0.5,0.5,0.5,0.5,0.5,0.5,0.5,0.5,0.5,0.5,0.5,0.5,0.5,0.5,0.5,0.5,0.5,0.5,0.5,0.5,0.5,0.5,0.5,0.5,0.5,0.5,0.5047793984413147,0.777458667755127,0.5,0.5,0.5,0.5,0.5,8.388622760772705,0.13418030738830566,0.5047793984413147
7,1.1597881317138672,0.5,0.5,0.5,0.5,0.5,0.5,0.5,0.5,0.5,0.4918755292892456,0.5,0.5,0.5,0.5,0.5,0.5,0.5,0.5,0.5,0.5,0.5,0.5,0.5,0.5,0.5,0.5,0.5,0.5,0.5,0.5,0.5,0.5,0.5,0.5,0.5,0.5,0.5,0.5,0.5,0.5,0.5,0.5,0.5,0.4996323585510254,0.7717141509056091,0.5,0.5,0.5,0.5,0.5,8.219265460968018,0.13326796889305115,0.4996323585510254
8,1.1641442775726318,0.5,0.5,0.5,0.5,0.5,0.5,0.5,0.5,0.5,0.4673553705215454,0.5,0.5,0.5,0.5,0.5,0.5,0.5,0.5,0.5,0.5,0.5,0.5,0.5,0.5,0.5,0.5,0.5,0.5,0.5,0.5,0.5,0.5,0.5,0.5,0.5,0.5,0.5,0.5,0.5,0.5,0.5,0.5,0.5,0.48694851994514465,0.7720588445663452,0.5,0.5,0.5,0.5,0.5,8.415314197540283,0.13099271059036255,0.48694851994514465
9,1.1454417705535889,0.5,0.5,0.5,0.5,0.5,0.5,0.5,0.5,0.5,0.5145097970962524,0.5,0.5,0.5,0.5,0.5,0.5,0.5,0.5,0.5,0.5,0.5,0.5,0.5,0.5,0.5,0.5,0.5,0.5,0.5,0.5,0.5,0.5,0.5,0.5,0.5,0.5,0.5,0.5,0.5,0.5,0.5,0.5,0.5,0.5079044103622437,0.775390625,0.5,0.5,0.5,0.5,0.5,8.680102825164795,0.1347312033176422,0.5079044103622437
10,1.1424609422683716,0.5,0.5,0.5,0.5,0.5,0.5,0.5,0.5,0.5,0.4889445900917053,0.5,0.5,0.5,0.5,0.5,0.5,0.5,0.5,0.5,0.5,0.5,0.5,0.5,0.5,0.5,0.5,0.5,0.5,0.5,0.5,0.5,0.5,0.5,0.5,0.5,0.5,0.5,0.5,0.5,0.5,0.5,0.5,0.5,0.5040441155433655,0.7776883840560913,0.5,0.5,0.5,0.5,0.5,8.160677433013916,0.13405035436153412,0.5040441155433655

11,1.1416972875595093,0.5,0.5,0.5,0.5,0.5,0.5,0.5,0.5,0.5,0.5043116807937622,0.5,0.5,0.5,0.5,0.5,0.5,0.5,0.5,0.5,0.5,0.5,0.5,0.5,0.5,0.5,0.5,0.5,0.5,0.5,0.5,0.5,0.5,0.5,0.5,0.5,0.5,0.5,0.5,0.5,0.5,0.5,0.5,0.5,0.5011029243469238,0.7757352590560913,0.5,0.5,0.5,0.5,0.5,8.416633129119873,0.13352927565574646,0.5011029243469238
12,1.1489219665527344,0.5,0.5,0.5,0.5,0.5,0.5,0.5,0.5,0.5,0.5246081352233887,0.5,0.5,0.5,0.5,0.5,0.5,0.5,0.5,0.5,0.5,0.5,0.5,0.5,0.5,0.5,0.5,0.5,0.5,0.5,0.5,0.5,0.5,0.5,0.5,0.5,0.5,0.5,0.5,0.5,0.5,0.5,0.5,0.5,0.4952206015586853,0.7782628536224365,0.5,0.5,0.5,0.5,0.5,8.534260988235474,0.1324809491634369,0.4952206015586853
13,1.1533796787261963,0.5,0.5,0.5,0.5,0.5,0.5,0.5,0.5,0.5,0.4788007140159607,0.5,0.5,0.5,0.5,0.5,0.5,0.5,0.5,0.5,0.5,0.5,0.5,0.5,0.5,0.5,0.5,0.5,0.49983230233192444,0.5,0.5,0.5,0.5,0.5,0.5,0.5,0.5,0.5,0.5,0.5,0.5,0.5,0.5,0.5,0.502573549747467,0.7761948704719543,0.5,0.5,0.5,0.5,0.5,8.248936414718628,0.13379007577896118,0.502573549747467
14,1.157531499862671,0.5,0.5,0.5,0.5,0.5,0.5,0.5,0.5,0.5,0.46251457929611206,0.5,0.5,0.5,0.5,0.5,0.5,0.5,0.5,0.5,0.5,0.5,0.5,0.5,0.5,0.5,0.5,0.5,0.5014570355415344,0.5,0.5,0.5,0.5,0.5,0.5,0.5,0.5,0.5,0.5,0.5,0.5,0.5,0.5,0.5,0.4998161792755127,0.7738970518112183,0.5,0.5,0.5,0.5,0.5,8.701349020004272,0.13330064713954926,0.4998161792755127
15,1.1506794691085815,0.5,0.5,0.5,0.5,0.5,0.5,0.5,0.5,0.5,0.5240746736526489,0.5,0.5,0.5,0.5,0.5,0.5,0.5,0.5,0.5,0.5,0.5,0.5,0.5,0.5,0.5,0.5,0.5,0.5001616477966309,0.5,0.5,0.5,0.5,0.5,0.5,0.5,0.5,0.5,0.5,0.5,0.5,0.5,0.5,0.5,0.507536768913269,0.7758501768112183,0.5,0.5,0.5,0.5,0.5,8.517482280731201,0.13466650247573853,0.507536768913269
16,1.1406632661819458,0.5,0.5,0.5,0.5,0.5,0.5,0.5,0.5,0.5,0.514595091342926,0.5,0.5,0.5,0.5,0.5,0.5,0.5,0.5,0.5,0.5,0.5,0.5,0.5,0.5,0.5,0.5,0.5,0.5023508667945862,0.5,0.5,0.5,0.5,0.5,0.5,0.5,0.5,0.5,0.5,0.5,0.5,0.5,0.5,0.5,0.507536768913269,0.7771139740943909,0.5,0.5,0.5,0.5,0.5,8.736594676971436,0.13466650247573853,0.507536768913269
17,1.1544126272201538,0.5,0.5,0.5,0.5,0.5,0.5,0.5,0.5,0.5,0.48556479811668396,0.5,0.5,0.5,0.5,0.5,0.5,0.5,0.5,0.5,0.5,0.5,0.5,0.5,0.5,0.5,0.5,0.5,0.5004046559333801,0.5,0.5,0.5,0.5,0.5,0.5,0.5,0.5,0.5,0.5,0.5,0.5,0.5,0.5,0.5,0.4893382489681244,0.7757352590560913,0.5,0.5,0.5,0.5,0.5,8.256204605102539,0.13142435252666473,0.4893382489681244
18,1.1467154026031494,0.5,0.5,0.5,0.5,0.5,0.5,0.5,0.5,0.5,0.44322890043258667,0.5,0.5,0.5,0.5,0.5,0.5,0.5,0.5,0.5,0.5,0.5,0.5,0.5,0.5,0.5,0.5,0.5,0.5004026293754578,0.5,0.5,0.5,0.5,0.5,0.5,0.5,0.5,0.5,0.5,0.5,0.5,0.5,0.5,0.5,0.49742648005485535,0.7745864391326904,0.5,0.5,0.5,0.5,0.5,8.208837032318115,0.13287502527236938,0.49742648005485535
19,1.164340615272522,0.5,0.5,0.5,0.5,0.5,0.5,0.5,0.5,0.5,0.4700879156589508,0.5,0.5,0.5,0.5,0.5,0.5,0.5,0.5,0.5,0.5,0.5,0.5,0.5,0.5,0.5,0.5,0.5,0.5,0.5,0.5,0.5,0.5,0.5,0.5,0.5,0.5,0.5,0.5,0.5,0.5,0.5,0.5,0.5,0.48750001192092896,0.7712545990943909,0.5,0.5,0.5,0.5,0.5,8.057556867599487,0.13109244406223297,0.48750001192092896
20,1.13755464553833,0.5,0.5,0.5,0.5,0.5,0.5,0.5,0.5,0.5,0.48880013823509216,0.5,0.5,0.5,0.5,0.5,0.5,0.5,0.5,0.5,0.5,0.5,0.5,0.5,0.5,0.5,0.5,0.5,0.501702606678009,0.5,0.5,0.5,0.5,0.5,0.5,0.5,0.5,0.5,0.5,0.5,0.5,0.5,0.5,0.5,0.5110294222831726,0.779411792755127,0.5,0.5,0.5,0.5,0.5,8.080593347549438,0.1352798044681549,0.5110294222831726

21,1.161656141281128,0.5,0.5,0.5,0.5,0.5,0.5,0.5,0.5,0.5,0.535681962966919,0.5,0.5,0.5,0.5,0.5,0.5,0.5,0.5,0.5,0.5,0.5,0.5,0.5,0.5,0.5,0.5,0.5,0.4985640347003937,0.5,0.5,0.5,0.5,0.5,0.5,0.5,0.5,0.5,0.5,0.5,0.5,0.5,0.5,0.5,0.4998161792755127,0.773322582244873,0.5,0.5,0.5,0.5,0.5,8.015625238418579,0.13330064713954926,0.4998161792755127

