,All Correct,Some Correct,None Correct,No Justifications
C14_20,0,0,0,234
C14_30,0,0,0,234
C14_50,0,0,0,234
C14_60,0,0,0,234
C14_70,0,0,0,234
C14_80,0,0,0,234
C17b_80,0,0,0,234
C14_100,0,0,0,234
C14_120,0,0,0,234
C13aa,0,0,0,234
C13bb,0,0,0,234
A19a,0,0,0,234
B3,225,0,9,0
B1,0,0,0,234
B2a,0,0,0,234
C2,0,0,0,234
C3e3,0,0,0,234
C1a,0,0,0,234
A32,0,0,0,234
A1a,0,0,0,234
A1b,0,0,0,234
A1c,0,0,0,234
A7a,0,0,9,225
A9,0,0,0,234
A4b2,0,0,0,234
A16,0,0,0,233
A17a,0,0,0,234
A33,0,0,0,234
A13,0,0,0,234
A14,0,0,0,234
A34,0,0,0,234
A15b,0,0,0,234
C17a,0,0,0,234
D1a5,0,0,0,234
D1a4,0,0,0,234
D1a1,0,0,0,234
D1a7,0,0,0,234
D1a6,234,0,0,0
D2a2,0,0,0,234
D2a1,184,0,50,0
D3,0,0,234,0
C17c,0,0,0,234
C17d,0,0,0,234
