epoch,loss,balanced_accuracy,balanced_accuracy_ClassId_1,balanced_accuracy_ClassId_10,balanced_accuracy_ClassId_11,balanced_accuracy_ClassId_12,balanced_accuracy_ClassId_13,balanced_accuracy_ClassId_14,balanced_accuracy_ClassId_15,balanced_accuracy_ClassId_16,balanced_accuracy_ClassId_17,balanced_accuracy_ClassId_18,balanced_accuracy_ClassId_2,balanced_accuracy_ClassId_3,balanced_accuracy_ClassId_33,balanced_accuracy_ClassId_34,balanced_accuracy_ClassId_35,balanced_accuracy_ClassId_36,balanced_accuracy_ClassId_37,balanced_accuracy_ClassId_38,balanced_accuracy_ClassId_39,balanced_accuracy_ClassId_4,balanced_accuracy_ClassId_40,balanced_accuracy_ClassId_41,balanced_accuracy_ClassId_42,balanced_accuracy_ClassId_43,balanced_accuracy_ClassId_5,balanced_accuracy_ClassId_6,balanced_accuracy_ClassId_7,balanced_accuracy_ClassId_8,balanced_accuracy_ClassId_9,balanced_accuracy_const_1,elapsed,mean_valid
0,0.20473986864089966,0.48323965072631836,0.5084112286567688,0.5081952214241028,0.5044428110122681,0.5,0.4945882558822632,0.5164059400558472,0.4982130527496338,0.5019684433937073,0.4986804723739624,0.4956080913543701,0.5,0.49681106209754944,0.4956088960170746,0.5,0.5,0.4958246350288391,0.4986734688282013,0.5,0.49390682578086853,0.5,0.4926682114601135,0.5,0.5,0.49339228868484497,0.48323965072631836,0.49572238326072693,0.5,0.5072890520095825,0.5,nan,9.519895792007446,0.971491779656456
1,0.15443485975265503,0.5,0.5,0.5,0.5,0.5,0.5,0.5,0.5,0.5,0.5,0.5,0.5,0.5,0.5,0.5,0.5,0.5,0.5,0.5,0.5,0.5,0.5,0.5,0.5,0.5,0.5,0.5,0.5,0.5,0.5,nan,9.765754699707031,0.9998564113824131
2,0.1321420967578888,0.49934718012809753,0.5,0.5284164547920227,0.5,0.5,0.6988950371742249,0.5491803288459778,0.6637425422668457,0.5,0.5052328705787659,0.7070614099502563,0.5,0.5026881694793701,0.5,0.5,0.5,0.5,0.5,0.5,0.5,0.5,0.5,0.5,0.5,0.5,0.49934718012809753,0.5,0.5,0.5,0.5,nan,9.44386911392212,0.9999337636929351
3,0.11528531461954117,0.4998035728931427,0.5,0.7508816719055176,0.5056818127632141,0.4998035728931427,0.9114059805870056,0.8768528699874878,0.9601435661315918,0.5133035182952881,0.5731291174888611,0.942034125328064,0.5151345729827881,0.49986907839775085,0.5082308053970337,0.5,0.5,0.5,0.5,0.5,0.5026227235794067,0.5,0.5,0.5,0.5103626847267151,0.5244635939598083,0.49980413913726807,0.5,0.6401969194412231,0.5,0.5,nan,9.630082845687866,0.999995309019241
4,0.10332577675580978,0.4998033940792084,0.5026668310165405,0.8296313285827637,0.732496976852417,0.5051600337028503,0.9362678527832031,0.931301474571228,0.9653136134147644,0.5714069604873657,0.7876111268997192,0.9613560438156128,0.5126339793205261,0.5024263858795166,0.588972270488739,0.5,0.534432053565979,0.5,0.505586564540863,0.5056489109992981,0.5106217861175537,0.5,0.5059880018234253,0.5,0.7263414263725281,0.6327182054519653,0.5027509331703186,0.5,0.7771767377853394,0.4998033940792084,0.5,nan,9.493000507354736,0.9999983463957668
5,0.09394598752260208,0.5,0.5350611209869385,0.9029591083526611,0.8944287896156311,0.5131620168685913,0.9278497695922852,0.9423612356185913,0.9704837203025818,0.7172874808311462,0.9001176357269287,0.9584929943084717,0.5076327919960022,0.510294497013092,0.689441978931427,0.52122962474823,0.6239009499549866,0.5834594964981079,0.571906328201294,0.5536321401596069,0.5158672332763672,0.5,0.6097337603569031,0.5130481123924255,0.8529568910598755,0.7402535676956177,0.5028162002563477,0.5,0.8512767553329468,0.5047350525856018,0.5056496858596802,nan,9.541190147399902,0.999998354683288
6,0.0855039432644844,0.5026625394821167,0.6345837712287903,0.9237653017044067,0.920193076133728,0.5890958309173584,0.9360061883926392,0.9420995712280273,0.9757193326950073,0.8788281679153442,0.9444007873535156,0.9642845988273621,0.530531108379364,0.5207199454307556,0.8128413558006287,0.7337973117828369,0.8677401542663574,0.8432199954986572,0.8954055309295654,0.8879832029342651,0.6976811289787292,0.5565147399902344,0.8013505339622498,0.7453482151031494,0.9027037620544434,0.8175691962242126,0.5290759801864624,0.5026625394821167,0.8994301557540894,0.5252478718757629,0.5139281153678894,nan,9.461093425750732,0.999998059013781
7,0.07785480469465256,0.5051942467689514,0.7359383702278137,0.9527696967124939,0.9454997777938843,0.784928560256958,0.9500800371170044,0.9560224413871765,0.9837691783905029,0.9568264484405518,0.9720041155815125,0.9749518632888794,0.629352331161499,0.6379522681236267,0.9149457216262817,0.9284675717353821,0.9166540503501892,0.9250091314315796,0.9518600702285767,0.9680485725402832,0.8109115958213806,0.6987177133560181,0.8791948556900024,0.8703786730766296,0.9553689360618591,0.9362244009971619,0.6642917394638062,0.5051942467689514,0.9484333992004395,0.6215041875839233,0.5681226253509521,nan,9.568860530853271,0.9999990410850452
8,0.07130077481269836,0.5346779823303223,0.828965425491333,0.9707342386245728,0.9540225267410278,0.8665462732315063,0.9638922214508057,0.9642191529273987,0.9971857070922852,0.9781513810157776,0.9833856821060181,0.9862734079360962,0.7270482182502747,0.7530200481414795,0.9405535459518433,0.9403573870658875,0.9406527876853943,0.9280495047569275,0.9406214356422424,0.982595682144165,0.8705095648765564,0.8023282885551453,0.9427220225334167,0.9084057807922363,0.9762253761291504,0.9748167991638184,0.7566859722137451,0.5346779823303223,0.9571040868759155,0.7025725245475769,0.6189042925834656,nan,9.465092658996582,0.999998268395567
9,0.06558164209127426,0.5651426911354065,0.9005270600318909,0.9733798503875732,0.9596389532089233,0.8959741592407227,0.9667854309082031,0.9752789735794067,0.9946988821029663,0.986500084400177,0.9890109896659851,0.9861425161361694,0.8148071765899658,0.7993735074996948,0.9801409244537354,0.9717793464660645,0.9569573998451233,0.9562608003616333,0.9631639719009399,0.9912325143814087,0.9217157363891602,0.8664963841438293,0.9635495543479919,0.9379101991653442,0.9816032648086548,0.9859366416931152,0.832574725151062,0.5651426911354065,0.9829201102256775,0.7695013284683228,0.6768383979797363,nan,9.519932985305786,0.9999993935484475
10,0.06068231537938118,0.6321818232536316,0.9252480864524841,0.9881107807159424,0.9540225267410278,0.9250092506408691,0.9667199850082397,0.9752789735794067,0.9946334362030029,0.9917821884155273,0.9916273951530457,0.9890710115432739,0.8699393272399902,0.8478260040283203,0.9885678887367249,0.982819139957428,0.9728692770004272,0.9623414278030396,0.9547187089920044,0.9883753657341003,0.9539738297462463,0.9023414850234985,0.9756561517715454,0.9459092617034912,0.9816032648086548,0.9834510684013367,0.884105920791626,0.6321818232536316,0.9772050380706787,0.8314329385757446,0.7927067279815674,nan,9.884673595428467,0.9999992199980032

11,0.05637354403734207,0.6936997175216675,0.963826596736908,0.9853997826576233,0.951246976852417,0.9465006589889526,0.9776389598846436,0.9889401793479919,0.9973167181015015,0.9971952438354492,0.9861983060836792,0.9944701194763184,0.9096094369888306,0.8886067867279053,0.9884371161460876,0.9830152988433838,0.9782823324203491,0.9748943448066711,0.9632294178009033,0.9913632273674011,0.9673491716384888,0.9024723768234253,0.9788460731506348,0.9648573994636536,0.9868500828742981,0.9999345541000366,0.9201852083206177,0.6936997175216675,0.9858102798461914,0.8595725297927856,0.8415783047676086,nan,9.409407138824463,0.999999506648737

12,0.05258702486753464,0.7826274037361145,0.9610943794250488,0.98824143409729,0.9741703271865845,0.9650846719741821,0.9750727415084839,0.9972677230834961,0.9971857070922852,0.9945869445800781,0.9916927814483643,0.9944701194763184,0.920201301574707,0.8911640644073486,0.9885025024414062,0.9858242869377136,0.9864345788955688,0.9841458797454834,0.9802507162094116,0.9940896034240723,0.9782328009605408,0.9441390633583069,0.9877628087997437,0.9783636927604675,0.9816687107086182,1.0,0.9385839700698853,0.7826274037361145,0.9887005686759949,0.8877776861190796,0.8650264143943787,nan,9.631785869598389,0.9999989874599079

13,0.04924016073346138,0.830571174621582,0.9724813103675842,0.9852690696716309,0.9657130241394043,0.9783775806427002,0.9860570430755615,0.9972023367881775,1.0,0.9972606897354126,0.9889456033706665,0.9999345541000366,0.9332937002182007,0.9209957718849182,0.9915076494216919,0.997060239315033,0.9863036870956421,0.9748943448066711,0.9802507162094116,0.9999346733093262,0.983609139919281,0.94950270652771,0.9908874034881592,0.9729219079017639,0.9921624660491943,1.0,0.9421834945678711,0.830571174621582,0.9913946390151978,0.9011224508285522,0.9378035068511963,nan,9.452768802642822,0.9999998703246681
14,0.04627051204442978,0.8815045356750488,0.9834756851196289,0.9853344559669495,0.9739742279052734,0.9620462656021118,0.991581916809082,0.9889401793479919,0.9947643876075745,0.9945214986801147,0.9916927814483643,0.9998691082000732,0.9573053121566772,0.9509583711624146,0.9942512512207031,0.9942512512207031,0.9945869445800781,0.9904875159263611,0.9886306524276733,0.9941549897193909,0.9892473220825195,0.9636969566345215,0.9879586696624756,0.9918700456619263,0.9896373152732849,0.9971873164176941,0.9603863954544067,0.8815045356750488,0.9800952672958374,0.9167691469192505,0.9443679451942444,nan,9.587183237075806,0.9999997308993112
15,0.04358555004000664,0.8891650438308716,0.9890710115432739,0.994120717048645,0.9856647253036499,0.9732176065444946,0.9971067309379578,0.9972023367881775,1.0,0.9973261952400208,0.9944400787353516,1.0,0.962895929813385,0.943024754524231,0.9971256256103516,0.9999346137046814,0.9946523904800415,0.9906831979751587,0.9886960387229919,0.9942203760147095,0.9862973690032959,0.966444194316864,0.9969407320022583,0.9892473220825195,0.9921624660491943,1.0,0.9696836471557617,0.8891650438308716,0.9971750974655151,0.9531253576278687,0.9471274614334106,nan,9.623506307601929,0.9999999102997704

16,0.04120545834302902,0.942541241645813,0.9917378425598145,0.9941860437393188,0.988571047782898,0.9810886383056641,0.9944096803665161,0.9972023367881775,0.9999344944953918,0.9973261952400208,0.9944400787353516,0.994535505771637,0.9679626226425171,0.9698410034179688,0.9913768768310547,0.9971910119056702,0.9944560527801514,0.9906179904937744,0.9913585186004639,0.9942203760147095,0.9945582151412964,0.9660516977310181,0.9908874034881592,0.986493706703186,0.9922279715538025,1.0,0.9785239696502686,0.9434147477149963,0.9942848682403564,0.942541241645813,0.9645991325378418,nan,9.522838830947876,0.9999999176122891

17,0.039063069969415665,0.9460772275924683,0.9916070103645325,0.9970930218696594,0.9942528009414673,0.9757320880889893,0.9887540340423584,0.9917378425598145,0.9998689889907837,0.9945869445800781,0.9916273951530457,0.9999345541000366,0.9813169836997986,0.9729219079017639,0.9943820238113403,0.9971910119056702,0.9946523904800415,0.9937888383865356,0.9886960387229919,1.0,0.988985538482666,0.9805729389190674,0.9939466714859009,0.9918045997619629,0.9841284155845642,0.9889456033706665,0.9876253604888916,0.9460772275924683,0.9971097707748413,0.9661424160003662,0.9824628829956055,nan,9.505538702011108,0.9999999502748727
18,0.03718721494078636,0.9317184090614319,0.9890056252479553,0.9911484122276306,0.9941220879554749,0.9755356907844543,0.9859915971755981,1.0,0.9893323183059692,0.9999345541000366,0.9917582273483276,0.9972023367881775,0.9785544872283936,0.9779055118560791,0.9914422631263733,0.985758900642395,0.9917821884155273,0.9780651330947876,0.99129319190979,0.9941549897193909,0.9835436940193176,0.9831893444061279,0.9969407320022583,0.9891164302825928,0.9868500828742981,0.9913656711578369,0.9846786260604858,0.9317184090614319,0.9970443844795227,0.9637749195098877,0.9707062244415283,nan,9.51850962638855,0.9999985038586698

19,0.03541798144578934,0.9713476896286011,0.9999345541000366,0.98824143409729,0.9912811517715454,0.9865105748176575,0.9916473031044006,0.9999345541000366,1.0,0.9973261952400208,0.9970564842224121,1.0,0.9892772436141968,0.9834127426147461,1.0,1.0,0.9946523904800415,0.9968944191932678,0.9971413612365723,0.9971428513526917,0.994492769241333,0.9888801574707031,1.0,0.9972463846206665,0.9893752336502075,0.9944400787353516,0.9908332824707031,0.9713476896286011,0.9971750974655151,0.9740968942642212,0.9793113470077515,nan,9.637510776519775,0.9999999063997603
20,0.03382541611790657,0.9764865636825562,0.9917378425598145,0.9970930218696594,0.9943181872367859,0.9890251159667969,0.9832291603088379,0.9918032884597778,1.0,0.9971952438354492,0.9916927814483643,0.9971368908882141,0.9894081950187683,0.994492769241333,0.9943166375160217,0.9886986613273621,0.9891084432601929,0.9903570413589478,0.9971413612365723,0.9854528903961182,0.9946236610412598,0.9888801574707031,0.993881344795227,0.994492769241333,0.9948186874389648,0.9971873164176941,0.9876906871795654,0.9772613048553467,0.9971097707748413,0.9842877388000488,0.9764865636825562,nan,9.49210810661316,0.9999998327870719

