,CircularShape,DiamondShape,TriangularShape,OctagonalShape,RedGround,WhiteGround,YellowGround,BlueGround,Border,BlackBorder,RedBorder,WhiteBorder,Bar,BlackBar,WhiteBar,Symbol,BlackSymbol,WhiteSymbol,SymbolStop,SymbolNoEntryGoods,SymbolOvertaking,SymbolOvertakingGoods,SymbolSpeed20,SymbolSpeed30,SymbolSpeed50,SymbolSpeed60,SymbolSpeed70,SymbolSpeed80,SymbolSpeed100,SymbolSpeed120,SymbolD1a1,SymbolD1a4,SymbolD1a5,SymbolD1a6,SymbolD1a7,SymbolD2a1,SymbolD2a2,SymbolD3,SymbolSingleLeftBend,SymbolSingleRightBend,SymbolTwoOrMoreLeftBend,SymbolRightNarrow,SymbolRoadDeformities,SymbolSlipperyRoad,SymbolChildren,SymbolCyclists,SymbolWildAnimals,SymbolRoadWorks,SymbolVerticalLightSignals,SymbolIntersectionPriority,SymbolDanger,SymbolPedestrians,SymbolIceSnow,C14_20,C14_30,C14_50,C14_60,C14_70,C14_80,C17b_80,C14_100,C14_120,C13aa,C13bb,A19a,B3,B1,B2a,C2,C3e3,C1a,A32,A1a,A1b,A1c,A7a,A9,A4b2,A16,A17a,A33,A13,A14,A34,A15b,C17a,D1a5,D1a4,D1a1,D1a7,D1a6,D2a2,D2a1,D3,C17c,C17d
N[0](CircularShape),0.5224857330322266,0.714503824710846,0.4348061680793762,0.7122725248336792,0.4636300206184387,0.4655326008796692,0.6118358373641968,0.5325649976730347,0.5566718578338623,0.5107976198196411,0.534374475479126,0.7144383192062378,0.33758246898651123,0.33588707447052,0.3820229172706604,0.3792310953140259,0.4351879358291626,0.5558583736419678,0.7143511176109314,0.7136774063110352,0.4929649829864502,0.19884607195854187,0.2026449590921402,0.7141550779342651,0.713894248008728,0.714024543762207,0.7119274139404297,0.4416930079460144,0.7111700177192688,0.2046281397342682,0.20255418121814728,0.20255418121814728,0.7144601345062256,0.7144601345062256,0.20255418121814728,0.7122725248336792,0.7144601345062256,0.7144601345062256,0.20255418121814728,0.20255418121814728,0.7144601345062256,0.20255418121814728,0.20255418121814728,0.7144601345062256,0.7144601345062256,0.20255418121814728,0.7144601345062256,0.712241530418396,0.20255418121814728,0.7144601345062256,0.7144601345062256,0.20255418121814728,0.20255418121814728,0.20255418121814728,0.7144601345062256,0.7144601345062256,0.7144601345062256,0.7144601345062256,0.7144601345062256,0.20255418121814728,0.7122725248336792,0.20255418121814728,0.7144601345062256,0.20255418121814728,0.7144601345062256,0.7144601345062256,0.7144601345062256,0.7144601345062256,0.7144601345062256,0.7144601345062256,0.20255418121814728,0.7144601345062256,0.20255418121814728,0.20255418121814728,0.7144601345062256,0.20255418121814728,0.7144601345062256,0.20255418121814728,0.712241530418396,0.20255418121814728,0.20255418121814728,0.7144601345062256,0.20255418121814728,0.20255418121814728,0.7144601345062256,0.7144601345062256,0.7144601345062256,0.20255418121814728,0.20255418121814728,0.20255418121814728,0.7144601345062256,0.7144601345062256,0.7122725248336792,0.7144601345062256,0.20255418121814728,0.20255418121814728
N[1](DiamondShape),0.6577543020248413,0.26208651065826416,0.3864407539367676,0.26432257890701294,0.5088776350021362,0.44869372248649597,0.34752756357192993,0.5462692975997925,0.37769362330436707,0.5139089822769165,0.3982195258140564,0.262159138917923,0.6801942586898804,0.6475272178649902,0.7217795848846436,0.6470730900764465,0.5494966506958008,0.5550615787506104,0.2622559070587158,0.7678887844085693,0.4833188056945801,0.7774572372436523,0.7739572525024414,0.26247331500053406,0.2627626061439514,0.2626180648803711,0.7737345099449158,0.5344876050949097,0.7730960249900818,0.7721301317214966,0.774040937423706,0.26213493943214417,0.774040937423706,0.774040937423706,0.774040937423706,0.774040937423706,0.26213493943214417,0.26213493943214417,0.774040937423706,0.774040937423706,0.26213493943214417,0.26213493943214417,0.774040937423706,0.26213493943214417,0.26213493943214417,0.26213493943214417,0.26213493943214417,0.7740130424499512,0.26213493943214417,0.26213493943214417,0.26213493943214417,0.26213493943214417,0.7696655988693237,0.774040937423706,0.26213493943214417,0.26213493943214417,0.26213493943214417,0.774040937423706,0.26213493943214417,0.774040937423706,0.774040937423706,0.774040937423706,0.26213493943214417,0.774040937423706,0.26213493943214417,0.26213493943214417,0.26213493943214417,0.26213493943214417,0.26213493943214417,0.7696655988693237,0.774040937423706,0.26213493943214417,0.774040937423706,0.774040937423706,0.26213493943214417,0.774040937423706,0.26213493943214417,0.26213493943214417,0.7740130424499512,0.26213493943214417,0.26213493943214417,0.26213493943214417,0.26213493943214417,0.7696655988693237,0.26213493943214417,0.26213493943214417,0.774040937423706,0.26213493943214417,0.774040937423706,0.774040937423706,0.774040937423706,0.26213493943214417,0.774040937423706,0.26213493943214417,0.774040937423706,0.774040937423706
N[2](TriangularShape),0.4257851839065552,0.7717236280441284,0.5357989072799683,0.7716497182846069,0.5278496742248535,0.4486924409866333,0.6784542202949524,0.5323243141174316,0.5801875591278076,0.53168123960495,0.5436495542526245,0.7716127634048462,0.24586202204227448,0.25315389037132263,0.2659534215927124,0.5423259735107422,0.5003984570503235,0.5580908060073853,0.773698091506958,0.2628003656864166,0.5531319975852966,0.25896352529525757,0.773753821849823,0.26227009296417236,0.773114800453186,0.7732812166213989,0.2621976137161255,0.5021217465400696,0.2627522647380829,0.771928071975708,0.2619314193725586,0.7738373875617981,0.7738373875617981,0.7738373875617981,0.7738373875617981,0.2619314193725586,0.2619314193725586,0.2619314193725586,0.7738373875617981,0.2619314193725586,0.7738373875617981,0.7738373875617981,0.7738373875617981,0.2619314193725586,0.2619314193725586,0.7738373875617981,0.2619314193725586,0.2619556486606598,0.2619314193725586,0.2619314193725586,0.7738373875617981,0.7738373875617981,0.2619314193725586,0.7738373875617981,0.2619314193725586,0.7716497182846069,0.7738373875617981,0.2619314193725586,0.7738373875617981,0.2619314193725586,0.2619314193725586,0.7738373875617981,0.7738373875617981,0.2619314193725586,0.2619314193725586,0.7738373875617981,0.7738373875617981,0.7738373875617981,0.2619314193725586,0.2619314193725586,0.2619314193725586,0.7738373875617981,0.7738373875617981,0.2619314193725586,0.7738373875617981,0.7738373875617981,0.2619314193725586,0.7738373875617981,0.2619556486606598,0.2619314193725586,0.7738373875617981,0.2619314193725586,0.7738373875617981,0.2619314193725586,0.2619314193725586,0.2619314193725586,0.7738373875617981,0.7738373875617981,0.2619314193725586,0.7738373875617981,0.7738373875617981,0.2619314193725586,0.2619314193725586,0.2619314193725586,0.2619314193725586,0.2619314193725586
N[3](OctagonalShape),0.6310625076293945,0.2499745488166809,0.41895025968551636,0.2500254511833191,0.24477921426296234,0.5851641893386841,0.3421611487865448,0.4746704697608948,0.4398297071456909,0.49581098556518555,0.4612221121788025,0.2500508725643158,0.6652312874794006,0.7639289498329163,0.3699444532394409,0.5515331029891968,0.5678068399429321,0.4714580476284027,0.2501525580883026,0.7609753608703613,0.7654155492782593,0.7651968002319336,0.7618514895439148,0.7615587711334229,0.25068506598472595,0.25053316354751587,0.759345531463623,0.5221636295318604,0.25088733434677124,0.7601051330566406,0.7619314193725586,0.2500254511833191,0.7619314193725586,0.2500254511833191,0.2500254511833191,0.7619314193725586,0.2500254511833191,0.7619314193725586,0.7619314193725586,0.7619314193725586,0.2500254511833191,0.2500254511833191,0.2500254511833191,0.7619314193725586,0.7619314193725586,0.2500254511833191,0.2500254511833191,0.761904776096344,0.2500254511833191,0.2500254511833191,0.2500254511833191,0.2500254511833191,0.2500254511833191,0.7619314193725586,0.7619314193725586,0.2500254511833191,0.2500254511833191,0.7619314193725586,0.2500254511833191,0.7619314193725586,0.2500254511833191,0.7619314193725586,0.7619314193725586,0.7619314193725586,0.2500254511833191,0.2500254511833191,0.7619314193725586,0.2500254511833191,0.2500254511833191,0.7619314193725586,0.2500254511833191,0.2500254511833191,0.7619314193725586,0.7619314193725586,0.2500254511833191,0.2500254511833191,0.7619314193725586,0.2500254511833191,0.761904776096344,0.2500254511833191,0.2500254511833191,0.7619314193725586,0.2500254511833191,0.2500254511833191,0.2500254511833191,0.7619314193725586,0.7619314193725586,0.2500254511833191,0.7619314193725586,0.2500254511833191,0.2500254511833191,0.2500254511833191,0.7619314193725586,0.7619314193725586,0.7619314193725586,0.7619314193725586
N[4](RedGround),0.5479589700698853,0.21738582849502563,0.44875991344451904,0.7271802425384521,0.7283518314361572,0.32826825976371765,0.3105815351009369,0.6141690015792847,0.3393826186656952,0.5032694339752197,0.3714960217475891,0.2175000011920929,0.549214243888855,0.4847538471221924,0.7287455797195435,0.5829935073852539,0.36656343936920166,0.7019656896591187,0.7270646691322327,0.21631349623203278,0.4358347952365875,0.7300123572349548,0.21536113321781158,0.21567930281162262,0.21602557599544525,0.2158525437116623,0.7269262075424194,0.2102319747209549,0.726396918296814,0.7255961894989014,0.7271802425384521,0.7271802425384521,0.21527424454689026,0.7271802425384521,0.7271802425384521,0.7271802425384521,0.7271802425384521,0.6921781301498413,0.21527424454689026,0.7271802425384521,0.7271802425384521,0.7271802425384521,0.21527424454689026,0.21527424454689026,0.7271802425384521,0.21527424454689026,0.7271802425384521,0.7271571159362793,0.7271802425384521,0.21527424454689026,0.21527424454689026,0.21527424454689026,0.7271802425384521,0.21527424454689026,0.21527424454689026,0.21527424454689026,0.21527424454689026,0.7271802425384521,0.21527424454689026,0.21527424454689026,0.7271802425384521,0.7271802425384521,0.21527424454689026,0.7271802425384521,0.21527424454689026,0.21527424454689026,0.21527424454689026,0.7271802425384521,0.7271802425384521,0.21527424454689026,0.7271802425384521,0.21527424454689026,0.21527424454689026,0.7271802425384521,0.7271802425384521,0.21527424454689026,0.21527424454689026,0.7271802425384521,0.7271571159362793,0.7271802425384521,0.21527424454689026,0.7271802425384521,0.21527424454689026,0.7271802425384521,0.7271802425384521,0.21527424454689026,0.21527424454689026,0.7271802425384521,0.7271802425384521,0.7271802425384521,0.7271802425384521,0.7271802425384521,0.7271802425384521,0.6921781301498413,0.7271802425384521,0.7206172943115234
N[5](WhiteGround),0.4105699062347412,0.7258015275001526,0.5446035861968994,0.7235679030418396,0.4787587523460388,0.5088157057762146,0.6402785778045654,0.4949832558631897,0.5908729434013367,0.4919915199279785,0.5720137357711792,0.7257325649261475,0.30779290199279785,0.33932802081108093,0.2716822028160095,0.3657921552658081,0.41831350326538086,0.49944692850112915,0.7256407737731934,0.7249315977096558,0.5044106245040894,0.21028229594230652,0.2139369249343872,0.2142566740512848,0.7251598834991455,0.7252970337867737,0.7232102155685425,0.4531884491443634,0.23269115388393402,0.2158447802066803,0.21384960412979126,0.7257555723190308,0.21384960412979126,0.7257555723190308,0.21384960412979126,0.21384960412979126,0.7257555723190308,0.7257555723190308,0.21384960412979126,0.21384960412979126,0.7257555723190308,0.7257555723190308,0.7257555723190308,0.21384960412979126,0.21384960412979126,0.7257555723190308,0.7235679030418396,0.21387872099876404,0.7235679030418396,0.7257555723190308,0.7257555723190308,0.7257555723190308,0.21384960412979126,0.21384960412979126,0.21384960412979126,0.7257555723190308,0.7257555723190308,0.7257555723190308,0.7257555723190308,0.21384960412979126,0.23572592437267303,0.21384960412979126,0.7257555723190308,0.21384960412979126,0.7257555723190308,0.7257555723190308,0.7257555723190308,0.7257555723190308,0.7257555723190308,0.7257555723190308,0.21384960412979126,0.7257555723190308,0.21384960412979126,0.21384960412979126,0.7257555723190308,0.7257555723190308,0.21384960412979126,0.7257555723190308,0.21387872099876404,0.7235679030418396,0.7257555723190308,0.21384960412979126,0.7257555723190308,0.21384960412979126,0.7235679030418396,0.7257555723190308,0.21384960412979126,0.7257555723190308,0.21384960412979126,0.21384960412979126,0.7257555723190308,0.7257555723190308,0.21384960412979126,0.7257555723190308,0.21384960412979126,0.21384960412979126
N[6](YellowGround),0.5661245584487915,0.20445960760116577,0.4388847053050995,0.7142566442489624,0.7151570320129395,0.40064796805381775,0.3043953776359558,0.5551849007606506,0.35704514384269714,0.530415952205658,0.37584951519966125,0.2045777440071106,0.5868555307388306,0.5853878855705261,0.5938662886619568,0.712029218673706,0.4866507053375244,0.6203370690345764,0.714147686958313,0.20343708992004395,0.42273932695388794,0.7169276475906372,0.7141912579536438,0.20277410745620728,0.20559068024158478,0.7114342451095581,0.7140170931816101,0.4736446142196655,0.7135179042816162,0.712762713432312,0.7142566442489624,0.7120689749717712,0.7142566442489624,0.7142566442489624,0.7142566442489624,0.2023506611585617,0.7142566442489624,0.2023506611585617,0.7142566442489624,0.7142566442489624,0.2023506611585617,0.7142566442489624,0.7142566442489624,0.2023506611585617,0.2023506611585617,0.2023506611585617,0.7142566442489624,0.7142348289489746,0.7142566442489624,0.2023506611585617,0.2023506611585617,0.2023506611585617,0.7142566442489624,0.7142566442489624,0.2023506611585617,0.2023506611585617,0.7142566442489624,0.7142566442489624,0.20672592520713806,0.7142566442489624,0.7142566442489624,0.7142566442489624,0.2023506611585617,0.7142566442489624,0.2023506611585617,0.2023506611585617,0.2023506611585617,0.7142566442489624,0.2023506611585617,0.2023506611585617,0.7142566442489624,0.2023506611585617,0.7142566442489624,0.7142566442489624,0.2023506611585617,0.7142566442489624,0.2023506611585617,0.7142566442489624,0.7142348289489746,0.7142566442489624,0.2023506611585617,0.2023506611585617,0.2023506611585617,0.7142566442489624,0.7142566442489624,0.2023506611585617,0.7142566442489624,0.7120689749717712,0.7142566442489624,0.7142566442489624,0.7142566442489624,0.7142566442489624,0.2023506611585617,0.2023506611585617,0.7142566442489624,0.7142566442489624
N[7](BlueGround),0.6837021112442017,0.19321279227733612,0.37654656171798706,0.1911061406135559,0.1846233755350113,0.5423758029937744,0.27941757440567017,0.5394326448440552,0.47955694794654846,0.525280237197876,0.4851876199245453,0.19333435595035553,0.5024874806404114,0.5720794200897217,0.31597864627838135,0.7298267483711243,0.6055470108985901,0.538102924823761,0.19126322865486145,0.7022711038589478,0.7057124972343445,0.7055429816246033,0.702950119972229,0.7027232646942139,0.19683043658733368,0.7025997638702393,0.7004921436309814,0.7066072821617126,0.7023121118545532,0.7015966176986694,0.7030121088027954,0.1911061406135559,0.7030121088027954,0.7030121088027954,0.7030121088027954,0.7030121088027954,0.1911061406135559,0.7030121088027954,0.7030121088027954,0.7030121088027954,0.1911061406135559,0.1911061406135559,0.7030121088027954,0.1911061406135559,0.6767605543136597,0.1911061406135559,0.1911061406135559,0.7029914855957031,0.1911061406135559,0.1911061406135559,0.7030121088027954,0.1911061406135559,0.1911061406135559,0.7030121088027954,0.7030121088027954,0.1911061406135559,0.7030121088027954,0.7030121088027954,0.7030121088027954,0.7030121088027954,0.7030121088027954,0.7030121088027954,0.7030121088027954,0.7030121088027954,0.1911061406135559,0.1911061406135559,0.7030121088027954,0.1911061406135559,0.1911061406135559,0.7030121088027954,0.1911061406135559,0.7030121088027954,0.7030121088027954,0.7030121088027954,0.1911061406135559,0.7030121088027954,0.1911061406135559,0.1911061406135559,0.7029914855957031,0.1911061406135559,0.1911061406135559,0.6767605543136597,0.1911061406135559,0.1911061406135559,0.1911061406135559,0.1911061406135559,0.7030121088027954,0.1911061406135559,0.7030121088027954,0.7030121088027954,0.7030121088027954,0.1911061406135559,0.7030121088027954,0.7030121088027954,0.7030121088027954,0.7030121088027954
N[8](Border),0.5933796763420105,0.19112628698349,0.41410624980926514,0.7009260058403015,0.7015466690063477,0.35868147015571594,0.22099044919013977,0.6103613972663879,0.4168284833431244,0.4754221439361572,0.45246392488479614,0.19124847650527954,0.43817323446273804,0.34379756450653076,0.7035776972770691,0.6129307746887207,0.45343077182769775,0.6751232743263245,0.7008238434791565,0.1978829801082611,0.4949694275856018,0.18660318851470947,0.18911495804786682,0.7006402015686035,0.6979411840438843,0.192038893699646,0.7007013559341431,0.704484224319458,0.7002332210540771,0.6995250582695007,0.7009260058403015,0.1890200525522232,0.7009260058403015,0.7009260058403015,0.7009260058403015,0.7009260058403015,0.7009260058403015,0.7009260058403015,0.1890200525522232,0.7009260058403015,0.7009260058403015,0.6943631172180176,0.1890200525522232,0.1890200525522232,0.7009260058403015,0.1890200525522232,0.7009260058403015,0.7009055614471436,0.1912076771259308,0.7009260058403015,0.1890200525522232,0.1890200525522232,0.7009260058403015,0.1890200525522232,0.7009260058403015,0.7009260058403015,0.1890200525522232,0.7009260058403015,0.7009260058403015,0.7009260058403015,0.7009260058403015,0.7009260058403015,0.7009260058403015,0.19339531660079956,0.7009260058403015,0.1890200525522232,0.1890200525522232,0.7009260058403015,0.7009260058403015,0.19777058064937592,0.7009260058403015,0.1890200525522232,0.1890200525522232,0.7009260058403015,0.7009260058403015,0.1890200525522232,0.1890200525522232,0.6943631172180176,0.7009055614471436,0.1912076771259308,0.1890200525522232,0.7009260058403015,0.1890200525522232,0.7009260058403015,0.7009260058403015,0.1890200525522232,0.7009260058403015,0.1890200525522232,0.7009260058403015,0.7009260058403015,0.7009260058403015,0.7009260058403015,0.7009260058403015,0.7009260058403015,0.24371084570884705,0.1890200525522232
N[9](BlackBorder),0.5557699203491211,0.695063591003418,0.4133087396621704,0.6928362846374512,0.4437859058380127,0.368482768535614,0.6025053262710571,0.6092219948768616,0.5280100107192993,0.5283852815628052,0.502525806427002,0.6950041055679321,0.1849435269832611,0.1957164853811264,0.24054497480392456,0.6145350933074951,0.45807626843452454,0.6699029207229614,0.6949247121810913,0.6943120956420898,0.4732701778411865,0.17916752398014069,0.6949644088745117,0.46239298582077026,0.6945092678070068,0.6946278214454651,0.6925128698348999,0.4219125509262085,0.6943514943122864,0.6936640739440918,0.6950238943099976,0.6884610056877136,0.6950238943099976,0.6950238943099976,0.6950238943099976,0.18311794102191925,0.6950238943099976,0.6950238943099976,0.18311794102191925,0.18311794102191925,0.6950238943099976,0.6950238943099976,0.6950238943099976,0.18311794102191925,0.18311794102191925,0.6797105073928833,0.6906486749649048,0.6950041055679321,0.18311794102191925,0.18530556559562683,0.6950238943099976,0.18311794102191925,0.18311794102191925,0.6950238943099976,0.4609472453594208,0.6950238943099976,0.6950238943099976,0.6950238943099976,0.6950238943099976,0.18311794102191925,0.6950238943099976,0.6950238943099976,0.6950238943099976,0.18311794102191925,0.18530556559562683,0.6950238943099976,0.6950238943099976,0.6950238943099976,0.18311794102191925,0.6950238943099976,0.18311794102191925,0.6950238943099976,0.18311794102191925,0.18311794102191925,0.6950238943099976,0.6950238943099976,0.18311794102191925,0.6950238943099976,0.6950041055679321,0.18311794102191925,0.18311794102191925,0.18311794102191925,0.6797105073928833,0.18311794102191925,0.6906486749649048,0.246559277176857,0.6950238943099976,0.6884610056877136,0.6950238943099976,0.6950238943099976,0.6950238943099976,0.6950238943099976,0.18311794102191925,0.6950238943099976,0.18311794102191925,0.18311794102191925
N[10](RedBorder),0.49538499116897583,0.7559983730316162,0.5120364427566528,0.24620942771434784,0.24447932839393616,0.6518181562423706,0.7001737356185913,0.3860297203063965,0.5995901823043823,0.505407452583313,0.5724595785140991,0.7558923363685608,0.5660864114761353,0.6318938732147217,0.36607807874679565,0.44635552167892456,0.625325083732605,0.3298138976097107,0.24633848667144775,0.7571732997894287,0.537200927734375,0.48101985454559326,0.7580366134643555,0.7577481865882874,0.75497967004776,0.7552039623260498,0.24649319052696228,0.5967473983764648,0.24708446860313416,0.7470731735229492,0.24620942771434784,0.24620942771434784,0.7581154108047485,0.24620942771434784,0.24620942771434784,0.7581154108047485,0.24620942771434784,0.24620942771434784,0.7581154108047485,0.24620942771434784,0.24620942771434784,0.24620942771434784,0.7581154108047485,0.7581154108047485,0.24620942771434784,0.7581154108047485,0.24620942771434784,0.7580891251564026,0.24620942771434784,0.24620942771434784,0.7581154108047485,0.7581154108047485,0.24620942771434784,0.7581154108047485,0.7581154108047485,0.7581154108047485,0.7581154108047485,0.24620942771434784,0.423407644033432,0.7581154108047485,0.24620942771434784,0.7449896335601807,0.7581154108047485,0.24620942771434784,0.24620942771434784,0.7581154108047485,0.7581154108047485,0.24620942771434784,0.24620942771434784,0.7581154108047485,0.24620942771434784,0.7581154108047485,0.7581154108047485,0.24620942771434784,0.24620942771434784,0.7581154108047485,0.7581154108047485,0.24620942771434784,0.7580891251564026,0.24620942771434784,0.7581154108047485,0.24620942771434784,0.7581154108047485,0.24620942771434784,0.24620942771434784,0.7581154108047485,0.7581154108047485,0.24620942771434784,0.24620942771434784,0.24620942771434784,0.24620942771434784,0.24620942771434784,0.7581154108047485,0.24620942771434784,0.24620942771434784,0.7581154108047485
N[11](WhiteBorder),0.4735117554664612,0.2576081454753876,0.5132743716239929,0.7695634365081787,0.7716245651245117,0.42925339937210083,0.3600875735282898,0.5270000100135803,0.4172208309173584,0.5140002965927124,0.43330249190330505,0.2576821446418762,0.537312388420105,0.5087102055549622,0.6155165433883667,0.5367388129234314,0.43674203753471375,0.5727844834327698,0.7694263458251953,0.2585420310497284,0.4787818193435669,0.7729239463806152,0.25773143768310547,0.25800222158432007,0.2582969665527344,0.2629241347312927,0.2602214217185974,0.25336578488349915,0.768634021282196,0.7676839232444763,0.7695634365081787,0.7695634365081787,0.2576574683189392,0.7695634365081787,0.7695634365081787,0.2576574683189392,0.4326680898666382,0.2576574683189392,0.7695634365081787,0.7695634365081787,0.259845107793808,0.7695634365081787,0.7695634365081787,0.2576574683189392,0.2576574683189392,0.7695634365081787,0.7695634365081787,0.2576821446418762,0.7695634365081787,0.2576574683189392,0.2576574683189392,0.2576574683189392,0.7695634365081787,0.2576574683189392,0.2576574683189392,0.2576574683189392,0.26203274726867676,0.2576574683189392,0.2576574683189392,0.2576574683189392,0.7695634365081787,0.7695634365081787,0.2576574683189392,0.7695634365081787,0.2576574683189392,0.2576574683189392,0.2576574683189392,0.7695634365081787,0.7695634365081787,0.2576574683189392,0.7695634365081787,0.2576574683189392,0.7695634365081787,0.7695634365081787,0.259845107793808,0.7695634365081787,0.2576574683189392,0.7695634365081787,0.2576821446418762,0.7695634365081787,0.2576574683189392,0.2576574683189392,0.7695634365081787,0.7695634365081787,0.7695634365081787,0.2576574683189392,0.2576574683189392,0.7695634365081787,0.7695634365081787,0.7695634365081787,0.7695634365081787,0.4326680898666382,0.2576574683189392,0.2576574683189392,0.7695634365081787,0.7695634365081787
N[12](Bar),0.46978628635406494,0.7716727256774902,0.4841468334197998,0.7737865447998047,0.7783337235450745,0.3261716067790985,0.756918728351593,0.5801340937614441,0.3771464228630066,0.48593518137931824,0.3854517936706543,0.771561861038208,0.5399823188781738,0.5094355344772339,0.5983037948608398,0.42809054255485535,0.39793747663497925,0.6278295516967773,0.7736473083496094,0.26274967193603516,0.4830610156059265,0.49688637256622314,0.7737029790878296,0.26221928000450134,0.2649634778499603,0.7708432078361511,0.2621467709541321,0.25766363739967346,0.26270154118537903,0.7718775272369385,0.7737865447998047,0.7737865447998047,0.7737865447998047,0.7737865447998047,0.7737865447998047,0.2618805468082428,0.2618805468082428,0.2618805468082428,0.7737865447998047,0.2618805468082428,0.2640681862831116,0.7737865447998047,0.7737865447998047,0.2618805468082428,0.2618805468082428,0.7737865447998047,0.2618805468082428,0.261904776096344,0.2618805468082428,0.2618805468082428,0.7737865447998047,0.7737865447998047,0.2618805468082428,0.7737865447998047,0.2618805468082428,0.2618805468082428,0.7737865447998047,0.2618805468082428,0.2618805468082428,0.2618805468082428,0.2618805468082428,0.7737865447998047,0.2618805468082428,0.2618805468082428,0.2618805468082428,0.7737865447998047,0.7737865447998047,0.7737865447998047,0.2618805468082428,0.2618805468082428,0.7715988159179688,0.7737865447998047,0.7737865447998047,0.2618805468082428,0.2640681862831116,0.7737865447998047,0.2618805468082428,0.7737865447998047,0.261904776096344,0.2618805468082428,0.7737865447998047,0.2618805468082428,0.7737865447998047,0.2618805468082428,0.2618805468082428,0.2618805468082428,0.7737865447998047,0.7737865447998047,0.7737865447998047,0.7737865447998047,0.7737865447998047,0.2618805468082428,0.2618805468082428,0.2618805468082428,0.7737865447998047,0.7737865447998047
N[13](BlackBar),0.5713639855384827,0.7146055698394775,0.39492714405059814,0.7123742699623108,0.4673301577568054,0.40370792150497437,0.6273000240325928,0.5750501751899719,0.5065457820892334,0.518756628036499,0.486905574798584,0.7145401239395142,0.2959732413291931,0.32993364334106445,0.2603408098220825,0.49390092492103577,0.4361337423324585,0.6231014728546143,0.7144528031349182,0.7137787342071533,0.4930680990219116,0.19894909858703613,0.7144964337348938,0.203078955411911,0.7139957547187805,0.7141261100769043,0.7120290398597717,0.44179654121398926,0.7138221263885498,0.7130658626556396,0.20703120529651642,0.714561939239502,0.714561939239502,0.714561939239502,0.7014361619949341,0.20265594124794006,0.714561939239502,0.714561939239502,0.20265594124794006,0.20265594124794006,0.714561939239502,0.714561939239502,0.714561939239502,0.20265594124794006,0.20265594124794006,0.714561939239502,0.20265594124794006,0.20268620550632477,0.20265594124794006,0.20265594124794006,0.714561939239502,0.714561939239502,0.20265594124794006,0.714561939239502,0.20265594124794006,0.714561939239502,0.714561939239502,0.714561939239502,0.714561939239502,0.20265594124794006,0.7123742699623108,0.7123742699623108,0.714561939239502,0.20265594124794006,0.20265594124794006,0.714561939239502,0.714561939239502,0.714561939239502,0.20265594124794006,0.714561939239502,0.20265594124794006,0.714561939239502,0.20265594124794006,0.20265594124794006,0.714561939239502,0.714561939239502,0.20265594124794006,0.714561939239502,0.20268620550632477,0.20265594124794006,0.714561939239502,0.20265594124794006,0.714561939239502,0.20265594124794006,0.20265594124794006,0.714561939239502,0.714561939239502,0.714561939239502,0.20703120529651642,0.7014361619949341,0.714561939239502,0.714561939239502,0.20265594124794006,0.714561939239502,0.20265594124794006,0.20265594124794006
N[14](WhiteBar),0.7377848029136658,0.21652068197727203,0.3199231028556824,0.21440927684307098,0.20841558277606964,0.5727054476737976,0.30800366401672363,0.5043957829475403,0.44355231523513794,0.5036908984184265,0.46181005239486694,0.21663513779640198,0.6274699568748474,0.7263702750205994,0.33958929777145386,0.5908148288726807,0.5709536075592041,0.4971569776535034,0.21455451846122742,0.7254891991615295,0.7278966903686523,0.72913658618927,0.726246178150177,0.725993275642395,0.7232634425163269,0.7258555889129639,0.7237692475318909,0.7303231358528137,0.2179446816444397,0.724737286567688,0.7263152599334717,0.21440927684307098,0.7263152599334717,0.7263152599334717,0.21440927684307098,0.7263152599334717,0.21440927684307098,0.7263152599334717,0.21440927684307098,0.7263152599334717,0.21440927684307098,0.21440927684307098,0.21440927684307098,0.21440927684307098,0.7263152599334717,0.21440927684307098,0.21440927684307098,0.7262922525405884,0.21440927684307098,0.21440927684307098,0.7263152599334717,0.21440927684307098,0.21440927684307098,0.7263152599334717,0.7263152599334717,0.719752311706543,0.7263152599334717,0.7263152599334717,0.7263152599334717,0.7263152599334717,0.21878454089164734,0.7263152599334717,0.7263152599334717,0.7263152599334717,0.21440927684307098,0.21440927684307098,0.7263152599334717,0.21440927684307098,0.21440927684307098,0.7263152599334717,0.21440927684307098,0.7263152599334717,0.21440927684307098,0.7263152599334717,0.21440927684307098,0.21440927684307098,0.21440927684307098,0.21440927684307098,0.7262922525405884,0.21440927684307098,0.21440927684307098,0.7263152599334717,0.21440927684307098,0.21440927684307098,0.21440927684307098,0.7263152599334717,0.7263152599334717,0.21440927684307098,0.7263152599334717,0.21440927684307098,0.7263152599334717,0.21440927684307098,0.7263152599334717,0.7263152599334717,0.7241275906562805,0.7263152599334717
N[15](Symbol),0.5827319025993347,0.6982884407043457,0.3852049708366394,0.6982295513153076,0.4528886079788208,0.484855055809021,0.6489009261131287,0.5071040987968445,0.4775812029838562,0.4573182761669159,0.4890419840812683,0.6982000470161438,0.5025022625923157,0.569262683391571,0.31334948539733887,0.5095013380050659,0.5075452327728271,0.5381709933280945,0.7003152966499329,0.6996856927871704,0.47873520851135254,0.42260241508483887,0.7003560662269592,0.7001321315765381,0.6998883485794067,0.7000101804733276,0.6979001760482788,0.7039664387702942,0.18958523869514465,0.6990197896957397,0.7004172205924988,0.18851123750209808,0.7004172205924988,0.7004172205924988,0.18851123750209808,0.7004172205924988,0.18851123750209808,0.7004172205924988,0.18851123750209808,0.18851123750209808,0.18851123750209808,0.18851123750209808,0.7004172205924988,0.18851123750209808,0.6960419416427612,0.6872914433479309,0.18851123750209808,0.7003968358039856,0.18851123750209808,0.2935175895690918,0.7004172205924988,0.7004172205924988,0.18851123750209808,0.7004172205924988,0.7004172205924988,0.7004172205924988,0.7004172205924988,0.7004172205924988,0.7004172205924988,0.7004172205924988,0.18851123750209808,0.7004172205924988,0.7004172205924988,0.18851123750209808,0.2935175895690918,0.7004172205924988,0.7004172205924988,0.7004172205924988,0.18851123750209808,0.7004172205924988,0.18851123750209808,0.7004172205924988,0.18851123750209808,0.18851123750209808,0.18851123750209808,0.7004172205924988,0.18851123750209808,0.18851123750209808,0.7003968358039856,0.18851123750209808,0.7004172205924988,0.6960419416427612,0.6872914433479309,0.18851123750209808,0.18851123750209808,0.7004172205924988,0.7004172205924988,0.18851123750209808,0.7004172205924988,0.18851123750209808,0.7004172205924988,0.18851123750209808,0.7004172205924988,0.7004172205924988,0.18851123750209808,0.6982295513153076
N[16](BlackSymbol),0.5613499283790588,0.26410338282585144,0.46900513768196106,0.26416993141174316,0.5087218284606934,0.5047343969345093,0.34225326776504517,0.49161699414253235,0.4249259829521179,0.5377374887466431,0.42934972047805786,0.2642033100128174,0.6951941251754761,0.6594892740249634,0.7703390121459961,0.5314783453941345,0.49746811389923096,0.4850708246231079,0.2621033489704132,0.2628510594367981,0.48316413164138794,0.7773027420043945,0.2620549201965332,0.2623209059238434,0.26261037588119507,0.2624657154083252,0.7735820412635803,0.534332275390625,0.772943913936615,0.7719786167144775,0.7738882303237915,0.26416993141174316,0.2619822919368744,0.2619822919368744,0.7738882303237915,0.7738882303237915,0.7695130109786987,0.2619822919368744,0.2619822919368744,0.7738882303237915,0.2619822919368744,0.2619822919368744,0.2619822919368744,0.7738882303237915,0.7738882303237915,0.2619822919368744,0.7738882303237915,0.7738603949546814,0.7738882303237915,0.2619822919368744,0.2619822919368744,0.2619822919368744,0.7738882303237915,0.2619822919368744,0.2619822919368744,0.2619822919368744,0.2619822919368744,0.7738882303237915,0.2619822919368744,0.7738882303237915,0.7738882303237915,0.7738882303237915,0.2619822919368744,0.7738882303237915,0.2619822919368744,0.2619822919368744,0.2619822919368744,0.2619822919368744,0.7738882303237915,0.2619822919368744,0.7738882303237915,0.2619822919368744,0.2619822919368744,0.7738882303237915,0.2619822919368744,0.2619822919368744,0.7738882303237915,0.2619822919368744,0.7738603949546814,0.7738882303237915,0.2619822919368744,0.7738882303237915,0.2619822919368744,0.7738882303237915,0.7738882303237915,0.2619822919368744,0.2619822919368744,0.26416993141174316,0.7738882303237915,0.7738882303237915,0.2619822919368744,0.7695130109786987,0.7738882303237915,0.2619822919368744,0.7738882303237915,0.7738882303237915
N[17](WhiteSymbol),0.6377817392349243,0.21519753336906433,0.40376967191696167,0.21527402102947235,0.45879971981048584,0.3896142840385437,0.3083784580230713,0.6199897527694702,0.3418426215648651,0.4916032552719116,0.3788277506828308,0.21531237661838531,0.6462034583091736,0.6064128875732422,0.7265288829803467,0.5854065418243408,0.4185754060745239,0.6351224184036255,0.21323230862617493,0.2141336351633072,0.43361783027648926,0.7263372540473938,0.21317395567893982,0.21349456906318665,0.21629808843135834,0.21605636179447174,0.7247408032417297,0.7251177430152893,0.7242165803909302,0.7234236001968384,0.7249923944473267,0.21308639645576477,0.7249923944473267,0.7249923944473267,0.7249923944473267,0.7249923944473267,0.7249923944473267,0.7249923944473267,0.21308639645576477,0.7249923944473267,0.2787153720855713,0.21308639645576477,0.21308639645576477,0.21308639645576477,0.7249923944473267,0.21308639645576477,0.7249923944473267,0.7249695062637329,0.7249923944473267,0.7249923944473267,0.21308639645576477,0.21308639645576477,0.7249923944473267,0.21308639645576477,0.21308639645576477,0.21308639645576477,0.21308639645576477,0.7249923944473267,0.7140542268753052,0.7249923944473267,0.7249923944473267,0.7249923944473267,0.21308639645576477,0.7249923944473267,0.7249923944473267,0.21308639645576477,0.21308639645576477,0.21308639645576477,0.7249923944473267,0.21308639645576477,0.7249923944473267,0.21308639645576477,0.21308639645576477,0.7249923944473267,0.2787153720855713,0.21308639645576477,0.21308639645576477,0.21308639645576477,0.7249695062637329,0.7249923944473267,0.21308639645576477,0.7249923944473267,0.21308639645576477,0.7249923944473267,0.7249923944473267,0.21308639645576477,0.7249923944473267,0.21308639645576477,0.7249923944473267,0.7249923944473267,0.7249923944473267,0.7249923944473267,0.7249923944473267,0.7249923944473267,0.7249923944473267,0.7228047251701355
N[18](SymbolStop),0.5419209003448486,0.19356903433799744,0.45803385972976685,0.7033683061599731,0.7040401697158813,0.4145392179489136,0.2934311330318451,0.5475268959999084,0.42290329933166504,0.556597888469696,0.4228358864784241,0.1936904788017273,0.47675997018814087,0.445675790309906,0.5842669606208801,0.7240382432937622,0.5035757422447205,0.6068542003631592,0.7032648324966431,0.1925884634256363,0.7060734033584595,0.6942238807678223,0.19598719477653503,0.19190123677253723,0.19718565046787262,0.7029552459716797,0.7031408548355103,0.4304046630859375,0.7026670575141907,0.7019503116607666,0.7033683061599731,0.701180636882782,0.7033683061599731,0.7033683061599731,0.7033683061599731,0.19146229326725006,0.7033683061599731,0.19146229326725006,0.7033683061599731,0.7033683061599731,0.6968053579330444,0.7033683061599731,0.7033683061599731,0.19146229326725006,0.19146229326725006,0.19146229326725006,0.7033683061599731,0.6989539861679077,0.6924300789833069,0.19146229326725006,0.19146229326725006,0.19146229326725006,0.7033683061599731,0.19583755731582642,0.19146229326725006,0.19146229326725006,0.7033683061599731,0.7033683061599731,0.7033683061599731,0.19146229326725006,0.7033683061599731,0.7033683061599731,0.7033683061599731,0.6814919710159302,0.19146229326725006,0.19146229326725006,0.19146229326725006,0.7033683061599731,0.19146229326725006,0.19146229326725006,0.7033683061599731,0.19146229326725006,0.7033683061599731,0.7033683061599731,0.6968053579330444,0.7033683061599731,0.19146229326725006,0.7033683061599731,0.6989539861679077,0.6924300789833069,0.19146229326725006,0.19146229326725006,0.19146229326725006,0.7033683061599731,0.7033683061599731,0.19146229326725006,0.7033683061599731,0.701180636882782,0.7033683061599731,0.7033683061599731,0.7033683061599731,0.7033683061599731,0.19146229326725006,0.19146229326725006,0.7033683061599731,0.7033683061599731
N[19](SymbolNoEntryGoods),0.7652602195739746,0.2276657223701477,0.2758124768733978,0.22773967683315277,0.47152698040008545,0.373406320810318,0.31410351395606995,0.6018257141113281,0.32438185811042786,0.4828687310218811,0.3664798140525818,0.22777676582336426,0.6581977009773254,0.6210468411445618,0.740591824054718,0.6874210238456726,0.5013918876647949,0.649663507938385,0.22569161653518677,0.7365912795066833,0.7406166195869446,0.7404183149337769,0.2522202134132385,0.7371202111244202,0.22873084247112274,0.2284967005252838,0.7348995208740234,0.7416632175445557,0.7366392612457275,0.7358023524284363,0.7374579906463623,0.2255520522594452,0.7374579906463623,0.7374579906463623,0.7374579906463623,0.7374579906463623,0.7374579906463623,0.7374579906463623,0.2255520522594452,0.7374579906463623,0.2255520522594452,0.2255520522594452,0.2255520522594452,0.2255520522594452,0.7374579906463623,0.2255520522594452,0.7374579906463623,0.7374338507652283,0.2255520522594452,0.2255520522594452,0.2255520522594452,0.2255520522594452,0.22773967683315277,0.2518036365509033,0.7374579906463623,0.2255520522594452,0.2255520522594452,0.7374579906463623,0.7374579906463623,0.7374579906463623,0.7374579906463623,0.7374579906463623,0.7374579906463623,0.7374579906463623,0.2255520522594452,0.2255520522594452,0.2255520522594452,0.2255520522594452,0.2255520522594452,0.7374579906463623,0.7374579906463623,0.2255520522594452,0.2255520522594452,0.7374579906463623,0.2255520522594452,0.2255520522594452,0.2255520522594452,0.2255520522594452,0.7374338507652283,0.2255520522594452,0.2255520522594452,0.7374579906463623,0.2255520522594452,0.22773967683315277,0.7374579906463623,0.2255520522594452,0.7374579906463623,0.2255520522594452,0.7374579906463623,0.7374579906463623,0.7374579906463623,0.7374579906463623,0.7374579906463623,0.7374579906463623,0.7374579906463623,0.7374579906463623
N[20](SymbolOvertaking),0.505308985710144,0.7264630794525146,0.46159112453460693,0.7242293357849121,0.479434072971344,0.4483906626701355,0.6392377614974976,0.5255733728408813,0.5388013124465942,0.5259566307067871,0.5115185976028442,0.72639399766922,0.3093840479850769,0.3428023159503937,0.2723523676395416,0.4808257222175598,0.468484103679657,0.5691728591918945,0.726301908493042,0.7255905866622925,0.5050808787345886,0.21095198392868042,0.7263479232788086,0.21491718292236328,0.7258195281028748,0.7259571552276611,0.7238708734512329,0.4538615942001343,0.21549539268016815,0.7248383164405823,0.21451103687286377,0.7264170050621033,0.7264170050621033,0.7264170050621033,0.21451103687286377,0.21451103687286377,0.7264170050621033,0.7264170050621033,0.717666506767273,0.21451103687286377,0.7264170050621033,0.7264170050621033,0.7264170050621033,0.21451103687286377,0.21451103687286377,0.7264170050621033,0.21451103687286377,0.21454009413719177,0.21451103687286377,0.21451103687286377,0.7264170050621033,0.7264170050621033,0.21451103687286377,0.7264170050621033,0.21451103687286377,0.7264170050621033,0.7264170050621033,0.7264170050621033,0.7264170050621033,0.21451103687286377,0.21451103687286377,0.7242293357849121,0.7264170050621033,0.21451103687286377,0.21451103687286377,0.7264170050621033,0.7264170050621033,0.7264170050621033,0.21451103687286377,0.7264170050621033,0.21451103687286377,0.7264170050621033,0.717666506767273,0.21451103687286377,0.7264170050621033,0.7264170050621033,0.21451103687286377,0.7264170050621033,0.21454009413719177,0.21451103687286377,0.7264170050621033,0.21451103687286377,0.7264170050621033,0.21451103687286377,0.21451103687286377,0.7264170050621033,0.7264170050621033,0.7264170050621033,0.21451103687286377,0.21451103687286377,0.7264170050621033,0.7264170050621033,0.21451103687286377,0.7264170050621033,0.21451103687286377,0.21451103687286377
N[21](SymbolOvertakingGoods),0.389313280582428,0.7381170392036438,0.5767771005630493,0.735880970954895,0.4913301467895508,0.43297526240348816,0.6441430449485779,0.5550105571746826,0.5784241557121277,0.5449292659759521,0.5376989841461182,0.7380443811416626,0.22352197766304016,0.2259034663438797,0.28272494673728943,0.5807949304580688,0.4523949921131134,0.5836007595062256,0.7379475235939026,0.22716212272644043,0.222520112991333,0.22274881601333618,0.7379959225654602,0.22655217349529266,0.7374403476715088,0.7375850677490234,0.22876176238059998,0.4657195210456848,0.7372477650642395,0.7364086508750916,0.2261626124382019,0.7380685806274414,0.7380685806274414,0.7380685806274414,0.7380685806274414,0.2261626124382019,0.7380685806274414,0.2261626124382019,0.7380685806274414,0.2261626124382019,0.7380685806274414,0.7380685806274414,0.7380685806274414,0.2261626124382019,0.2261626124382019,0.7380685806274414,0.2261626124382019,0.2261904776096344,0.7380685806274414,0.2261626124382019,0.7380685806274414,0.7380685806274414,0.7380685806274414,0.7380685806274414,0.2261626124382019,0.7380685806274414,0.7380685806274414,0.2261626124382019,0.7380685806274414,0.2261626124382019,0.7380685806274414,0.7380685806274414,0.2261626124382019,0.2261626124382019,0.2261626124382019,0.7380685806274414,0.7380685806274414,0.7380685806274414,0.2261626124382019,0.2261626124382019,0.2261626124382019,0.7380685806274414,0.7380685806274414,0.2261626124382019,0.7380685806274414,0.7380685806274414,0.2261626124382019,0.7380685806274414,0.2261904776096344,0.7380685806274414,0.7380685806274414,0.2261626124382019,0.7380685806274414,0.7380685806274414,0.2261626124382019,0.2261626124382019,0.7380685806274414,0.7380685806274414,0.2261626124382019,0.7380685806274414,0.7380685806274414,0.7380685806274414,0.2261626124382019,0.2261626124382019,0.2261626124382019,0.2261626124382019
N[22](SymbolSpeed20),0.4394237995147705,0.739084005355835,0.5126986503601074,0.7368476390838623,0.49231716990470886,0.4309205412864685,0.6399959325790405,0.5641660690307617,0.5777193307876587,0.5252376794815063,0.5455819964408875,0.7390109896659851,0.22124390304088593,0.22474780678749084,0.2851371765136719,0.4747571349143982,0.4028659462928772,0.5847978591918945,0.7389137744903564,0.22812531888484955,0.5178670287132263,0.22372758388519287,0.22721260786056519,0.2275175303220749,0.7384045124053955,0.7385498285293579,0.7387680411338806,0.4667033553123474,0.7382111549377441,0.23211275041103363,0.22712934017181396,0.7390353083610535,0.22712934017181396,0.7390353083610535,0.7390353083610535,0.22712934017181396,0.7390353083610535,0.7390353083610535,0.22712934017181396,0.22712934017181396,0.7390353083610535,0.7390353083610535,0.7390353083610535,0.22712934017181396,0.22712934017181396,0.7390353083610535,0.22712934017181396,0.2271571010351181,0.7390353083610535,0.22712934017181396,0.7390353083610535,0.7390353083610535,0.7390353083610535,0.22712934017181396,0.22712934017181396,0.7390353083610535,0.7390353083610535,0.7390353083610535,0.7390353083610535,0.22712934017181396,0.7390353083610535,0.2336922287940979,0.7390353083610535,0.22712934017181396,0.22712934017181396,0.7390353083610535,0.6909074187278748,0.7390353083610535,0.7390353083610535,0.22712934017181396,0.22712934017181396,0.7390353083610535,0.22712934017181396,0.22712934017181396,0.7390353083610535,0.7390353083610535,0.22712934017181396,0.7390353083610535,0.2271571010351181,0.7390353083610535,0.7390353083610535,0.22712934017181396,0.7390353083610535,0.7390353083610535,0.22712934017181396,0.22712934017181396,0.22712934017181396,0.7390353083610535,0.22712934017181396,0.7390353083610535,0.7390353083610535,0.7390353083610535,0.22712934017181396,0.7390353083610535,0.22712934017181396,0.22712934017181396
N[23](SymbolSpeed30),0.44255152344703674,0.2542627453804016,0.5532476902008057,0.759692907333374,0.5120456218719482,0.520346999168396,0.2687147557735443,0.49512237310409546,0.5373520851135254,0.46760228276252747,0.5584908723831177,0.2543935775756836,0.3874327540397644,0.38681045174598694,0.422905296087265,0.5461934804916382,0.4642479717731476,0.5414950847625732,0.7617473602294922,0.2508871555328369,0.24664878845214844,0.24685761332511902,0.2500508725643158,0.7615079879760742,0.7587348818778992,0.2528696060180664,0.7615877389907837,0.4899531602859497,0.7609776258468628,0.25171786546707153,0.2499745637178421,0.7618805170059204,0.2499745637178421,0.2499745637178421,0.2499745637178421,0.7618805170059204,0.7618805170059204,0.7618805170059204,0.2499745637178421,0.7618805170059204,0.7618805170059204,0.2499745637178421,0.2499745637178421,0.7618805170059204,0.7618805170059204,0.2499745637178421,0.7618805170059204,0.7618538737297058,0.7618805170059204,0.7618805170059204,0.2499745637178421,0.2499745637178421,0.7618805170059204,0.2499745637178421,0.7618805170059204,0.7618805170059204,0.2499745637178421,0.7618805170059204,0.7618805170059204,0.2499745637178421,0.7618805170059204,0.2499745637178421,0.2499745637178421,0.2499745637178421,0.7618805170059204,0.25216221809387207,0.2499745637178421,0.7618805170059204,0.7618805170059204,0.2499745637178421,0.2499745637178421,0.2499745637178421,0.2499745637178421,0.7618805170059204,0.7618805170059204,0.2499745637178421,0.7618805170059204,0.2499745637178421,0.7618538737297058,0.7618805170059204,0.2499745637178421,0.7618805170059204,0.2499745637178421,0.7618805170059204,0.7618805170059204,0.7618805170059204,0.2499745637178421,0.7618805170059204,0.2499745637178421,0.2499745637178421,0.2499745637178421,0.7618805170059204,0.7618805170059204,0.7618805170059204,0.2499745637178421,0.2499745637178421
N[24](SymbolSpeed50),0.6704503297805786,0.22636131942272186,0.33001792430877686,0.7383229732513428,0.7397284507751465,0.4914117455482483,0.3252156972885132,0.4816872775554657,0.42766261100769043,0.5507506132125854,0.42784273624420166,0.22644485533237457,0.5959573984146118,0.5999352931976318,0.565237820148468,0.6864670515060425,0.6032954454421997,0.5108327269554138,0.7382017970085144,0.7374531030654907,0.7414931058883667,0.7412940263748169,0.7382502555847168,0.22680622339248657,0.2320481240749359,0.7378389239311218,0.7357635498046875,0.7412571907043457,0.7375012636184692,0.7366612553596497,0.7383229732513428,0.22641701996326447,0.7383229732513428,0.7383229732513428,0.7383229732513428,0.22641701996326447,0.22641701996326447,0.22641701996326447,0.7383229732513428,0.7361353635787964,0.22641701996326447,0.7361353635787964,0.7383229732513428,0.22641701996326447,0.22641701996326447,0.22641701996326447,0.22641701996326447,0.738298773765564,0.22641701996326447,0.22641701996326447,0.22641701996326447,0.22641701996326447,0.22641701996326447,0.7383229732513428,0.22641701996326447,0.22641701996326447,0.7383229732513428,0.7383229732513428,0.7361353635787964,0.7383229732513428,0.7383229732513428,0.7383229732513428,0.7383229732513428,0.7361353635787964,0.22641701996326447,0.22641701996326447,0.22641701996326447,0.7383229732513428,0.22641701996326447,0.7383229732513428,0.7383229732513428,0.22641701996326447,0.7383229732513428,0.7361353635787964,0.22641701996326447,0.7383229732513428,0.22641701996326447,0.7361353635787964,0.738298773765564,0.22641701996326447,0.22641701996326447,0.22641701996326447,0.22641701996326447,0.22641701996326447,0.22641701996326447,0.22641701996326447,0.7383229732513428,0.22641701996326447,0.7383229732513428,0.7383229732513428,0.7383229732513428,0.22641701996326447,0.22641701996326447,0.22641701996326447,0.7383229732513428,0.7383229732513428
N[25](SymbolSpeed60),0.5051400661468506,0.7243953347206116,0.5091314315795898,0.21461279690265656,0.21221958100795746,0.630144476890564,0.6154441237449646,0.4246926009654999,0.6386147141456604,0.49514883756637573,0.6125208139419556,0.7242989540100098,0.44942331314086914,0.47797197103500366,0.388509601354599,0.36642199754714966,0.5686734318733215,0.3613850474357605,0.21475793421268463,0.7256919741630554,0.50518399477005,0.21105501055717468,0.7264496088027954,0.7261965274810791,0.7259210348129272,0.7212842702865601,0.7239725589752197,0.7305302619934082,0.21559679508209229,0.21660266816616058,0.21461279690265656,0.21461279690265656,0.21461279690265656,0.21461279690265656,0.21461279690265656,0.7243311405181885,0.7265187501907349,0.7265187501907349,0.21461279690265656,0.21461279690265656,0.7265187501907349,0.21461279690265656,0.21461279690265656,0.7265187501907349,0.7265187501907349,0.21461279690265656,0.7221435308456421,0.7264957427978516,0.21461279690265656,0.7265187501907349,0.7265187501907349,0.7265187501907349,0.21461279690265656,0.7265187501907349,0.7265187501907349,0.7265187501907349,0.7221435308456421,0.7265187501907349,0.7265187501907349,0.7265187501907349,0.21461279690265656,0.21461279690265656,0.7265187501907349,0.21461279690265656,0.7265187501907349,0.7243311405181885,0.7265187501907349,0.21461279690265656,0.7265187501907349,0.7265187501907349,0.21461279690265656,0.7265187501907349,0.21461279690265656,0.21461279690265656,0.7265187501907349,0.21461279690265656,0.7265187501907349,0.21461279690265656,0.7264957427978516,0.21461279690265656,0.7265187501907349,0.7265187501907349,0.21461279690265656,0.21461279690265656,0.7221435308456421,0.7265187501907349,0.21461279690265656,0.21461279690265656,0.21461279690265656,0.21461279690265656,0.21461279690265656,0.7265187501907349,0.7243311405181885,0.7265187501907349,0.21461279690265656,0.21461279690265656
N[26](SymbolSpeed70),0.6095035076141357,0.26173028349876404,0.4357679784297943,0.2639664113521576,0.5085139870643616,0.44915682077407837,0.3471689224243164,0.5421208739280701,0.3791183829307556,0.5144354104995728,0.3994596600532532,0.26180300116539,0.6802128553390503,0.6476918458938599,0.7214187383651733,0.6474659442901611,0.5500286817550659,0.5546205639839172,0.2618999183177948,0.2626482844352722,0.4829578995704651,0.7770966291427612,0.773601233959198,0.2621176838874817,0.2624073922634125,0.26226261258125305,0.7733787298202515,0.5341250896453857,0.7727410793304443,0.7717764377593994,0.7736847400665283,0.2617787718772888,0.7736847400665283,0.7736847400665283,0.7736847400665283,0.7736847400665283,0.2617787718772888,0.2617787718772888,0.7736847400665283,0.7736847400665283,0.2617787718772888,0.2639664113521576,0.7736847400665283,0.2617787718772888,0.2639664113521576,0.2617787718772888,0.7736847400665283,0.7736569046974182,0.2617787718772888,0.2617787718772888,0.2617787718772888,0.2617787718772888,0.7736847400665283,0.7736847400665283,0.2617787718772888,0.2617787718772888,0.2617787718772888,0.7736847400665283,0.2617787718772888,0.7736847400665283,0.7736847400665283,0.7736847400665283,0.2617787718772888,0.7736847400665283,0.2617787718772888,0.2617787718772888,0.2617787718772888,0.2617787718772888,0.2617787718772888,0.2639664113521576,0.7736847400665283,0.2617787718772888,0.7736847400665283,0.7736847400665283,0.2617787718772888,0.7736847400665283,0.2617787718772888,0.2639664113521576,0.7736569046974182,0.2617787718772888,0.2617787718772888,0.2639664113521576,0.2617787718772888,0.7736847400665283,0.7736847400665283,0.2617787718772888,0.7736847400665283,0.2617787718772888,0.7736847400665283,0.7736847400665283,0.7736847400665283,0.2617787718772888,0.7736847400665283,0.2617787718772888,0.7736847400665283,0.7736847400665283
N[27](SymbolSpeed80),0.47580501437187195,0.7061309814453125,0.47763901948928833,0.7147654294967651,0.7144777774810791,0.28138816356658936,0.6138500571250916,0.6431849002838135,0.455132395029068,0.5060609579086304,0.44786977767944336,0.7059563994407654,0.2936747074127197,0.19840294122695923,0.5943818092346191,0.48926177620887756,0.33263397216796875,0.6946467757225037,0.7146562337875366,0.20394402742385864,0.4932743012905121,0.19915516674518585,0.2029501497745514,0.2032821923494339,0.7117441296577454,0.20585019886493683,0.7145253419876099,0.44200366735458374,0.7140249609947205,0.20493128895759583,0.7147654294967651,0.7147654294967651,0.7147654294967651,0.7147654294967651,0.7147654294967651,0.20285947620868683,0.7147654294967651,0.7147654294967651,0.20285947620868683,0.7147654294967651,0.7147654294967651,0.7147654294967651,0.20285947620868683,0.20285947620868683,0.7060149312019348,0.20285947620868683,0.7147654294967651,0.20288969576358795,0.7147654294967651,0.7147654294967651,0.7125778198242188,0.20285947620868683,0.7147654294967651,0.20285947620868683,0.20285947620868683,0.7147654294967651,0.20285947620868683,0.7147654294967651,0.7147654294967651,0.20285947620868683,0.7147654294967651,0.20285947620868683,0.7147654294967651,0.20285947620868683,0.7147654294967651,0.7060149312019348,0.20285947620868683,0.7147654294967651,0.7147654294967651,0.20285947620868683,0.7125778198242188,0.7125778198242188,0.20285947620868683,0.7147654294967651,0.7147654294967651,0.20285947620868683,0.20285947620868683,0.7147654294967651,0.20288969576358795,0.7147654294967651,0.20285947620868683,0.7060149312019348,0.20285947620868683,0.7147654294967651,0.7147654294967651,0.20285947620868683,0.7147654294967651,0.7147654294967651,0.7147654294967651,0.7147654294967651,0.7147654294967651,0.7147654294967651,0.20285947620868683,0.7147654294967651,0.20285947620868683,0.20285947620868683
N[28](SymbolSpeed100),0.5168765187263489,0.2628311216831207,0.5382579565048218,0.26071029901504517,0.25928452610969543,0.6319003105163574,0.32902437448501587,0.4515478014945984,0.5271703600883484,0.4301741123199463,0.5644745826721191,0.2629314363002777,0.5833331346511841,0.6448782086372375,0.38077032566070557,0.5402390956878662,0.603442370891571,0.4160803258419037,0.2608319818973541,0.7716212272644043,0.5518946647644043,0.7760148048400879,0.7725330591201782,0.7722284197807312,0.766987681388855,0.2611963152885437,0.2609778344631195,0.5330377221107483,0.2615353465080261,0.2623787522315979,0.26289793848991394,0.26071029901504517,0.7726162672042847,0.26071029901504517,0.26071029901504517,0.7726162672042847,0.26071029901504517,0.7726162672042847,0.7726162672042847,0.31102585792541504,0.26071029901504517,0.26071029901504517,0.26071029901504517,0.7726162672042847,0.7726162672042847,0.26071029901504517,0.26071029901504517,0.7725884914398193,0.26071029901504517,0.7726162672042847,0.7726162672042847,0.7726162672042847,0.26071029901504517,0.7726162672042847,0.7726162672042847,0.7726162672042847,0.26071029901504517,0.26071029901504517,0.26071029901504517,0.7726162672042847,0.26071029901504517,0.26071029901504517,0.7726162672042847,0.7726162672042847,0.7726162672042847,0.26071029901504517,0.7726162672042847,0.26071029901504517,0.26071029901504517,0.7726162672042847,0.26071029901504517,0.7726162672042847,0.7726162672042847,0.31102585792541504,0.26071029901504517,0.26071029901504517,0.7726162672042847,0.26071029901504517,0.7725884914398193,0.26071029901504517,0.7726162672042847,0.7726162672042847,0.26071029901504517,0.26071029901504517,0.26071029901504517,0.7726162672042847,0.7726162672042847,0.26071029901504517,0.26289793848991394,0.26071029901504517,0.26071029901504517,0.26071029901504517,0.7726162672042847,0.7726162672042847,0.26071029901504517,0.7726162672042847
N[29](SymbolSpeed120),0.5671030879020691,0.6888415813446045,0.4017176032066345,0.6909537315368652,0.4418638050556183,0.4919220209121704,0.5869547128677368,0.5123234987258911,0.5348237752914429,0.48521488904953003,0.5275430679321289,0.6887280941009521,0.36235514283180237,0.42520302534103394,0.2386375367641449,0.422855406999588,0.47603869438171387,0.5294597148895264,0.6930431127548218,0.6924363970756531,0.4713625907897949,0.17726148664951324,0.6842209100723267,0.6928665637969971,0.692631721496582,0.6927490234375,0.6906324028968811,0.6965616941452026,0.692475438117981,0.18345795571804047,0.6909537315368652,0.18123537302017212,0.6931413412094116,0.6931413412094116,0.18123537302017212,0.18123537302017212,0.6931413412094116,0.6931413412094116,0.18123537302017212,0.6756402850151062,0.6931413412094116,0.1921735256910324,0.18123537302017212,0.18123537302017212,0.6931413412094116,0.18123537302017212,0.6931413412094116,0.6931216716766357,0.18123537302017212,0.6931413412094116,0.6931413412094116,0.18123537302017212,0.18123537302017212,0.6843907833099365,0.6931413412094116,0.6931413412094116,0.6931413412094116,0.6931413412094116,0.6931413412094116,0.6865784525871277,0.6931413412094116,0.18123537302017212,0.6931413412094116,0.18123537302017212,0.6931413412094116,0.6887660622596741,0.6100113391876221,0.6931413412094116,0.6909537315368652,0.6931413412094116,0.18123537302017212,0.6931413412094116,0.18123537302017212,0.6756402850151062,0.6931413412094116,0.18123537302017212,0.18123537302017212,0.1921735256910324,0.6931216716766357,0.18123537302017212,0.18123537302017212,0.6931413412094116,0.18123537302017212,0.18123537302017212,0.6931413412094116,0.6931413412094116,0.6931413412094116,0.18123537302017212,0.6909537315368652,0.18123537302017212,0.6931413412094116,0.6931413412094116,0.18123537302017212,0.6931413412094116,0.18123537302017212,0.18123537302017212
N[30](SymbolD1a1),0.530950129032135,0.22837819159030914,0.5283028483390808,0.2262643724679947,0.22411568462848663,0.6160585880279541,0.29604530334472656,0.4683348834514618,0.5244183540344238,0.45366376638412476,0.5537460446357727,0.2284890115261078,0.5443668365478516,0.6074873208999634,0.345869779586792,0.5777395963668823,0.6035234928131104,0.44293004274368286,0.22640357911586761,0.7373009920120239,0.5169905424118042,0.7411395311355591,0.7380976676940918,0.7378315329551697,0.7326326966285706,0.22682034969329834,0.735611081123352,0.4979817867279053,0.2272081971168518,0.22817300260066986,0.738170325756073,0.2262643724679947,0.738170325756073,0.2262643724679947,0.2262643724679947,0.738170325756073,0.2262643724679947,0.738170325756073,0.738170325756073,0.738170325756073,0.2262643724679947,0.2262643724679947,0.2262643724679947,0.738170325756073,0.738170325756073,0.2262643724679947,0.2262643724679947,0.7381461262702942,0.2262643724679947,0.738170325756073,0.738170325756073,0.738170325756073,0.2262643724679947,0.738170325756073,0.738170325756073,0.7359827160835266,0.2262643724679947,0.738170325756073,0.2262643724679947,0.738170325756073,0.2262643724679947,0.2262643724679947,0.738170325756073,0.738170325756073,0.738170325756073,0.2262643724679947,0.738170325756073,0.2262643724679947,0.2262643724679947,0.738170325756073,0.2262643724679947,0.738170325756073,0.738170325756073,0.738170325756073,0.2262643724679947,0.2262643724679947,0.738170325756073,0.2262643724679947,0.7381461262702942,0.2262643724679947,0.738170325756073,0.738170325756073,0.2262643724679947,0.2262643724679947,0.2262643724679947,0.738170325756073,0.738170325756073,0.2262643724679947,0.738170325756073,0.2262643724679947,0.2262643724679947,0.2262643724679947,0.738170325756073,0.738170325756073,0.2262643724679947,0.738170325756073
N[31](SymbolD1a4),0.30308765172958374,0.7618829607963562,0.6487619876861572,0.7596420049667358,0.5155898928642273,0.5222745537757874,0.6748971343040466,0.4845335781574249,0.5928822755813599,0.5049278736114502,0.5665967464447021,0.7618030309677124,0.34775808453559875,0.3779350519180298,0.30679959058761597,0.3264959156513214,0.41601961851119995,0.4740167260169983,0.761696457862854,0.25083646178245544,0.24659723043441772,0.2468061000108719,0.2522153854370117,0.2502794563770294,0.7611387372016907,0.7612978219985962,0.25249627232551575,0.4899013638496399,0.2507859170436859,0.2516673505306244,0.2499236762523651,0.7618296146392822,0.2499236762523651,0.7618296146392822,0.2499236762523651,0.2499236762523651,0.7618296146392822,0.2499236762523651,0.7618296146392822,0.2499236762523651,0.7618296146392822,0.7618296146392822,0.7618296146392822,0.2521113157272339,0.2499236762523651,0.7618296146392822,0.2499236762523651,0.2499491274356842,0.7618296146392822,0.7596420049667358,0.7618296146392822,0.7618296146392822,0.7618296146392822,0.2521113157272339,0.2499236762523651,0.7618296146392822,0.7618296146392822,0.2499236762523651,0.7618296146392822,0.2499236762523651,0.2499236762523651,0.2499236762523651,0.2499236762523651,0.2499236762523651,0.7596420049667358,0.7618296146392822,0.7618296146392822,0.7618296146392822,0.7618296146392822,0.2499236762523651,0.2499236762523651,0.7618296146392822,0.7618296146392822,0.2499236762523651,0.7618296146392822,0.7618296146392822,0.2521113157272339,0.7618296146392822,0.2499491274356842,0.7618296146392822,0.7618296146392822,0.2499236762523651,0.7618296146392822,0.7618296146392822,0.2499236762523651,0.7618296146392822,0.2499236762523651,0.7618296146392822,0.2499236762523651,0.2499236762523651,0.7618296146392822,0.7618296146392822,0.2499236762523651,0.2499236762523651,0.2499236762523651,0.2499236762523651
N[32](SymbolD1a5),0.4066471457481384,0.7263104319572449,0.5479289889335632,0.7240767478942871,0.47568199038505554,0.5084201097488403,0.6168948411941528,0.49301785230636597,0.5924237966537476,0.5165565013885498,0.5628857612609863,0.7262413501739502,0.300360769033432,0.33326518535614014,0.2721977233886719,0.4755983352661133,0.4676142930984497,0.500076949596405,0.726149320602417,0.21540099382400513,0.5049262046813965,0.21079744398593903,0.2144455760717392,0.7259424924850464,0.723212718963623,0.21732577681541443,0.7260113954544067,0.4537062644958496,0.7254842519760132,0.2163500338792801,0.2143584042787552,0.7262643575668335,0.2143584042787552,0.7262643575668335,0.2143584042787552,0.2143584042787552,0.7262643575668335,0.7262643575668335,0.2143584042787552,0.7240767478942871,0.7262643575668335,0.2143584042787552,0.2143584042787552,0.7262643575668335,0.7262643575668335,0.2143584042787552,0.7262643575668335,0.7262413501739502,0.7262643575668335,0.7262643575668335,0.7262643575668335,0.2143584042787552,0.7262643575668335,0.2143584042787552,0.7262643575668335,0.7262643575668335,0.2143584042787552,0.7262643575668335,0.7262643575668335,0.2143584042787552,0.7262643575668335,0.2143584042787552,0.7262643575668335,0.2143584042787552,0.7262643575668335,0.7262643575668335,0.2143584042787552,0.7262643575668335,0.7262643575668335,0.2143584042787552,0.2143584042787552,0.7262643575668335,0.2143584042787552,0.7240767478942871,0.7262643575668335,0.2143584042787552,0.7262643575668335,0.2143584042787552,0.7262413501739502,0.7262643575668335,0.2143584042787552,0.7262643575668335,0.2143584042787552,0.7262643575668335,0.7262643575668335,0.7262643575668335,0.2143584042787552,0.7262643575668335,0.2143584042787552,0.2143584042787552,0.7262643575668335,0.7262643575668335,0.2143584042787552,0.7262643575668335,0.2143584042787552,0.2143584042787552
N[33](SymbolD1a6),0.4371536374092102,0.7384732961654663,0.5155004858970642,0.736237108707428,0.49169379472732544,0.49207717180252075,0.6393811106681824,0.5033909678459167,0.6306306719779968,0.5859386324882507,0.5657122731208801,0.7384004592895508,0.22266051173210144,0.22684136033058167,0.2845185697078705,0.5754969120025635,0.5006064176559448,0.5133451223373413,0.7383034825325012,0.22751697897911072,0.5172483325004578,0.2231094241142273,0.226602241396904,0.22690783441066742,0.7377955913543701,0.7379404902458191,0.7381581664085388,0.46608197689056396,0.737602710723877,0.7367623448371887,0.22651877999305725,0.7384247779846191,0.22651877999305725,0.7384247779846191,0.7384247779846191,0.22651877999305725,0.7384247779846191,0.22651877999305725,0.7231112718582153,0.22651877999305725,0.7384247779846191,0.7384247779846191,0.7384247779846191,0.22651877999305725,0.22651877999305725,0.7384247779846191,0.22651877999305725,0.22654660046100616,0.7384247779846191,0.22651877999305725,0.7384247779846191,0.7384247779846191,0.7384247779846191,0.22651877999305725,0.22651877999305725,0.7384247779846191,0.7384247779846191,0.7384247779846191,0.7384247779846191,0.22651877999305725,0.7384247779846191,0.7384247779846191,0.7384247779846191,0.22651877999305725,0.22651877999305725,0.7384247779846191,0.22651877999305725,0.7384247779846191,0.7384247779846191,0.22651877999305725,0.22651877999305725,0.7384247779846191,0.7231112718582153,0.22651877999305725,0.7384247779846191,0.7384247779846191,0.22651877999305725,0.7384247779846191,0.22654660046100616,0.7384247779846191,0.7384247779846191,0.22651877999305725,0.7384247779846191,0.7384247779846191,0.22651877999305725,0.22651877999305725,0.22651877999305725,0.7384247779846191,0.22651877999305725,0.7384247779846191,0.7384247779846191,0.7384247779846191,0.22651877999305725,0.22651877999305725,0.22651877999305725,0.22651877999305725
N[34](SymbolD1a7),0.3346141576766968,0.7773215770721436,0.6256263256072998,0.7772465944290161,0.5335639715194702,0.5009803771972656,0.6823831796646118,0.4904493987560272,0.5993010997772217,0.5503735542297363,0.552041232585907,0.7772089838981628,0.29518207907676697,0.3176629841327667,0.27019134163856506,0.4831767678260803,0.46898287534713745,0.49521952867507935,0.779292106628418,0.26837676763534546,0.2644359767436981,0.26463013887405396,0.7793489694595337,0.26785895228385925,0.45469069480895996,0.7788666486740112,0.27008113265037537,0.5065313577651978,0.26832976937294006,0.7774858474731445,0.267528235912323,0.7794342041015625,0.267528235912323,0.7794342041015625,0.7794342041015625,0.267528235912323,0.267528235912323,0.267528235912323,0.7794342041015625,0.267528235912323,0.7794342041015625,0.7794342041015625,0.7794342041015625,0.267528235912323,0.267528235912323,0.7794342041015625,0.267528235912323,0.26755189895629883,0.7794342041015625,0.267528235912323,0.7794342041015625,0.7794342041015625,0.630675196647644,0.7794342041015625,0.267528235912323,0.45347699522972107,0.7794342041015625,0.267528235912323,0.7728712558746338,0.267528235912323,0.267528235912323,0.7794342041015625,0.267528235912323,0.267528235912323,0.267528235912323,0.7794342041015625,0.7794342041015625,0.7794342041015625,0.2697158753871918,0.267528235912323,0.267528235912323,0.7794342041015625,0.7794342041015625,0.267528235912323,0.7794342041015625,0.7794342041015625,0.267528235912323,0.7794342041015625,0.26755189895629883,0.7794342041015625,0.7794342041015625,0.267528235912323,0.7794342041015625,0.630675196647644,0.267528235912323,0.5037925243377686,0.267528235912323,0.7794342041015625,0.267528235912323,0.7794342041015625,0.7794342041015625,0.267528235912323,0.267528235912323,0.267528235912323,0.267528235912323,0.267528235912323
N[35](SymbolD2a1),0.522038996219635,0.20456139743328094,0.48202255368232727,0.714358389377594,0.715260922908783,0.3412165343761444,0.2208615094423294,0.6158210039138794,0.4568585157394409,0.43961194157600403,0.5024985671043396,0.2046794891357422,0.33788880705833435,0.2073325514793396,0.7171873450279236,0.5971349477767944,0.38352254033088684,0.6917563676834106,0.7142493724822998,0.20353847742080688,0.49286186695098877,0.20020301640033722,0.2025432288646698,0.7140534520149231,0.7113381624221802,0.20544399321079254,0.7141187191009521,0.44287580251693726,0.7136192917823792,0.2045270800590515,0.714358389377594,0.2024524211883545,0.714358389377594,0.714358389377594,0.714358389377594,0.714358389377594,0.714358389377594,0.714358389377594,0.2024524211883545,0.714358389377594,0.714358389377594,0.2024524211883545,0.2024524211883545,0.7077955007553101,0.714358389377594,0.2024524211883545,0.714358389377594,0.7143365740776062,0.714358389377594,0.714358389377594,0.2024524211883545,0.2024524211883545,0.714358389377594,0.2024524211883545,0.714358389377594,0.714358389377594,0.2024524211883545,0.714358389377594,0.714358389377594,0.20464006066322327,0.714358389377594,0.2024524211883545,0.714358389377594,0.20464006066322327,0.714358389377594,0.2024524211883545,0.2024524211883545,0.714358389377594,0.714358389377594,0.2024524211883545,0.714358389377594,0.2024524211883545,0.2024524211883545,0.714358389377594,0.714358389377594,0.2024524211883545,0.7077955007553101,0.2024524211883545,0.7143365740776062,0.714358389377594,0.2024524211883545,0.714358389377594,0.2024524211883545,0.714358389377594,0.714358389377594,0.2024524211883545,0.714358389377594,0.2024524211883545,0.714358389377594,0.714358389377594,0.714358389377594,0.714358389377594,0.714358389377594,0.714358389377594,0.2024524211883545,0.2024524211883545
N[36](SymbolD2a2),0.41535305976867676,0.7501271963119507,0.5344622731208801,0.7478886842727661,0.4999936819076538,0.5370245575904846,0.6408727169036865,0.4475977420806885,0.6042983531951904,0.4872264862060547,0.5846794843673706,0.7500509023666382,0.37450090050697327,0.3745483160018921,0.4123780429363251,0.3389683663845062,0.4320411682128906,0.46065598726272583,0.7499491572380066,0.7491635084152222,0.5290548801422119,0.23490624129772186,0.2382502555847168,0.749720573425293,0.7469618320465088,0.2410893589258194,0.7475037574768066,0.4779399037361145,0.23907311260700226,0.23999595642089844,0.2381703406572342,0.24035798013210297,0.2381703406572342,0.2381703406572342,0.2381703406572342,0.7478886842727661,0.7500762939453125,0.7500762939453125,0.2381703406572342,0.2381703406572342,0.7500762939453125,0.2381703406572342,0.2381703406572342,0.7500762939453125,0.7500762939453125,0.2381703406572342,0.7500762939453125,0.7478541135787964,0.7500762939453125,0.7500762939453125,0.7500762939453125,0.2381703406572342,0.2381703406572342,0.2381703406572342,0.7500762939453125,0.7500762939453125,0.2381703406572342,0.7500762939453125,0.7500762939453125,0.2381703406572342,0.2381703406572342,0.2381703406572342,0.7500762939453125,0.2381703406572342,0.7500762939453125,0.7500762939453125,0.7500762939453125,0.7500762939453125,0.7500762939453125,0.7500762939453125,0.2381703406572342,0.7500762939453125,0.2381703406572342,0.2381703406572342,0.7500762939453125,0.2381703406572342,0.7500762939453125,0.2381703406572342,0.7478541135787964,0.7500762939453125,0.2381703406572342,0.7500762939453125,0.2381703406572342,0.2381703406572342,0.7500762939453125,0.7500762939453125,0.2381703406572342,0.24035798013210297,0.2381703406572342,0.2381703406572342,0.2381703406572342,0.7500762939453125,0.7478886842727661,0.7500762939453125,0.2381703406572342,0.2381703406572342
N[37](SymbolD3),0.48231345415115356,0.7360492944717407,0.4813437759876251,0.7359827160835266,0.4914340376853943,0.5556958317756653,0.6886239647865295,0.44886869192123413,0.5276134014129639,0.431972861289978,0.54212486743927,0.7359493374824524,0.4971635341644287,0.5920519828796387,0.22981566190719604,0.468353271484375,0.5541212558746338,0.445614755153656,0.7380492091178894,0.7373009920120239,0.5169905424118042,0.46082615852355957,0.7380976676940918,0.7378315329551697,0.7375418543815613,0.7376866340637207,0.2288634181022644,0.742388129234314,0.2272081971168518,0.22817300260066986,0.2262643724679947,0.2262643724679947,0.738170325756073,0.738170325756073,0.2262643724679947,0.2262643724679947,0.2262643724679947,0.738170325756073,0.7359827160835266,0.2262643724679947,0.2262643724679947,0.2262643724679947,0.738170325756073,0.2262643724679947,0.2262643724679947,0.738170325756073,0.2262643724679947,0.7381461262702942,0.2262643724679947,0.7359827160835266,0.738170325756073,0.738170325756073,0.2262643724679947,0.738170325756073,0.738170325756073,0.738170325756073,0.738170325756073,0.22845201194286346,0.738170325756073,0.738170325756073,0.2262643724679947,0.2262643724679947,0.738170325756073,0.2262643724679947,0.7359827160835266,0.738170325756073,0.738170325756073,0.738170325756073,0.2262643724679947,0.738170325756073,0.2262643724679947,0.738170325756073,0.7359827160835266,0.2262643724679947,0.2262643724679947,0.738170325756073,0.2262643724679947,0.2262643724679947,0.7381461262702942,0.2262643724679947,0.738170325756073,0.2262643724679947,0.738170325756073,0.2262643724679947,0.2262643724679947,0.738170325756073,0.738170325756073,0.2262643724679947,0.2262643724679947,0.2262643724679947,0.738170325756073,0.2262643724679947,0.2262643724679947,0.738170325756073,0.2262643724679947,0.738170325756073
N[38](SymbolSingleLeftBend),0.5870717763900757,0.6908183693885803,0.3711802363395691,0.705963134765625,0.7030932903289795,0.4768463969230652,0.683502197265625,0.4733174741268158,0.47326135635375977,0.5659482479095459,0.44022029638290405,0.6905646324157715,0.5585080981254578,0.5653600692749023,0.5281526446342468,0.5053467750549316,0.5523948669433594,0.4737451672554016,0.7058584094047546,0.7052114009857178,0.708702802658081,0.685171365737915,0.7059003114700317,0.1944924294948578,0.19977369904518127,0.7055448293685913,0.7034398913383484,0.7096105813980103,0.705253005027771,0.7045270800590515,0.7037755250930786,0.19405719637870789,0.705963134765625,0.705963134765625,0.7037755250930786,0.19405719637870789,0.19405719637870789,0.19405719637870789,0.705963134765625,0.627208411693573,0.19405719637870789,0.705963134765625,0.705963134765625,0.19405719637870789,0.19405719637870789,0.705963134765625,0.19405719637870789,0.7015486359596252,0.19405719637870789,0.19405719637870789,0.21812114119529724,0.19405719637870789,0.19405719637870789,0.705963134765625,0.19405719637870789,0.19405719637870789,0.705963134765625,0.705963134765625,0.705963134765625,0.705963134765625,0.705963134765625,0.705963134765625,0.705963134765625,0.6337713003158569,0.19405719637870789,0.6950249671936035,0.705963134765625,0.705963134765625,0.19405719637870789,0.705963134765625,0.6994002461433411,0.21812114119529724,0.705963134765625,0.627208411693573,0.19405719637870789,0.705963134765625,0.19405719637870789,0.705963134765625,0.7015486359596252,0.19405719637870789,0.19405719637870789,0.19405719637870789,0.705963134765625,0.19405719637870789,0.19405719637870789,0.19405719637870789,0.705963134765625,0.19405719637870789,0.7037755250930786,0.7037755250930786,0.705963134765625,0.19405719637870789,0.19405719637870789,0.19405719637870789,0.705963134765625,0.705963134765625
N[39](SymbolSingleRightBend),0.4456396698951721,0.757779598236084,0.4997765123844147,0.7598962187767029,0.7617543935775757,0.3418387174606323,0.6678296327590942,0.5772325396537781,0.4941040873527527,0.4889298677444458,0.4879158139228821,0.7576729655265808,0.34262070059776306,0.2462897151708603,0.6401081085205078,0.43703362345695496,0.36577320098876953,0.6106294989585876,0.7597640752792358,0.2489100694656372,0.24463807046413422,0.24484854936599731,0.24806714057922363,0.24834874272346497,0.7592103481292725,0.32728052139282227,0.7596056461334229,0.4879336953163147,0.7590000629425049,0.2497473657131195,0.24799023568630219,0.7598962187767029,0.24799023568630219,0.7598962187767029,0.7598962187767029,0.24799023568630219,0.7598962187767029,0.7598962187767029,0.24799023568630219,0.24799023568630219,0.7598962187767029,0.7598962187767029,0.7577085494995117,0.24799023568630219,0.24799023568630219,0.7598962187767029,0.7598962187767029,0.2480158656835556,0.7598962187767029,0.7598962187767029,0.24799023568630219,0.24799023568630219,0.7598962187767029,0.24799023568630219,0.24799023568630219,0.7598962187767029,0.3354955315589905,0.7598962187767029,0.7598962187767029,0.24799023568630219,0.7598962187767029,0.24799023568630219,0.24799023568630219,0.24799023568630219,0.7598962187767029,0.7598962187767029,0.24799023568630219,0.7598962187767029,0.7598962187767029,0.24799023568630219,0.7598962187767029,0.24799023568630219,0.24799023568630219,0.24799023568630219,0.7598962187767029,0.7577085494995117,0.24799023568630219,0.7598962187767029,0.2480158656835556,0.7598962187767029,0.24799023568630219,0.24799023568630219,0.7598962187767029,0.7598962187767029,0.7598962187767029,0.24799023568630219,0.24799023568630219,0.7598962187767029,0.24799023568630219,0.7598962187767029,0.7598962187767029,0.7598962187767029,0.24799023568630219,0.7598962187767029,0.24799023568630219,0.24799023568630219
N[40](SymbolTwoOrMoreLeftBend),0.4793612062931061,0.2876657247543335,0.5721119046211243,0.285539835691452,0.28463518619537354,0.6594476103782654,0.30111414194107056,0.4261350631713867,0.5939522385597229,0.45597368478775024,0.6106904149055481,0.2877584397792816,0.5119569301605225,0.5439378023147583,0.40592753887176514,0.5128541588783264,0.6168490648269653,0.3767262101173401,0.285648912191391,0.7963601350784302,0.577054500579834,0.563179612159729,0.797355055809021,0.7970227003097534,0.7917517423629761,0.2859754264354706,0.2857796251773834,0.5583069920539856,0.2862792909145355,0.28703516721725464,0.285539835691452,0.285539835691452,0.285539835691452,0.285539835691452,0.285539835691452,0.7974457740783691,0.285539835691452,0.7974457740783691,0.7974457740783691,0.285539835691452,0.285539835691452,0.285539835691452,0.285539835691452,0.7974457740783691,0.7974457740783691,0.2899151146411896,0.285539835691452,0.797415554523468,0.285539835691452,0.7974457740783691,0.7974457740783691,0.7974457740783691,0.285539835691452,0.7974457740783691,0.7974457740783691,0.7974457740783691,0.285539835691452,0.285539835691452,0.285539835691452,0.7974457740783691,0.285539835691452,0.285539835691452,0.7974457740783691,0.7974457740783691,0.7974457740783691,0.285539835691452,0.7974457740783691,0.285539835691452,0.285539835691452,0.7974457740783691,0.285539835691452,0.7974457740783691,0.7974457740783691,0.285539835691452,0.285539835691452,0.285539835691452,0.7974457740783691,0.285539835691452,0.797415554523468,0.285539835691452,0.7974457740783691,0.7974457740783691,0.2899151146411896,0.285539835691452,0.285539835691452,0.7974457740783691,0.285539835691452,0.285539835691452,0.285539835691452,0.285539835691452,0.285539835691452,0.285539835691452,0.7974457740783691,0.7974457740783691,0.285539835691452,0.2899151146411896
N[41](SymbolRightNarrow),0.6092983484268188,0.2638998031616211,0.423189640045166,0.2639664113521576,0.5085139870643616,0.44596582651138306,0.3420483469963074,0.5460667610168457,0.37683624029159546,0.5148969292640686,0.3970552682876587,0.2639997899532318,0.6966497302055359,0.659268319606781,0.7758638858795166,0.5317028164863586,0.447052538394928,0.555515468120575,0.2618999183177948,0.2626482844352722,0.4829578995704651,0.7770966291427612,0.2618514895439148,0.2621176838874817,0.2624073922634125,0.26226261258125305,0.7733787298202515,0.5341250896453857,0.7727410793304443,0.7717764377593994,0.7736847400665283,0.26615405082702637,0.2617787718772888,0.7736847400665283,0.7736847400665283,0.7736847400665283,0.7736847400665283,0.2617787718772888,0.2617787718772888,0.7736847400665283,0.2617787718772888,0.2639664113521576,0.2617787718772888,0.2617787718772888,0.7736847400665283,0.2617787718772888,0.7736847400665283,0.7736569046974182,0.7736847400665283,0.2617787718772888,0.2617787718772888,0.2617787718772888,0.7736847400665283,0.2617787718772888,0.2617787718772888,0.2617787718772888,0.2617787718772888,0.7736847400665283,0.2617787718772888,0.7736847400665283,0.7736847400665283,0.7736847400665283,0.2617787718772888,0.7736847400665283,0.2617787718772888,0.2617787718772888,0.2617787718772888,0.2617787718772888,0.7736847400665283,0.2617787718772888,0.7736847400665283,0.2617787718772888,0.2617787718772888,0.7736847400665283,0.2617787718772888,0.2617787718772888,0.2617787718772888,0.2639664113521576,0.7736569046974182,0.7736847400665283,0.2617787718772888,0.7736847400665283,0.2617787718772888,0.7736847400665283,0.7736847400665283,0.2617787718772888,0.2617787718772888,0.26615405082702637,0.7736847400665283,0.7736847400665283,0.7736847400665283,0.7736847400665283,0.7736847400665283,0.2617787718772888,0.7736847400665283,0.7736847400665283
N[42](SymbolRoadDeformities),0.5903632044792175,0.19461897015571594,0.41767898201942444,0.7000612616539001,0.45116251707077026,0.47795289754867554,0.22573626041412354,0.5621100068092346,0.5249282717704773,0.5271995067596436,0.5236246585845947,0.1947680413722992,0.28204435110092163,0.31656789779663086,0.24786531925201416,0.7272348403930664,0.5548697710037231,0.6069596409797668,0.702146053314209,0.7015106678009033,0.4805912971496582,0.18648259341716766,0.1904374361038208,0.7019611597061157,0.7017152309417725,0.7018381357192993,0.6997298002243042,0.7058305740356445,0.7015515565872192,0.7008387446403503,0.7022489309310913,0.19034293293952942,0.7022489309310913,0.7022489309310913,0.7022489309310913,0.19034293293952942,0.7022489309310913,0.7022489309310913,0.19034293293952942,0.6978736519813538,0.7022489309310913,0.7022489309310913,0.19034293293952942,0.19034293293952942,0.7022489309310913,0.19034293293952942,0.7022489309310913,0.702228307723999,0.19034293293952942,0.7000612616539001,0.7000612616539001,0.19034293293952942,0.2100316286087036,0.19034293293952942,0.7022489309310913,0.7022489309310913,0.7022489309310913,0.7022489309310913,0.7022489309310913,0.7022489309310913,0.7022489309310913,0.7022489309310913,0.7022489309310913,0.19034293293952942,0.7000612616539001,0.19034293293952942,0.19034293293952942,0.7022489309310913,0.6978736519813538,0.7022489309310913,0.19034293293952942,0.7000612616539001,0.19034293293952942,0.6978736519813538,0.7022489309310913,0.19034293293952942,0.19034293293952942,0.7022489309310913,0.702228307723999,0.19034293293952942,0.19034293293952942,0.7022489309310913,0.19034293293952942,0.2100316286087036,0.7022489309310913,0.19034293293952942,0.7022489309310913,0.19034293293952942,0.7022489309310913,0.7022489309310913,0.7022489309310913,0.7022489309310913,0.19034293293952942,0.7022489309310913,0.19034293293952942,0.19034293293952942
N[43](SymbolSlipperyRoad),0.5611743927001953,0.6657721996307373,0.4009988307952881,0.6917675733566284,0.6909972429275513,0.43361130356788635,0.6487253308296204,0.4981639087200165,0.4400337338447571,0.5570653080940247,0.41379567980766296,0.6675832867622375,0.5622581243515015,0.5626298189163208,0.5710804462432861,0.5268895626068115,0.5244193077087402,0.526565432548523,0.6916700601577759,0.691067636013031,0.694318413734436,0.4138449430465698,0.691709041595459,0.18031704425811768,0.18561556935310364,0.691378116607666,0.6892601847648621,0.6951636075973511,0.691106379032135,0.6904304623603821,0.6917675733566284,0.17986160516738892,0.6917675733566284,0.6917675733566284,0.6917675733566284,0.17986160516738892,0.689579963684082,0.17986160516738892,0.689579963684082,0.6873922944068909,0.17986160516738892,0.6917675733566284,0.6917675733566284,0.17986160516738892,0.17986160516738892,0.17986160516738892,0.6873922944068909,0.6917480826377869,0.17986160516738892,0.17986160516738892,0.6917675733566284,0.17986160516738892,0.17986160516738892,0.6917675733566284,0.17986160516738892,0.17986160516738892,0.6917675733566284,0.6917675733566284,0.6917675733566284,0.6917675733566284,0.6917675733566284,0.6917675733566284,0.6917675733566284,0.17986160516738892,0.17986160516738892,0.6655160188674927,0.6786417961120605,0.6917675733566284,0.17986160516738892,0.6917675733566284,0.689579963684082,0.6917675733566284,0.689579963684082,0.6873922944068909,0.17986160516738892,0.6917675733566284,0.17986160516738892,0.6917675733566284,0.6917480826377869,0.17986160516738892,0.17986160516738892,0.17986160516738892,0.17986160516738892,0.17986160516738892,0.6873922944068909,0.17986160516738892,0.6917675733566284,0.17986160516738892,0.6917675733566284,0.6917675733566284,0.6917675733566284,0.689579963684082,0.17986160516738892,0.17986160516738892,0.6917675733566284,0.6917675733566284
N[44](SymbolChildren),0.49344658851623535,0.255127876996994,0.5514796376228333,0.2508395314216614,0.24561038613319397,0.64207524061203,0.2695857584476471,0.4323303699493408,0.5863168239593506,0.46441176533699036,0.6018208265304565,0.2552584707736969,0.487875372171402,0.5178471803665161,0.42521440982818604,0.43536263704299927,0.5650537014007568,0.40355923771858215,0.25096622109413147,0.7617864608764648,0.5418925881385803,0.24773335456848145,0.2509155571460724,0.7623717188835144,0.7595975399017334,0.2537328004837036,0.7601587772369385,0.767398476600647,0.2516986131668091,0.2525767982006073,0.2508395314216614,0.2508395314216614,0.2508395314216614,0.2508395314216614,0.2508395314216614,0.7627454996109009,0.7627454996109009,0.7627454996109009,0.2508395314216614,0.7233681082725525,0.7627454996109009,0.2508395314216614,0.2508395314216614,0.7627454996109009,0.7627454996109009,0.2508395314216614,0.7627454996109009,0.7627187967300415,0.25521478056907654,0.7627454996109009,0.7627454996109009,0.2508395314216614,0.2508395314216614,0.2508395314216614,0.7627454996109009,0.7627454996109009,0.2508395314216614,0.7627454996109009,0.7627454996109009,0.7627454996109009,0.2508395314216614,0.2508395314216614,0.7627454996109009,0.2508395314216614,0.7627454996109009,0.2508395314216614,0.7627454996109009,0.2508395314216614,0.7627454996109009,0.7627454996109009,0.2508395314216614,0.7627454996109009,0.2508395314216614,0.7233681082725525,0.7627454996109009,0.2508395314216614,0.7627454996109009,0.2508395314216614,0.7627187967300415,0.25521478056907654,0.2508395314216614,0.7627454996109009,0.2508395314216614,0.2508395314216614,0.7627454996109009,0.7627454996109009,0.2508395314216614,0.2508395314216614,0.2508395314216614,0.2508395314216614,0.2508395314216614,0.7627454996109009,0.7627454996109009,0.7627454996109009,0.2508395314216614,0.2508395314216614
N[45](SymbolCyclists),0.5034129619598389,0.723581075668335,0.4587804079055786,0.7257046699523926,0.7304415702819824,0.38762447237968445,0.7102087736129761,0.5435822010040283,0.442832350730896,0.5422393083572388,0.42102909088134766,0.7234849333763123,0.48643365502357483,0.4577941298484802,0.5510202646255493,0.5870735049247742,0.5169743299484253,0.5682907700538635,0.7255899310112,0.21484334766864777,0.43433964252471924,0.4482051134109497,0.725635826587677,0.21420587599277496,0.21946312487125397,0.725246250629425,0.7254523038864136,0.453136682510376,0.7249264717102051,0.7241309881210327,0.7257046699523926,0.7257046699523926,0.7257046699523926,0.7257046699523926,0.7257046699523926,0.21379871666431427,0.21817398071289062,0.21379871666431427,0.7257046699523926,0.21379871666431427,0.7235170602798462,0.7257046699523926,0.7257046699523926,0.21379871666431427,0.21379871666431427,0.7257046699523926,0.21379871666431427,0.21382783353328705,0.21379871666431427,0.21379871666431427,0.7257046699523926,0.7257046699523926,0.7257046699523926,0.7257046699523926,0.21379871666431427,0.21379871666431427,0.7257046699523926,0.7257046699523926,0.7257046699523926,0.21379871666431427,0.7257046699523926,0.7257046699523926,0.21379871666431427,0.21379871666431427,0.21379871666431427,0.7257046699523926,0.2312997728586197,0.7257046699523926,0.21379871666431427,0.21379871666431427,0.7257046699523926,0.7257046699523926,0.7257046699523926,0.21379871666431427,0.7235170602798462,0.7257046699523926,0.21379871666431427,0.7257046699523926,0.21382783353328705,0.21379871666431427,0.7257046699523926,0.21379871666431427,0.7257046699523926,0.7257046699523926,0.21379871666431427,0.21379871666431427,0.7257046699523926,0.7257046699523926,0.7257046699523926,0.7257046699523926,0.7257046699523926,0.21817398071289062,0.21379871666431427,0.21379871666431427,0.7257046699523926,0.7257046699523926
N[46](SymbolWildAnimals),0.6509916186332703,0.24013391137123108,0.40256625413894653,0.2380177080631256,0.2325194776058197,0.6023722887039185,0.3266560137271881,0.47580835223197937,0.5134586691856384,0.53643798828125,0.5078125,0.2402411550283432,0.5563982129096985,0.6241043210029602,0.36350929737091064,0.6766155958175659,0.637123703956604,0.4562907814979553,0.2381509393453598,0.7490114569664001,0.7532480955123901,0.7530393600463867,0.749847412109375,0.7495681047439575,0.2436182051897049,0.7494160532951355,0.7473512887954712,0.7530633211135864,0.23892100155353546,0.7481811046600342,0.7499237060546875,0.2380177080631256,0.7499237060546875,0.7499237060546875,0.2380177080631256,0.7499237060546875,0.2380177080631256,0.2380177080631256,0.7499237060546875,0.7499237060546875,0.2380177080631256,0.2380177080631256,0.7499237060546875,0.2380177080631256,0.2380177080631256,0.2380177080631256,0.2380177080631256,0.7498982548713684,0.2380177080631256,0.2380177080631256,0.7499237060546875,0.2380177080631256,0.2380177080631256,0.7499237060546875,0.7499237060546875,0.2380177080631256,0.7499237060546875,0.7499237060546875,0.7477360367774963,0.7499237060546875,0.2380177080631256,0.7499237060546875,0.7499237060546875,0.7499237060546875,0.2380177080631256,0.2380177080631256,0.7499237060546875,0.2380177080631256,0.2380177080631256,0.7499237060546875,0.2380177080631256,0.7499237060546875,0.7499237060546875,0.7499237060546875,0.2380177080631256,0.7499237060546875,0.2380177080631256,0.2380177080631256,0.7498982548713684,0.2380177080631256,0.2380177080631256,0.2380177080631256,0.2380177080631256,0.2380177080631256,0.2380177080631256,0.24458059668540955,0.7499237060546875,0.2380177080631256,0.7499237060546875,0.2380177080631256,0.7499237060546875,0.2380177080631256,0.7499237060546875,0.2380177080631256,0.7499237060546875,0.7499237060546875
N[47](SymbolRoadWorks),0.682465136051178,0.22079549729824066,0.3613150715827942,0.22087085247039795,0.46451398730278015,0.44323188066482544,0.2372054010629654,0.5668033957481384,0.4520152509212494,0.46691370010375977,0.48539870977401733,0.22090864181518555,0.5176681280136108,0.4360843896865845,0.7336323261260986,0.5076175332069397,0.4791577160358429,0.5719528198242188,0.2188262790441513,0.7297475337982178,0.5093085765838623,0.49548953771591187,0.21876907348632812,0.7302611470222473,0.7275261282920837,0.22164180874824524,0.7280384302139282,0.7346727252006531,0.7297941446304321,0.22064469754695892,0.7284015417098999,0.21868321299552917,0.7305892109870911,0.7305892109870911,0.21868321299552917,0.7305892109870911,0.7305892109870911,0.7305892109870911,0.21868321299552917,0.7305892109870911,0.21868321299552917,0.21868321299552917,0.21868321299552917,0.7305892109870911,0.7305892109870911,0.21868321299552917,0.7305892109870911,0.7305657267570496,0.21868321299552917,0.7305892109870911,0.21868321299552917,0.21868321299552917,0.21868321299552917,0.21868321299552917,0.7305892109870911,0.7305892109870911,0.21868321299552917,0.7305892109870911,0.7305892109870911,0.7305892109870911,0.7305892109870911,0.21868321299552917,0.7305892109870911,0.7305892109870911,0.7305892109870911,0.21868321299552917,0.21868321299552917,0.21868321299552917,0.7284015417098999,0.7305892109870911,0.7305892109870911,0.21868321299552917,0.21868321299552917,0.7305892109870911,0.21868321299552917,0.21868321299552917,0.7305892109870911,0.21868321299552917,0.7305657267570496,0.21868321299552917,0.21868321299552917,0.7305892109870911,0.21868321299552917,0.21868321299552917,0.7305892109870911,0.5468280911445618,0.7305892109870911,0.21868321299552917,0.7284015417098999,0.21868321299552917,0.7305892109870911,0.7305892109870911,0.7305892109870911,0.7305892109870911,0.21868321299552917,0.21868321299552917
N[48](SymbolVerticalLightSignals),0.5009748339653015,0.7239373326301575,0.5084027051925659,0.21415488421916962,0.2117520570755005,0.6328672170639038,0.7003262042999268,0.4143608808517456,0.5429647564888,0.5117148160934448,0.521975576877594,0.7238410711288452,0.6280250549316406,0.7255428433418274,0.3336004912853241,0.4817090630531311,0.6218336820602417,0.3599231243133545,0.2143002450466156,0.7252357006072998,0.729067862033844,0.7288790345191956,0.7259918451309204,0.7257392406463623,0.2198183536529541,0.7232145071029663,0.21447448432445526,0.48565787076950073,0.2151404470205307,0.7244846224784851,0.7238731980323792,0.21415488421916962,0.7260608673095703,0.21415488421916962,0.21415488421916962,0.7260608673095703,0.21415488421916962,0.21415488421916962,0.7260608673095703,0.21853014826774597,0.21415488421916962,0.21415488421916962,0.7260608673095703,0.7260608673095703,0.7260608673095703,0.7260608673095703,0.21415488421916962,0.726037859916687,0.21415488421916962,0.21415488421916962,0.7260608673095703,0.7260608673095703,0.21415488421916962,0.7260608673095703,0.7260608673095703,0.21853014826774597,0.7260608673095703,0.21415488421916962,0.21415488421916962,0.7260608673095703,0.21415488421916962,0.7260608673095703,0.7260608673095703,0.7260608673095703,0.21415488421916962,0.7260608673095703,0.7260608673095703,0.21415488421916962,0.21415488421916962,0.7260608673095703,0.21415488421916962,0.7260608673095703,0.7260608673095703,0.21853014826774597,0.21415488421916962,0.7260608673095703,0.7260608673095703,0.21415488421916962,0.726037859916687,0.21415488421916962,0.7260608673095703,0.7260608673095703,0.7260608673095703,0.21415488421916962,0.21415488421916962,0.7260608673095703,0.7260608673095703,0.21415488421916962,0.7238731980323792,0.21415488421916962,0.21415488421916962,0.21415488421916962,0.7260608673095703,0.21415488421916962,0.7260608673095703,0.7260608673095703
N[49](SymbolIntersectionPriority),0.6450988054275513,0.2167242467403412,0.41751933097839355,0.21461279690265656,0.21221958100795746,0.5724408626556396,0.28431251645088196,0.5280739068984985,0.4941524863243103,0.46745824813842773,0.5215546488761902,0.21683862805366516,0.5345578789710999,0.5975958704948425,0.3397955298423767,0.5905903577804565,0.5708690881729126,0.49800559878349304,0.21475793421268463,0.7256919741630554,0.50518399477005,0.4490293562412262,0.7264496088027954,0.7261965274810791,0.7259210348129272,0.7260587215423584,0.7239725589752197,0.7305302619934082,0.21559679508209229,0.7249393463134766,0.7265187501907349,0.21461279690265656,0.7265187501907349,0.7265187501907349,0.21461279690265656,0.7265187501907349,0.21461279690265656,0.7265187501907349,0.21461279690265656,0.21461279690265656,0.21461279690265656,0.21461279690265656,0.21461279690265656,0.7221435308456421,0.7265187501907349,0.21461279690265656,0.21461279690265656,0.7264957427978516,0.21461279690265656,0.7243311405181885,0.7265187501907349,0.7265187501907349,0.21461279690265656,0.7265187501907349,0.7265187501907349,0.7265187501907349,0.7243311405181885,0.7265187501907349,0.7265187501907349,0.7265187501907349,0.21461279690265656,0.7243311405181885,0.7265187501907349,0.21461279690265656,0.7243311405181885,0.21461279690265656,0.7265187501907349,0.21461279690265656,0.21461279690265656,0.7265187501907349,0.21461279690265656,0.7265187501907349,0.21461279690265656,0.21461279690265656,0.21461279690265656,0.21461279690265656,0.7221435308456421,0.21461279690265656,0.7264957427978516,0.21461279690265656,0.7265187501907349,0.7265187501907349,0.21461279690265656,0.21461279690265656,0.21461279690265656,0.7265187501907349,0.7265187501907349,0.21461279690265656,0.7265187501907349,0.21461279690265656,0.7265187501907349,0.21461279690265656,0.7265187501907349,0.7265187501907349,0.21461279690265656,0.7243311405181885
N[50](SymbolDanger),0.6135238409042358,0.17930090427398682,0.39645108580589294,0.6869339942932129,0.686062216758728,0.4359073042869568,0.2785891592502594,0.5289359092712402,0.3947192430496216,0.519839346408844,0.413652241230011,0.17945465445518494,0.5567902326583862,0.5573829412460327,0.5661829710006714,0.6337586641311646,0.5276881456375122,0.5876971483230591,0.6868388652801514,0.6862516403198242,0.6894205212593079,0.4994688928127289,0.6868768930435181,0.17549028992652893,0.18079470098018646,0.6865543127059937,0.6844319701194763,0.6902444362640381,0.6862894296646118,0.6856305599212646,0.6869339942932129,0.1750279814004898,0.6869339942932129,0.6869339942932129,0.6869339942932129,0.1750279814004898,0.6869339942932129,0.6869339942932129,0.6825586557388306,0.6869339942932129,0.1750279814004898,0.6869339942932129,0.6869339942932129,0.1750279814004898,0.1750279814004898,0.1750279814004898,0.6847463250160217,0.6869149208068848,0.1750279814004898,0.1750279814004898,0.6869339942932129,0.1750279814004898,0.1750279814004898,0.6869339942932129,0.1750279814004898,0.1750279814004898,0.6869339942932129,0.6869339942932129,0.6869339942932129,0.6869339942932129,0.6869339942932129,0.6869339942932129,0.6869339942932129,0.3391004204750061,0.1750279814004898,0.1750279814004898,0.6847463250160217,0.6869339942932129,0.1750279814004898,0.6869339942932129,0.6847463250160217,0.6869339942932129,0.6825586557388306,0.6869339942932129,0.1750279814004898,0.6869339942932129,0.1750279814004898,0.6869339942932129,0.6869149208068848,0.1750279814004898,0.1750279814004898,0.1750279814004898,0.1750279814004898,0.1750279814004898,0.6847463250160217,0.1750279814004898,0.6869339942932129,0.1750279814004898,0.6869339942932129,0.6869339942932129,0.6869339942932129,0.6869339942932129,0.1750279814004898,0.6869339942932129,0.6869339942932129,0.6869339942932129
N[51](SymbolPedestrians),0.4337187111377716,0.7085683941841125,0.520216703414917,0.7106950283050537,0.6671674251556396,0.355552613735199,0.608044445514679,0.589198112487793,0.520776093006134,0.5310654640197754,0.4944447875022888,0.7084767818450928,0.2717903256416321,0.1939845234155655,0.5372452735900879,0.510428786277771,0.3966801166534424,0.6201029419898987,0.7105878591537476,0.1998884677886963,0.4891497492790222,0.195033997297287,0.19888097047805786,0.1992175579071045,0.7101390361785889,0.44528505206108093,0.7104594707489014,0.43786120414733887,0.7099685668945312,0.2008892446756363,0.7085073590278625,0.7106950283050537,0.19878904521465302,0.7106950283050537,0.7106950283050537,0.19878904521465302,0.7106950283050537,0.7106950283050537,0.19878904521465302,0.7106950283050537,0.7106950283050537,0.7106950283050537,0.19878904521465302,0.19878904521465302,0.7106950283050537,0.19878904521465302,0.7106950283050537,0.7106735706329346,0.7106950283050537,0.7106950283050537,0.7106950283050537,0.19878904521465302,0.7106950283050537,0.19878904521465302,0.19878904521465302,0.7106950283050537,0.4416162371635437,0.7106950283050537,0.7106950283050537,0.19878904521465302,0.7106950283050537,0.19878904521465302,0.7106950283050537,0.19878904521465302,0.7106950283050537,0.7085073590278625,0.19878904521465302,0.7106950283050537,0.7106950283050537,0.19878904521465302,0.6275650262832642,0.7106950283050537,0.19878904521465302,0.7106950283050537,0.7106950283050537,0.19878904521465302,0.19878904521465302,0.7106950283050537,0.7106735706329346,0.7106950283050537,0.19878904521465302,0.7106950283050537,0.19878904521465302,0.7106950283050537,0.7106950283050537,0.19878904521465302,0.19878904521465302,0.7106950283050537,0.7085073590278625,0.7106950283050537,0.7106950283050537,0.7106950283050537,0.19878904521465302,0.7106950283050537,0.19878904521465302,0.19878904521465302
N[52](SymbolIceSnow),0.39485645294189453,0.7598152160644531,0.5520708560943604,0.7597438097000122,0.5120975971221924,0.5202808380126953,0.6511034965515137,0.4665157198905945,0.5888562798500061,0.5198094844818115,0.5575981140136719,0.7597079277038574,0.33817967772483826,0.3708791136741638,0.3011716306209564,0.43626052141189575,0.4643915295600891,0.4744410216808319,0.7617982029914856,0.2509378492832184,0.24670034646987915,0.24690912663936615,0.2501017153263092,0.7615587711334229,0.758785605430603,0.25292038917541504,0.7616385221481323,0.4900049567222595,0.7610282897949219,0.2517683804035187,0.2500254511833191,0.7619314193725586,0.2500254511833191,0.2500254511833191,0.2500254511833191,0.2500254511833191,0.7619314193725586,0.7619314193725586,0.2500254511833191,0.7619314193725586,0.7619314193725586,0.2500254511833191,0.2500254511833191,0.7619314193725586,0.7619314193725586,0.2500254511833191,0.7619314193725586,0.761904776096344,0.7619314193725586,0.7619314193725586,0.2500254511833191,0.2500254511833191,0.7619314193725586,0.2500254511833191,0.7619314193725586,0.7619314193725586,0.2500254511833191,0.7619314193725586,0.7619314193725586,0.2500254511833191,0.7619314193725586,0.2500254511833191,0.2500254511833191,0.2500254511833191,0.7619314193725586,0.7619314193725586,0.2500254511833191,0.7619314193725586,0.7619314193725586,0.2500254511833191,0.2500254511833191,0.2500254511833191,0.2500254511833191,0.7619314193725586,0.7619314193725586,0.2500254511833191,0.7619314193725586,0.2500254511833191,0.761904776096344,0.7619314193725586,0.2500254511833191,0.7619314193725586,0.2500254511833191,0.7619314193725586,0.7619314193725586,0.7619314193725586,0.2500254511833191,0.7619314193725586,0.2500254511833191,0.2500254511833191,0.2500254511833191,0.7619314193725586,0.2500254511833191,0.7619314193725586,0.2500254511833191,0.2500254511833191
