epoch,loss,accuracy,balanced_accuracy,balanced_accuracy_SignClass_A,balanced_accuracy_SignClass_B,balanced_accuracy_SignClass_C,balanced_accuracy_SignClass_D,balanced_accuracy_const_0,elapsed,f1,invalid_balanced_accuracy,recall
0,0.8399990200996399,0.8889772295951843,0.9296541213989258,0.9447052478790283,0.8916833400726318,0.9122443199157715,0.9458703398704529,nan,23.82249641418457,0.7155326008796692,nan,0.8889772295951843
1,0.06375011801719666,0.9808170199394226,0.983860969543457,0.9898182153701782,0.9696928262710571,0.964438796043396,0.9844929575920105,nan,24.294245958328247,0.9732531905174255,nan,0.9808170199394226

2,0.038664523512125015,0.9882715344429016,0.9900730848312378,0.9948709011077881,0.9764596223831177,0.9814387559890747,0.9874616265296936,nan,24.407800674438477,0.9819984436035156,nan,0.9882715344429016

3,0.019195711240172386,0.9943345785140991,0.9949681758880615,0.998163104057312,0.986342191696167,0.9903059601783752,0.9943603277206421,nan,23.957087516784668,0.9908077120780945,nan,0.9943345785140991

4,0.01642361842095852,0.9939369559288025,0.9954030513763428,0.9964025616645813,0.9887283444404602,0.9918338060379028,0.9957340359687805,nan,23.99687123298645,0.9905131459236145,nan,0.9939369559288025
5,0.025076743215322495,0.9927442669868469,0.9932661056518555,0.995939314365387,0.9852916598320007,0.9864670634269714,0.9934980273246765,nan,24.00704264640808,0.9898508787155151,nan,0.9927442669868469
6,0.0197356678545475,0.9929430484771729,0.9943966865539551,0.9962600469589233,0.9894760847091675,0.9891600012779236,0.993887186050415,nan,23.736737966537476,0.9907081723213196,nan,0.9929430484771729
7,0.010344862937927246,0.996720016002655,0.996645450592041,0.9984582662582397,0.9912924766540527,0.9920852184295654,0.9975808262825012,nan,24.258959531784058,0.994623064994812,nan,0.996720016002655
8,0.004841253627091646,0.9991054534912109,0.9979003071784973,0.9994097948074341,0.9952276945114136,0.9935404062271118,0.9987713098526001,nan,23.960372924804688,0.9986593127250671,nan,0.9991054534912109
9,0.011177017353475094,0.9965212345123291,0.995837926864624,0.9980969429016113,0.9939812421798706,0.9875160455703735,0.997168779373169,nan,24.135656118392944,0.9948391914367676,nan,0.9965212345123291
10,0.01185849029570818,0.995825469493866,0.9958751201629639,0.9978017807006836,0.9904376864433289,0.9889713525772095,0.9973747730255127,nan,24.101982355117798,0.9926227927207947,nan,0.995825469493866

11,0.0035008806735277176,0.9988072514533997,0.9984096884727478,0.9989417791366577,0.9985398054122925,0.994565486907959,0.9988323450088501,nan,23.639811277389526,0.9984927177429199,nan,0.9988072514533997
12,0.0007426293450407684,0.9999005794525146,0.9995030164718628,0.9996285438537598,0.9990206360816956,0.9984382390975952,0.9996718168258667,nan,23.194360494613647,0.9997864365577698,nan,0.9999005794525146
13,0.00034448495716787875,1.0,0.9997515082359314,0.999847412109375,0.9995726346969604,0.9993424415588379,0.9998778700828552,nan,23.12422800064087,1.0,nan,1.0
14,0.00012540858006104827,1.0,0.9999005794525146,1.0,0.9999465942382812,0.9995068311691284,0.99993896484375,nan,23.443358182907104,1.0,nan,1.0
15,9.684777614893392e-05,1.0,0.9998757839202881,1.0,0.9998931884765625,0.999671220779419,0.9997329115867615,nan,23.386948823928833,1.0,nan,1.0
16,3.073156040045433e-05,1.0,0.9999502897262573,1.0,0.9999465942382812,0.9997534155845642,1.0,nan,23.56835961341858,1.0,nan,1.0
17,2.599273284431547e-05,1.0,0.9999626874923706,1.0,1.0,0.9997534155845642,1.0,nan,23.499623775482178,1.0,nan,1.0
18,2.2813062969362363e-05,1.0,0.9999626874923706,1.0,1.0,0.9997534155845642,1.0,nan,24.56334161758423,1.0,nan,1.0
19,2.0351173589006066e-05,1.0,0.9999626874923706,1.0,1.0,0.9997534155845642,1.0,nan,24.66705846786499,1.0,nan,1.0
20,1.8321885363548063e-05,1.0,0.9999751448631287,1.0,1.0,0.9998356103897095,1.0,nan,24.140149116516113,1.0,nan,1.0

21,1.658696237427648e-05,1.0,0.9999751448631287,1.0,1.0,0.9998356103897095,1.0,nan,23.307851791381836,1.0,nan,1.0
22,1.5059647012094501e-05,1.0,0.9999751448631287,1.0,1.0,0.9998356103897095,1.0,nan,24.165569305419922,1.0,nan,1.0
23,1.372956012346549e-05,1.0,0.9999751448631287,1.0,1.0,0.9998356103897095,1.0,nan,24.15438961982727,1.0,nan,1.0
24,1.2529930245364085e-05,1.0,0.9999751448631287,1.0,1.0,0.9998356103897095,1.0,nan,23.653461933135986,1.0,nan,1.0
25,1.1468216143839527e-05,1.0,0.9999751448631287,1.0,1.0,0.9998356103897095,1.0,nan,23.95869278907776,1.0,nan,1.0
26,1.0508710147405509e-05,1.0,0.9999751448631287,1.0,1.0,0.9998356103897095,1.0,nan,23.716031312942505,1.0,nan,1.0
27,9.645386853662785e-06,1.0,0.9999751448631287,1.0,1.0,0.9998356103897095,1.0,nan,23.719752550125122,1.0,nan,1.0
28,8.856952263158746e-06,1.0,0.9999751448631287,1.0,1.0,0.9998356103897095,1.0,nan,23.016037225723267,1.0,nan,1.0

