epoch,loss,balanced_accuracy,balanced_accuracy_A13,balanced_accuracy_A14,balanced_accuracy_A15b,balanced_accuracy_A16,balanced_accuracy_A17a,balanced_accuracy_A19a,balanced_accuracy_A1a,balanced_accuracy_A1b,balanced_accuracy_A1c,balanced_accuracy_A32,balanced_accuracy_A33,balanced_accuracy_A34,balanced_accuracy_A4b2,balanced_accuracy_A7a,balanced_accuracy_A9,balanced_accuracy_B1,balanced_accuracy_B2a,balanced_accuracy_B3,balanced_accuracy_C13aa,balanced_accuracy_C13bb,balanced_accuracy_C14_100,balanced_accuracy_C14_120,balanced_accuracy_C14_20,balanced_accuracy_C14_30,balanced_accuracy_C14_50,balanced_accuracy_C14_60,balanced_accuracy_C14_70,balanced_accuracy_C14_80,balanced_accuracy_C17a,balanced_accuracy_C17b_80,balanced_accuracy_C17c,balanced_accuracy_C17d,balanced_accuracy_C1a,balanced_accuracy_C2,balanced_accuracy_C3e3,balanced_accuracy_D1a1,balanced_accuracy_D1a4,balanced_accuracy_D1a5,balanced_accuracy_D1a6,balanced_accuracy_D1a7,balanced_accuracy_D2a1,balanced_accuracy_D2a2,balanced_accuracy_D3,balanced_accuracy_valid,epoch_elapsed
0,0.8965054750442505,0.41274237632751465,0.47379302978515625,0.5249999761581421,0.46693146228790283,0.5,0.4519940912723541,0.4983391761779785,0.5,0.5952425003051758,0.4867232143878937,0.5286089777946472,0.4987294673919678,0.525354266166687,0.5144467353820801,0.49224376678466797,0.4999077320098877,0.47787609696388245,0.4978695809841156,0.4273346960544586,0.5033473968505859,0.5,0.5083078742027283,0.5012420415878296,0.5131947994232178,0.499904990196228,0.5026760697364807,0.4764818251132965,0.5,0.4971838891506195,0.41274237632751465,0.4952821433544159,0.5,0.49797049164772034,0.5,0.49898579716682434,0.4740350842475891,0.4934002459049225,0.5431869029998779,0.493961364030838,0.4909040331840515,0.5238420367240906,0.5064033269882202,0.5,0.523018479347229,0.7419792413711548,2.04134202003479
1,0.4925607144832611,0.5,0.5,0.5,0.5,0.5,0.5,0.5,0.5,0.5,0.5,0.5,0.5,0.5,0.5,0.5,0.5,0.5,0.5,0.5,0.5,0.5,0.5,0.5,0.5,0.5,0.5,0.5,0.5,0.5,0.5,0.5,0.5,0.5,0.5,0.5,0.5,0.5,0.5,0.5,0.5,0.5,0.5,0.5,0.5,0.8340820670127869,2.3338823318481445

2,0.37634435296058655,0.5,0.5,0.5,0.5,0.5,0.5,0.5,0.5,0.5,0.5,0.5,0.5,0.5,0.5,0.5,0.5,0.5,0.5,0.5,0.5,0.5,0.5,0.5,0.5,0.5,0.5,0.5,0.5,0.5,0.5,0.5,0.5,0.5,0.5,0.5,0.5,0.5,0.5,0.5,0.5,0.5,0.5,0.5,0.5,0.9223191738128662,2.211158514022827
3,0.3101905882358551,0.5,0.5,0.5,0.5,0.5,0.5,0.5,0.5,0.5,0.5,0.5,0.5,0.5,0.5,0.5,0.5,0.5,0.5,0.5,0.5,0.5,0.5,0.5,0.5,0.5,0.5,0.5,0.5,0.5,0.5,0.5,0.5,0.5,0.5,0.5,0.5,0.5,0.5,0.5,0.5,0.5,0.5,0.5,0.5,0.9419079422950745,2.0585591793060303
4,0.2829902470111847,0.5,0.5,0.5,0.5,0.5,0.5,0.5,0.5,0.5,0.5,0.5,0.5,0.5,0.5,0.5,0.5,0.5,0.5,0.5,0.5,0.5,0.5,0.5,0.5,0.5,0.5,0.5,0.5,0.5,0.5,0.5,0.5,0.5,0.5,0.5,0.5,0.5,0.5,0.5,0.5,0.5,0.5,0.5,0.5,0.9512220621109009,2.0611729621887207
5,0.2666855454444885,0.5,0.5,0.5,0.5,0.5,0.5,0.5,0.5,0.5,0.5,0.5,0.5,0.5,0.5,0.5,0.5,0.5,0.5,0.5,0.5,0.5,0.5,0.5,0.5,0.5,0.5,0.5,0.5,0.5,0.5,0.5,0.5,0.5,0.5,0.5,0.5,0.5,0.5,0.5,0.5,0.5,0.5,0.5,0.5,0.9576171636581421,2.1618666648864746
6,0.24659554660320282,0.5,0.5,0.5,0.5,0.5,0.5,0.5,0.5,0.5,0.5,0.5,0.5,0.5,0.5,0.5,0.5,0.5,0.5,0.5,0.5,0.5,0.5,0.5,0.5,0.5,0.5,0.5,0.5,0.5,0.5,0.5,0.5,0.5,0.5,0.5,0.5,0.5,0.5,0.5,0.5,0.5,0.5,0.5,0.5,0.9659042358398438,2.1292314529418945
7,0.22556661069393158,0.5,0.5,0.5,0.5,0.5,0.5,0.5,0.5,0.5,0.5,0.5,0.5,0.5,0.5,0.5,0.5,0.5,0.5,0.5,0.5,0.5,0.5,0.5,0.5,0.5,0.5,0.5,0.5,0.5,0.5,0.5,0.5,0.5,0.5,0.5,0.5,0.5,0.5,0.5,0.5,0.5,0.5,0.5,0.5,0.9725247621536255,2.103100538253784
8,0.21024897694587708,0.5,0.5,0.5,0.5,0.5,0.5,0.5,0.5,0.5,0.5,0.5,0.5,0.5,0.5,0.5,0.5,0.5,0.5,0.5,0.5,0.5,0.5,0.5,0.5,0.5,0.5,0.5,0.5,0.5,0.5,0.5,0.5,0.5,0.5,0.5,0.5,0.5,0.5,0.5,0.5,0.5,0.5,0.5,0.5,0.9741028547286987,2.13907790184021
9,0.19808273017406464,0.5,0.5,0.5,0.5,0.5,0.5,0.5,0.5,0.5,0.5,0.5,0.5,0.5,0.5,0.5,0.5,0.5,0.5,0.5,0.5,0.5,0.5,0.5,0.5,0.5,0.5,0.5,0.5,0.5,0.5,0.5,0.5,0.5,0.5,0.5,0.5,0.5,0.5,0.5,0.5,0.5,0.5,0.5,0.5,0.9769457578659058,2.1990110874176025
10,0.17904312908649445,0.5,0.5,0.5,0.5,0.5,0.5,0.5,0.5,0.5,0.5,0.5,0.5,0.5,0.5,0.5,0.5,0.5,0.5,0.5,0.5,0.5,0.5,0.5,0.5,0.5,0.5,0.5,0.5,0.5,0.5,0.5,0.5,0.5,0.5,0.5,0.5,0.5,0.5,0.5,0.5,0.5,0.5,0.5,0.5,0.9811041355133057,2.0246992111206055

11,0.1856955736875534,0.4761420488357544,0.5,0.5,0.5,0.5,0.5,0.5,0.5,0.5,0.5,0.5,0.5,0.5,0.5,0.5,0.5,0.5,0.4761420488357544,0.5,0.5,0.5,0.5,0.5,0.5,0.5,0.5,0.5,0.5,0.5,0.5,0.5,0.5,0.5,0.5,0.5,0.5,0.5,0.5,0.5,0.5,0.5,0.5,0.5,0.5,0.976310133934021,2.1508209705352783
12,0.171792671084404,0.46845513582229614,0.5,0.5,0.5,0.5,0.5,0.5,0.5,0.5,0.5,0.5,0.5,0.5,0.5,0.5,0.5,0.5,0.46845513582229614,0.5,0.5,0.5,0.5,0.5,0.5,0.5,0.5,0.5,0.5,0.5,0.5,0.5,0.5,0.5,0.5,0.5,0.5,0.5,0.5,0.5,0.5,0.5,0.5,0.5,0.5,0.9780505895614624,2.083374261856079
13,0.14800551533699036,0.3918868899345398,0.5,0.5,0.5,0.5,0.5,0.5,0.5,0.5,0.5,0.5,0.5,0.5,0.5,0.5,0.5,0.5,0.3918868899345398,0.5,0.5,0.5,0.5,0.5,0.5,0.5,0.5,0.5,0.5,0.5,0.5,0.5,0.5,0.5,0.5,0.5,0.5,0.5,0.5,0.5,0.5,0.5,0.5,0.5,0.5,0.9821958541870117,2.1030099391937256
14,0.13730016350746155,0.3679001033306122,0.5,0.5,0.5,0.5,0.5,0.5,0.5,0.5,0.5,0.5,0.5,0.5,0.5,0.5,0.5,0.5,0.3679001033306122,0.5,0.5,0.5,0.5,0.5,0.5,0.5,0.5,0.5,0.5,0.5,0.5,0.5,0.5,0.5,0.5,0.5,0.5,0.5,0.5,0.5,0.5,0.5,0.5,0.5,0.5,0.9815939664840698,2.146181106567383
15,0.11943799257278442,0.374236524105072,0.5,0.5,0.5,0.5,0.5,0.5,0.5,0.5,0.5,0.5,0.5,0.5,0.5,0.5,0.5,0.5,0.374236524105072,0.5,0.5,0.5,0.5,0.5,0.5,0.49563899636268616,0.5,0.5,0.5,0.5,0.5,0.5,0.5,0.5,0.5,0.5,0.5,0.5,0.5,0.5,0.5,0.5,0.5,0.5,0.5,0.9835429191589355,2.029661178588867
16,0.10821966081857681,0.386338472366333,0.5,0.5,0.5,0.5,0.5,0.5,0.5,0.5,0.5,0.5,0.5,0.5,0.5,0.5,0.5,0.5,0.386338472366333,0.5,0.5,0.5,0.5048597455024719,0.4999045431613922,0.5,0.3969944715499878,0.499904990196228,0.5,0.49933499097824097,0.49990519881248474,0.5,0.5,0.5,0.5,0.5,0.5,0.5,0.5,0.5,0.5,0.5,0.5,0.5,0.5,0.5,0.9876911640167236,2.0110976696014404
17,0.09069782495498657,0.369676798582077,0.5,0.5,0.5,0.5,0.5,0.5,0.5,0.5,0.5,0.5,0.5,0.5,0.5,0.5,0.5,0.5,0.5860185623168945,0.5,0.5,0.5,0.6161038875579834,0.5439503788948059,0.5,0.369676798582077,0.49923938512802124,0.5,0.5019413828849792,0.49943116307258606,0.5,0.5,0.5,0.5,0.5,0.5,0.5,0.5,0.5,0.5,0.5,0.5,0.5,0.5,0.5,0.992463231086731,1.9786427021026611
18,0.07761625200510025,0.35968902707099915,0.5,0.5,0.5,0.5,0.5,0.5,0.5,0.5,0.5,0.5,0.5,0.5,0.5,0.5,0.5,0.5,0.7768633365631104,0.5,0.5,0.5,0.9131878614425659,0.5942615270614624,0.5441176295280457,0.35968902707099915,0.4983815550804138,0.5,0.6124531030654907,0.49886149168014526,0.5,0.49509260058403015,0.5,0.5,0.5,0.5,0.5,0.5,0.5,0.5,0.5,0.5,0.5,0.5,0.5,0.9950711727142334,2.0883307456970215
19,0.06937288492918015,0.3999221920967102,0.5,0.5,0.5,0.5,0.5,0.5,0.5,0.5,0.5,0.5,0.5,0.5,0.5,0.5,0.5,0.5,0.8679437637329102,0.5,0.5,0.5,0.9961897134780884,0.6613683700561523,0.6711409091949463,0.3999221920967102,0.5447760820388794,0.5634517669677734,0.7349910140037537,0.5403864979743958,0.5,0.480266809463501,0.5,0.5,0.5,0.5,0.5,0.5,0.5,0.5,0.5,0.5,0.5,0.5,0.5,0.9967544078826904,2.0369317531585693
20,0.05685383826494217,0.46792733669281006,0.5,0.5,0.5,0.5,0.5,0.5,0.5,0.5,0.5,0.5,0.5,0.5,0.5,0.5,0.5,0.5,0.8699073791503906,0.5,0.5,0.5,0.9958293437957764,0.7758206129074097,0.8642857074737549,0.8079255819320679,0.8455721139907837,0.7218151092529297,0.8185458183288574,0.7774155139923096,0.5,0.46792733669281006,0.5,0.5,0.5,0.5,0.5,0.5,0.5,0.5,0.5,0.5,0.5,0.5,0.5,0.9988982677459717,2.080249071121216

21,0.05250870808959007,0.498891144990921,0.5,0.5,0.5,0.5,0.5,0.5,0.5,0.5,0.5,0.5,0.5,0.5,0.5,0.5,0.5,0.5,0.871161699295044,0.5,0.5,0.5,0.9932547807693481,0.8276172876358032,0.9751796126365662,0.8609422445297241,0.9882863759994507,0.9522292613983154,0.8442670106887817,0.9940195679664612,0.5,0.498891144990921,0.5,0.5,0.5,0.5,0.5,0.5,0.5,0.5,0.49925512075424194,0.5,0.5,0.5,0.5,0.9992692470550537,2.031240940093994
22,0.045772768557071686,0.49805304408073425,0.5,0.5,0.5,0.5,0.5,0.5,0.5,0.5,0.5,0.5,0.5,0.5,0.5,0.5,0.5,0.5,0.8754398822784424,0.5,0.5,0.5,0.9907318949699402,0.8342838883399963,0.9997143745422363,0.9108057022094727,0.9945786595344543,0.9996210336685181,0.8426805734634399,0.9947608709335327,0.5,0.49805304408073425,0.5,0.5,0.5,0.5,0.5,0.5,0.5,0.5,0.49962887167930603,0.5,0.5,0.5,0.5,0.9996297359466553,2.050513982772827
23,0.0424363873898983,0.4531075656414032,0.5,0.5,0.5,0.5,0.5,0.5,0.5,0.5,0.5,0.4998154640197754,0.5,0.5,0.4999076724052429,0.5,0.5,0.5,0.8711770176887512,0.5,0.5,0.5,0.9927921295166016,0.835740327835083,0.9997143745422363,0.9770442247390747,0.9956274032592773,0.9993366003036499,0.8321585059165955,0.9962056875228882,0.5,0.49767959117889404,0.5,0.5,0.5,0.5,0.5,0.5,0.5,0.5,0.5607122182846069,0.5,0.5,0.4531075656414032,0.5,0.9992529153823853,2.0497560501098633
24,0.036023784428834915,0.3666975796222687,0.4999077022075653,0.5,0.5,0.5,0.49990761280059814,0.5,0.5,0.5,0.5,0.5,0.5,0.5,0.5,0.5,0.5,0.5,0.870116651058197,0.5,0.6518987417221069,0.5367646813392639,0.9901533722877502,0.8292566537857056,0.9991444945335388,0.9884696006774902,0.9956398010253906,0.9996213912963867,0.8223258256912231,0.9933155179023743,0.5,0.497132271528244,0.5,0.5,0.5,0.5,0.5,0.5,0.5,0.5833333134651184,0.7311792969703674,0.5,0.5,0.3666975796222687,0.5,1.0,2.1641054153442383
25,0.03278143331408501,0.35961002111434937,0.49990785121917725,0.5,0.5,0.5,0.4998154640197754,0.5,0.5,0.5,0.5,0.49963125586509705,0.4995386600494385,0.5,0.4996311366558075,0.5,0.5,0.5,0.8723148107528687,0.5,0.7882353067398071,0.8247422575950623,0.9914335012435913,0.8305149078369141,0.9995248913764954,0.9890953898429871,0.9953536987304688,0.9994293451309204,0.8235238194465637,0.9961122274398804,0.5,0.49777984619140625,0.5,0.5,0.5,0.5,0.5,0.5,0.5,0.60317462682724,0.7802397012710571,0.5,0.5,0.35961002111434937,0.5,1.0,2.1053686141967773
26,0.03056144341826439,0.49740883708000183,0.49972304701805115,0.5,0.5,0.5,0.4998154044151306,0.5,0.5,0.5,0.5,0.49944546818733215,0.4995386600494385,0.5,0.4996306002140045,0.5,0.5,0.5,0.8733789920806885,0.499723345041275,0.9719626307487488,1.0,0.9897162318229675,0.827690601348877,0.9996211528778076,0.9903900623321533,0.9946696758270264,0.999809741973877,0.8244064450263977,0.9954380989074707,0.5,0.49740883708000183,0.5,0.5,0.5,0.5,0.5,0.5,0.517241358757019,0.7720588445663452,0.8456921577453613,0.5,0.5,0.5391632318496704,0.5,0.9998154640197754,2.0667636394500732
27,0.026084227487444878,0.4514080584049225,0.4998154938220978,0.5,0.5,0.5,0.4998152554035187,0.5,0.5,0.5,0.49981555342674255,0.4994460940361023,0.49944648146629333,0.5,0.4996316134929657,0.5,0.5,0.5,0.8757867813110352,0.4514080584049225,1.0,1.0,0.9912247657775879,0.8304198980331421,0.99952632188797,0.9903790950775146,0.9964848756790161,0.9997149705886841,0.8270583748817444,0.9957200288772583,0.5,0.6050997376441956,0.4999077320098877,0.5,0.5,0.5,0.6391752362251282,0.5,0.5514705777168274,0.7769230604171753,0.9992567896842957,0.49953556060791016,0.5089285969734192,0.7323110103607178,0.5,1.0,2.031367063522339
28,0.023553693667054176,0.391284316778183,0.49953848123550415,0.5,0.5,0.5,0.49981552362442017,0.5,0.5,0.5,0.49972355365753174,0.4994470179080963,0.49944689869880676,0.5,0.49972328543663025,0.5,0.5,0.5,0.8790038824081421,0.391284316778183,1.0,1.0,0.9924733638763428,0.8319399356842041,0.9989491701126099,0.9906291961669922,0.994749903678894,0.9990490674972534,0.8311145305633545,0.9958349466323853,0.5,0.6551179885864258,0.5,0.4985215365886688,0.499907523393631,0.5,0.8780487775802612,0.5086206793785095,0.6100765466690063,0.9925373196601868,0.998421847820282,0.6069481372833252,0.5612244606018066,0.7992464303970337,0.49981412291526794,0.9998130202293396,2.026165723800659
29,0.021988604217767715,0.3752073645591736,0.49953824281692505,0.4998153746128082,0.5,0.5,0.5,0.5,0.5,0.4999077618122101,0.4997228980064392,0.4996309280395508,0.49935436248779297,0.5,0.49972355365753174,0.5,0.5,0.5,0.8740048408508301,0.3752073645591736,1.0,0.9999061822891235,0.9910781979560852,0.8235963582992554,0.9995248913764954,0.9905983209609985,0.9962027668952942,0.9996199607849121,0.8262816667556763,0.9954510927200317,0.5,0.7778947353363037,0.49990782141685486,0.40387097001075745,0.5,0.5,0.9313725233078003,0.6517857313156128,0.7498141527175903,1.0,0.9990706443786621,0.7447862029075623,0.8125,0.8342926502227783,0.5492957830429077,0.9998167753219604,2.1230013370513916
30,0.019754912704229355,0.37557560205459595,0.4995393455028534,0.40971195697784424,0.5,0.5,0.4998154044151306,0.4996310770511627,0.5,0.49990788102149963,0.49972328543663025,0.49935388565063477,0.4994473159313202,0.5,0.4996310770511627,0.5,0.5,0.5,0.8757171630859375,0.37557560205459595,1.0,0.9996273517608643,0.9901849031448364,0.8248389959335327,0.9995242357254028,0.9890026450157166,0.9959195256233215,0.9994312524795532,0.8244143724441528,0.9955348968505859,0.5,0.7923722267150879,0.5960614681243896,0.37569212913513184,0.49990731477737427,0.5,0.9642857313156128,0.8467742204666138,0.7654938697814941,1.0,0.998515248298645,0.7761505842208862,0.9322034120559692,0.8247910737991333,0.5850136876106262,0.9998192191123962,2.111083984375

31,0.016447050496935844,0.36741095781326294,0.49898430705070496,0.3710598945617676,0.5,0.5,0.4999077022075653,0.45332103967666626,0.5,0.5,0.49944597482681274,0.49861496686935425,0.49870777130126953,0.5,0.49907782673835754,0.5,0.49990788102149963,0.5,0.8706449270248413,0.3706229329109192,1.0,0.9996272325515747,0.9903992414474487,0.822264552116394,0.9991447925567627,0.9902091026306152,0.9950766563415527,0.9992406964302063,0.823691189289093,0.9972506761550903,0.4999077022075653,0.8183835744857788,0.5,0.36741095781326294,0.7243043184280396,0.5,0.9997192621231079,0.9765625,0.8959943056106567,1.0,0.9985146522521973,0.8995459079742432,1.0,0.8255058526992798,0.7014269828796387,1.0,2.0533602237701416
32,0.015325202606618404,0.3736385405063629,0.4994466006755829,0.37624678015708923,0.5,0.5,0.4996311366558075,0.378438264131546,0.5,0.4998157024383545,0.4995386600494385,0.49889177083969116,0.4991702139377594,0.5,0.49953892827033997,0.5,0.5,0.5,0.8809655904769897,0.37928175926208496,1.0,0.9984085559844971,0.9892667531967163,0.826988935470581,0.9995235204696655,0.9920212626457214,0.9953342080116272,0.9989533424377441,0.8359833359718323,0.9951622486114502,0.4998153746128082,0.7941937446594238,0.49981528520584106,0.3736385405063629,0.9455757737159729,0.49990779161453247,1.0,1.0,0.9852010011672974,1.0,0.9975786805152893,0.9359212517738342,0.9999071359634399,0.8328683376312256,0.8892729878425598,0.9998154640197754,1.9724335670471191
33,0.012446410953998566,0.3745155930519104,0.5,0.3745155930519104,0.49972304701805115,0.5,0.782608687877655,0.5417590141296387,0.5,0.5,0.5,0.49926239252090454,0.4997236132621765,0.5,0.4995385706424713,0.5,0.5,0.6315789222717285,0.8834412693977356,0.37884366512298584,0.9999065399169922,0.9988787174224854,0.991385817527771,0.8303300142288208,0.9993352293968201,0.9901046752929688,0.9965642690658569,0.9998104572296143,0.835046648979187,0.9964761734008789,0.5,0.9444906711578369,0.666482150554657,0.5072569847106934,0.999814510345459,0.5,0.999719500541687,1.0,0.9993497133255005,1.0,0.9985113143920898,0.9841586351394653,1.0,0.8320014476776123,0.9296388030052185,1.0,2.085015058517456
34,0.011273760348558426,0.37212300300598145,0.5956920981407166,0.46642065048217773,0.47722241282463074,0.5,0.9061578512191772,0.49857765436172485,0.5,0.4998156428337097,0.49953824281692505,0.5428321361541748,0.49935483932495117,0.5,0.49944689869880676,0.5,0.49990785121917725,0.625,0.8805514574050903,0.37212300300598145,1.0,0.9981367588043213,0.9900933504104614,0.8180524110794067,0.999336838722229,0.9919507503509521,0.9950588941574097,0.9991456270217896,0.8256478309631348,0.996578574180603,0.5,0.997776985168457,0.6051709055900574,0.647201657295227,0.9996292591094971,0.4997236132621765,0.9999064803123474,1.0,0.9991638660430908,1.0,0.998232901096344,0.9982345104217529,1.0,0.8199739456176758,0.930211067199707,0.999819815158844,2.0625288486480713
35,0.009294571354985237,0.3758982717990875,0.5945922136306763,0.7435424327850342,0.43557605147361755,0.5,0.9627782106399536,0.40293142199516296,0.5,0.49972298741340637,0.49944639205932617,0.49935412406921387,0.4992629587650299,0.4998154044151306,0.4996315538883209,0.523809552192688,0.49981555342674255,0.976190447807312,0.8893002271652222,0.3758982717990875,0.99981290102005,0.9982176423072815,0.9891449213027954,0.8258801102638245,0.9996193647384644,0.992577075958252,0.9952317476272583,0.9994312524795532,0.8348239660263062,0.9966806173324585,0.4998156726360321,0.9985190629959106,0.6941677927970886,0.8655834197998047,0.9998147487640381,0.49990779161453247,0.9998123645782471,1.0,0.9992570877075195,1.0,0.9982325434684753,0.9981405735015869,1.0,0.8268623352050781,0.9995343685150146,0.999812126159668,2.0467352867126465
36,0.00922228954732418,0.3734118938446045,0.6533855199813843,0.8178542852401733,0.45636194944381714,0.6304347515106201,0.9283874034881592,0.6804019212722778,0.6499999761581421,0.4997231364250183,0.8142606019973755,0.5590766072273254,0.4991700351238251,0.5433859825134277,0.4989837408065796,0.523809552192688,0.49981528520584106,1.0,0.8929034471511841,0.3734118938446045,0.9999065399169922,0.9977666139602661,0.9903773069381714,0.8222559690475464,0.9996203184127808,0.9912779331207275,0.9955323338508606,0.9991474151611328,0.830894947052002,0.9966710805892944,0.7390381097793579,0.997962236404419,0.8434734344482422,0.7242612242698669,0.9995366930961609,0.6248154640197754,0.9994394779205322,0.9999068975448608,0.998885989189148,1.0,0.9981436729431152,0.9985149502754211,1.0,0.8206461071968079,0.9995352029800415,1.0,2.1275923252105713
37,0.007339906878769398,0.37442460656166077,0.7607772350311279,0.8658919334411621,0.7619984149932861,0.6469666361808777,1.0,0.8673487901687622,0.9047619104385376,0.49963003396987915,0.8416441082954407,0.6913841366767883,0.5425552725791931,0.5475267767906189,0.49926280975341797,0.699999988079071,0.4996304512023926,1.0,0.8988150358200073,0.37442460656166077,0.9997196197509766,0.9974813461303711,0.9881201386451721,0.8235294222831726,0.9992364645004272,0.9899028539657593,0.9962913990020752,0.9995266199111938,0.8259626626968384,0.9975425004959106,0.7811578512191772,0.998148500919342,0.9999077916145325,0.8606194257736206,0.9997221231460571,0.7499077320098877,0.9998133778572083,1.0,0.9983283877372742,1.0,0.9981398582458496,0.9980454444885254,1.0,0.819933295249939,0.9998141527175903,1.0,2.078719139099121
38,0.006322627887129784,0.37373363971710205,0.922339916229248,0.8665192127227783,0.8728766441345215,0.8571428656578064,0.9999077320098877,0.8666297793388367,0.97826087474823,0.4998156428337097,0.9789820313453674,0.8993542194366455,0.7092350721359253,0.6050786972045898,0.5210007429122925,0.6842105388641357,0.6737284660339355,1.0,0.9036468267440796,0.37373363971710205,1.0,0.9983161687850952,0.9900152087211609,0.8243474960327148,0.9988571405410767,0.9909420013427734,0.994400143623352,0.9991464614868164,0.8285903930664062,0.995815098285675,0.970588207244873,0.9975881576538086,0.9997231960296631,0.8618651628494263,0.9993524551391602,0.8821685314178467,0.999626100063324,1.0,0.9981429576873779,1.0,0.998324990272522,0.9978684186935425,0.9999070167541504,0.823698878288269,0.9994426965713501,0.9998148083686829,2.0611557960510254
39,0.005303898360580206,0.3733885884284973,0.9998154640197754,0.866211473941803,0.8318594694137573,1.0,1.0,0.8620594143867493,1.0,0.5,0.9999078512191772,0.9421229362487793,0.6425806879997253,0.8249077796936035,0.7406483888626099,0.84375,0.65625,1.0,0.9092678427696228,0.3733885884284973,0.9997192621231079,0.9980344772338867,0.9879977107048035,0.822857677936554,0.9995241761207581,0.9904699325561523,0.9960121512413025,0.9987595081329346,0.8287292718887329,0.9974339604377747,1.0,0.9983317852020264,1.0,0.8572880029678345,0.9992592334747314,1.0,0.9999064207077026,0.9999069571495056,0.998604416847229,0.9999071955680847,0.997948169708252,0.997679591178894,1.0,0.8194831609725952,0.9997216463088989,1.0,2.099240779876709
40,0.004860249813646078,0.37352725863456726,0.9996312856674194,0.8651893138885498,0.872900128364563,1.0,0.9999077916145325,0.8604801893234253,1.0,0.4998154938220978,0.999722957611084,0.9993544816970825,0.9993542432785034,0.8913043737411499,0.9992611408233643,1.0,0.9997230768203735,1.0,0.9191367030143738,0.37352725863456726,1.0,0.9973816871643066,0.9851100444793701,0.8217465281486511,0.9991444945335388,0.9929644465446472,0.9936275482177734,0.9988600015640259,0.8298419713973999,0.9963912963867188,0.999722957611084,0.9983311891555786,0.9999078512191772,0.8563780784606934,0.9997220635414124,0.9998153448104858,0.9997193217277527,0.9997205138206482,0.9971243143081665,1.0,0.9969353675842285,0.9976809024810791,1.0,0.8180130124092102,0.9994416236877441,1.0,2.080096483230591

41,0.004313977435231209,0.5034082531929016,0.9993548393249512,0.870418131351471,0.8774926066398621,1.0,1.0,0.8632502555847168,1.0,0.795177698135376,0.9996309876441956,0.9989839196205139,0.9989848732948303,0.9999077320098877,0.899078369140625,1.0,0.9999078512191772,0.9999076128005981,0.9314016103744507,0.5034082531929016,1.0,0.9974803924560547,0.9859768748283386,0.8271616697311401,0.998292863368988,0.9919999837875366,0.9953625202178955,0.9992382526397705,0.8356190919876099,0.996009886264801,1.0,0.9989801645278931,0.9998152852058411,0.8610238432884216,0.9991670846939087,1.0,0.999718427658081,0.9999072551727295,0.9978636503219604,1.0,0.9980497360229492,0.9977628588676453,1.0,0.8244097232818604,0.9997208714485168,1.0,2.1337361335754395
42,0.0036805106792598963,0.510189414024353,0.9995379447937012,0.8673186898231506,0.8734550476074219,1.0,0.9999077320098877,0.8620181083679199,1.0,0.8684210777282715,0.9999077916145325,0.9994461536407471,0.9994460940361023,1.0,0.9994459748268127,1.0,1.0,1.0,0.9396998882293701,0.510189414024353,0.999906599521637,0.997746467590332,0.9865944385528564,0.824519693851471,0.999621570110321,0.990123450756073,0.9969587326049805,0.9988588690757751,0.8301904797554016,0.9962899684906006,1.0,0.9985188245773315,0.9998152256011963,0.8613724708557129,0.9996300935745239,1.0,0.9995315670967102,0.9999070763587952,0.9982355237007141,1.0,0.9984183311462402,0.9976800680160522,1.0,0.8209887742996216,0.9999071359634399,1.0,2.1286284923553467

43,0.0032677780836820602,0.8137930631637573,0.9995388984680176,0.8668513298034668,0.8764976859092712,1.0,0.9999077916145325,0.8586575984954834,1.0,0.9999076724052429,0.9998155236244202,0.9993547201156616,0.9992626905441284,1.0,0.9994471073150635,0.9999076128005981,0.9999077320098877,0.9999076128005981,0.9536025524139404,0.8722365498542786,1.0,0.9968295097351074,0.985101580619812,0.8204372525215149,0.999240517616272,0.9909729957580566,0.9945714473724365,0.998669445514679,0.8295866250991821,0.9967736005783081,0.9999078512191772,0.997592568397522,0.9999078512191772,0.8558741807937622,0.9987967014312744,0.9999078512191772,0.9995332360267639,0.9999068975448608,0.9981384873390198,1.0,0.9976809024810791,0.9982348680496216,1.0,0.8137930631637573,0.9996283054351807,1.0,2.06477952003479

44,0.002693949965760112,0.8192322254180908,0.9998155236244202,0.8663896322250366,0.8742614388465881,1.0,0.9997228980064392,0.8578150868415833,1.0,0.9997232556343079,1.0,0.9990771412849426,0.999169111251831,0.9997233152389526,0.9990783333778381,0.9998151063919067,0.999815821647644,0.9999077320098877,0.9659637212753296,0.8728142976760864,0.9997203350067139,0.9973856210708618,0.9872961640357971,0.8238431215286255,0.9993360042572021,0.9908623695373535,0.9951677322387695,0.9990526437759399,0.837191641330719,0.9966583847999573,0.9999077320098877,0.9980573654174805,0.9996313452720642,0.8566550016403198,0.998704195022583,0.9998155236244202,0.999812662601471,1.0,0.9977661967277527,1.0,0.9984174370765686,0.9982286095619202,1.0,0.8192322254180908,0.9999070167541504,1.0,2.1256115436553955
45,0.0024259781930595636,0.8164215087890625,0.9996305704116821,0.8663284182548523,0.8743547201156616,1.0,0.9996312856674194,0.8540051579475403,1.0,0.9998153448104858,0.9999078512191772,0.9998155832290649,0.999630868434906,1.0,0.999538242816925,0.9998157024383545,0.9998157024383545,1.0,0.9688427448272705,0.8708548545837402,0.9999065399169922,0.9983218312263489,0.9823529720306396,0.8212528228759766,0.9994296431541443,0.9902690649032593,0.9962157011032104,0.9991452693939209,0.8291547894477844,0.9969546794891357,0.9999076128005981,0.9982390999794006,0.9997231960296631,0.8575511574745178,0.9994445443153381,0.9998154640197754,0.9993448257446289,0.9999070763587952,0.9966604709625244,1.0,0.9978628158569336,0.9976731538772583,0.9999071359634399,0.8164215087890625,0.999814510345459,1.0,2.1649281978607178
46,0.0019283783622086048,0.8191291093826294,0.9998154640197754,0.8651789426803589,0.8740092515945435,1.0,0.9999078512191772,0.8506925106048584,1.0,0.9999078512191772,1.0,0.9996306896209717,0.9996314644813538,0.9999078512191772,0.9996315240859985,0.9996309876441956,0.9999077320098877,0.9999078512191772,0.9693688750267029,0.8657458424568176,0.9999063611030579,0.9973827004432678,0.9845005869865417,0.8215305805206299,0.9992392659187317,0.9927729368209839,0.9954389929771423,0.9986677169799805,0.8328261375427246,0.9973399639129639,1.0,0.9977818727493286,0.9994465112686157,0.8571165204048157,0.9987034797668457,0.9997234344482422,0.9996271133422852,0.9999067783355713,0.9977666139602661,0.9998135566711426,0.9977716207504272,0.997954249382019,0.999907374382019,0.8191291093826294,0.9998140335083008,1.0,2.0925467014312744
47,0.0018790600588545203,0.8184019327163696,0.9995378851890564,0.8638796806335449,0.872558057308197,0.9998154640197754,0.9998156428337097,0.8514186143875122,1.0,1.0,0.9996304512023926,0.9993551969528198,0.9994462728500366,0.9999077320098877,0.9993549585342407,0.9997224807739258,0.9999077320098877,1.0,0.9792090058326721,0.8659120202064514,0.9998129606246948,0.9981305003166199,0.9851400256156921,0.8246902227401733,0.9995245337486267,0.9927866458892822,0.995151162147522,0.9987661242485046,0.8334923982620239,0.9978170394897461,1.0,0.9986118674278259,0.9994473457336426,0.8568789958953857,0.9989814758300781,0.9997234344482422,0.9997198581695557,0.9998141527175903,0.9974026083946228,1.0,0.998235821723938,0.9972988367080688,1.0,0.8184019327163696,0.9995357394218445,1.0,2.1441943645477295
48,0.0016356897540390491,0.8214285373687744,1.0,0.8650295734405518,0.8741471767425537,1.0,0.9995386600494385,0.8521595001220703,1.0,0.9998154640197754,1.0,0.9995394945144653,0.9993544816970825,0.9999077320098877,0.9993546009063721,0.9995384812355042,0.9995388388633728,1.0,0.9810395836830139,0.8697092533111572,1.0,0.997663140296936,0.9844313859939575,0.8236187696456909,0.9994292259216309,0.9918173551559448,0.9954303503036499,0.9990457892417908,0.8376919031143188,0.9974392652511597,1.0,0.9985146522521973,0.9998155832290649,0.8559024333953857,0.9989811182022095,0.9995388388633728,0.9997193813323975,1.0,0.9971189498901367,0.9999072551727295,0.9976670742034912,0.9984215497970581,1.0,0.8214285373687744,0.9999070167541504,1.0,2.022679567337036
49,0.0016063849907368422,0.8215744495391846,0.9997234344482422,0.8691244125366211,0.8797117471694946,1.0,1.0,0.8559024333953857,1.0,1.0,0.9999077916145325,0.99944669008255,0.9994461536407471,1.0,0.9993538856506348,0.9998157024383545,0.9999076724052429,1.0,0.9836764931678772,0.8741027116775513,0.9998127222061157,0.9969199299812317,0.9812726974487305,0.8253515958786011,0.9995256662368774,0.9923998117446899,0.9956472516059875,0.9986674189567566,0.8379877805709839,0.9975195527076721,0.9999077320098877,0.9983317852020264,0.9995388984680176,0.8593577146530151,0.9989808797836304,0.9998155832290649,0.999719500541687,0.9999072551727295,0.9971194863319397,0.9999068975448608,0.9980465173721313,0.9977599382400513,1.0,0.8215744495391846,0.9994431734085083,1.0,2.094536542892456
50,0.0013263444416224957,0.8142193555831909,0.9997232556343079,0.863711953163147,0.8722816109657288,1.0,0.9997234344482422,0.8473888039588928,1.0,0.9998153448104858,0.9998155832290649,0.9992614388465881,0.9994465112686157,0.9999077916145325,0.9993549585342407,0.9996309876441956,0.9998154640197754,1.0,0.9872293472290039,0.8648250102996826,0.9999068379402161,0.9979442954063416,0.9815834760665894,0.8179477453231812,0.9995248317718506,0.9922710061073303,0.9950720071792603,0.9989547729492188,0.8320022821426392,0.996874988079071,1.0,0.9985149502754211,0.9996314644813538,0.8560633659362793,0.9993505477905273,0.9999076724052429,0.9996262788772583,1.0,0.9963713884353638,0.9999070167541504,0.9977732300758362,0.9977661967277527,1.0,0.8142193555831909,0.9999070167541504,1.0,2.1195602416992188

51,0.0011990665225312114,0.8136143684387207,0.9996300935745239,0.8625622987747192,0.8726919889450073,1.0,0.9998157024383545,0.8464239835739136,1.0,1.0,1.0,1.0,0.9999077320098877,0.9999078512191772,0.9998157024383545,0.9998156428337097,1.0,0.9999078512191772,0.9898053407669067,0.8611929416656494,0.9999065399169922,0.9972922801971436,0.982997715473175,0.8197001218795776,0.9992396831512451,0.9921860098838806,0.9966806173324585,0.9990503191947937,0.8263902068138123,0.9980102777481079,1.0,0.9984261989593506,0.9997228980064392,0.8553093671798706,0.9983323812484741,1.0,0.9998131990432739,0.999813973903656,0.997397780418396,0.9999071955680847,0.9982339143753052,0.9971205592155457,0.9999071359634399,0.8136143684387207,0.9996281266212463,1.0,2.082764148712158
52,0.0011121613206341863,0.8163548707962036,0.9998152256011963,0.8656647205352783,0.8724838495254517,1.0,1.0,0.8472760915756226,1.0,0.9998154640197754,0.9997233152389526,0.9993542432785034,0.9993542432785034,1.0,0.9990761280059814,0.9995388984680176,0.9996312856674194,1.0,0.9901996850967407,0.8586435317993164,1.0,0.998222291469574,0.9814179539680481,0.8264273405075073,0.9990494251251221,0.9930766224861145,0.9950551986694336,0.9988612532615662,0.8342504501342773,0.9970386028289795,1.0,0.9988895058631897,0.9998156428337097,0.8549399375915527,0.9985188245773315,0.9995384812355042,0.9996259212493896,0.9999070167541504,0.9962894320487976,0.9999070763587952,0.9974944591522217,0.9977636933326721,1.0,0.8163548707962036,0.9997209906578064,1.0,2.1253321170806885
53,0.0010446597589179873,0.8152072429656982,1.0,0.8622787594795227,0.8718870878219604,0.9999078512191772,0.9997227787971497,0.8476656079292297,1.0,1.0,0.9996312856674194,0.9993531703948975,0.9995386600494385,1.0,0.9991686344146729,0.9995384812355042,0.999723494052887,1.0,0.9906377792358398,0.858116865158081,0.9996265172958374,0.9975714683532715,0.983696699142456,0.8201904892921448,0.9994308352470398,0.9929950833320618,0.9951391220092773,0.9988582134246826,0.8316539525985718,0.9978116154670715,0.9999078512191772,0.9990749359130859,0.99944669008255,0.8526102304458618,0.9985165596008301,0.999630331993103,0.9997193813323975,0.9999070763587952,0.9973963499069214,0.9996289014816284,0.9984195232391357,0.9974020719528198,0.9999070167541504,0.8152072429656982,0.9997217059135437,1.0,2.0231010913848877
54,0.0008646857459098101,0.8223562240600586,0.9998154640197754,0.8656647205352783,0.8752075433731079,0.9999077320098877,0.9996312856674194,0.8534562587738037,1.0,1.0,0.9999078512191772,0.9990774989128113,0.9995388984680176,1.0,0.9993534088134766,0.9994475245475769,0.9998155832290649,0.9996311664581299,0.9901888370513916,0.8630086183547974,0.9998133778572083,0.9978492259979248,0.9840213060379028,0.8261077404022217,0.9991438388824463,0.9924113154411316,0.9953368902206421,0.9988577961921692,0.8359642028808594,0.9963836669921875,0.9999078512191772,0.9984264969825745,0.9996311664581299,0.8586194515228271,0.9987025260925293,0.9997233152389526,0.9994381666183472,1.0,0.9966573715209961,0.9999070167541504,0.9975795745849609,0.9985113143920898,1.0,0.8223562240600586,0.9997206330299377,1.0,2.110893726348877
55,0.0008152165682986379,0.8104507923126221,0.9998155236244202,0.8603644967079163,0.8694849610328674,1.0,0.9995383024215698,0.8456642031669617,1.0,1.0,0.9999077916145325,0.9995383024215698,0.9995390176773071,1.0,0.9995388984680176,0.9998157024383545,0.9999077320098877,0.9997230768203735,0.9903757572174072,0.8556824326515198,0.9996259212493896,0.9978484511375427,0.9847393035888672,0.822788417339325,0.99961918592453,0.992679238319397,0.9957166910171509,0.9996199607849121,0.8304182291030884,0.9980049133300781,0.9999077320098877,0.9985185265541077,0.9993544816970825,0.8531416654586792,0.9982407093048096,0.9997235536575317,0.9997193217277527,0.9998140931129456,0.9968336820602417,0.9999070167541504,0.9979557991027832,0.9974020719528198,1.0,0.8104507923126221,0.9994431138038635,1.0,2.0716423988342285
56,0.0007444906514137983,0.8157553672790527,0.9998155832290649,0.8643567562103271,0.8728094100952148,1.0,0.9988007545471191,0.8480509519577026,1.0,1.0,1.0,0.9998155832290649,0.9992610216140747,1.0,0.9994468092918396,0.9993550777435303,0.9999078512191772,0.9998155832290649,0.9924158453941345,0.8549070358276367,0.9999066591262817,0.9974766373634338,0.983586311340332,0.8234959244728088,0.9990472793579102,0.9926806092262268,0.9954224824905396,0.9994297623634338,0.8324781656265259,0.996766209602356,0.9998155832290649,0.9978699684143066,0.9999076128005981,0.8567214012145996,0.9986128807067871,0.9995390176773071,0.9999063611030579,0.9995348453521729,0.9963721036911011,1.0,0.9984195232391357,0.9973958730697632,1.0,0.8157553672790527,0.9995354413986206,1.0,2.122066020965576
57,0.0006706442218273878,0.8181564807891846,0.9999077320098877,0.8664699792861938,0.8731563091278076,1.0,0.9996306896209717,0.8498432040214539,1.0,0.9999077916145325,0.9998154640197754,0.9996313452720642,0.9993553161621094,1.0,0.9993542432785034,0.9997235536575317,0.9999077320098877,0.9994459748268127,0.9918336868286133,0.8566169738769531,1.0,0.9975563883781433,0.9847937822341919,0.8233555555343628,0.9990485310554504,0.9910849332809448,0.9952722787857056,0.9984805583953857,0.8346344232559204,0.9975378513336182,0.9998155832290649,0.9986124038696289,0.9996306896209717,0.8543590307235718,0.998424768447876,0.9995388984680176,0.9998130202293396,1.0,0.9965536594390869,0.9998141527175903,0.9974879026412964,0.9980461597442627,0.9999070763587952,0.8181564807891846,0.9999068975448608,1.0,2.0603880882263184
58,0.0005914341891184449,0.8148698806762695,0.9999078512191772,0.861884593963623,0.8706371188163757,1.0,0.9993548393249512,0.8426147699356079,1.0,1.0,0.9998154640197754,0.9998154640197754,0.9993541240692139,0.9998155832290649,0.9996309280395508,0.9988923668861389,0.9998155236244202,1.0,0.993232011795044,0.8508108854293823,1.0,0.9971978664398193,0.9813075065612793,0.8156589865684509,0.9993330836296082,0.9926903247833252,0.9963657259941101,0.9997150897979736,0.8333333730697632,0.9983828067779541,1.0,0.9990737438201904,0.9997233152389526,0.8543626666069031,0.9986116290092468,0.9998155832290649,0.9995332360267639,0.9998142719268799,0.9972144961357117,0.9997211694717407,0.9983314871788025,0.9980483055114746,1.0,0.8148698806762695,0.9998141527175903,1.0,2.1614949703216553
59,0.0005507952882908285,0.8124534487724304,0.9994468092918396,0.8608447313308716,0.8717712163925171,1.0,0.9996306896209717,0.8461467623710632,1.0,1.0,1.0,0.9996309876441956,0.9993538856506348,0.9999077320098877,0.999353289604187,0.9991705417633057,1.0,0.9997234344482422,0.9922351837158203,0.8509482741355896,0.9995337724685669,0.9960784316062927,0.9841133952140808,0.8205714225769043,0.9992382526397705,0.9928666353225708,0.9955374002456665,0.9995232820510864,0.831849217414856,0.9971455335617065,1.0,0.9991677403450012,0.9997234344482422,0.8533480763435364,0.998516321182251,0.9998152852058411,0.9996267557144165,0.9999071955680847,0.9959039688110352,0.999813973903656,0.998142659664154,0.9966486692428589,1.0,0.8124534487724304,0.9994414448738098,1.0,2.0672857761383057
60,0.0005277651362121105,0.8105566501617432,0.9997232556343079,0.8604500889778137,0.8696695566177368,1.0,0.9992611408233643,0.8428281545639038,1.0,1.0,1.0,0.9997233152389526,0.9996311664581299,0.9999078512191772,0.9995384216308594,0.998986005783081,0.999631404876709,0.9997234344482422,0.9927603602409363,0.8509385585784912,0.999813437461853,0.9969141483306885,0.9814743995666504,0.817791759967804,0.9994296431541443,0.9903115630149841,0.9947946071624756,0.9992366433143616,0.8286041021347046,0.9975242614746094,1.0,0.9989831447601318,0.999538779258728,0.8531635999679565,0.9978743195533752,0.9997230768203735,0.9998139142990112,0.9999068379402161,0.9967472553253174,0.9999072551727295,0.997394859790802,0.9970299005508423,0.9999068975448608,0.8105566501617432,0.9996287226676941,1.0,2.1172869205474854

61,0.0004891815478913486,0.8132541179656982,0.9999078512191772,0.8653136491775513,0.8754149675369263,1.0,0.9994459748268127,0.8439977765083313,1.0,1.0,0.9998154640197754,0.9998154640197754,0.9996305704116821,0.9997233152389526,0.9993546009063721,0.9996309876441956,1.0,0.9997231960296631,0.9939725399017334,0.8541973829269409,1.0,0.9978504776954651,0.9822883009910583,0.8221226930618286,0.9985760450363159,0.9930753111839294,0.994090735912323,0.9988558292388916,0.8339654803276062,0.9976222515106201,0.9998157024383545,0.9989824295043945,0.9990766048431396,0.8578277826309204,0.9976847171783447,0.9998154640197754,1.0,0.9997209906578064,0.9962804317474365,0.9999068975448608,0.9964723587036133,0.9981423020362854,0.9998141527175903,0.8132541179656982,0.9996286630630493,1.0,2.084118604660034
62,0.0004422680358402431,0.8123142719268799,0.999631404876709,0.861916184425354,0.8709231615066528,1.0,0.9995381832122803,0.8422119617462158,1.0,1.0,0.9997234344482422,0.9995385408401489,0.9995388388633728,1.0,0.9996311664581299,0.998986005783081,0.9996313452720642,0.9994462728500366,0.9949027299880981,0.8512518405914307,0.9999061822891235,0.9976596236228943,0.9835269451141357,0.8207654356956482,0.9998098611831665,0.9946717023849487,0.9959908723831177,0.9991452693939209,0.8302621841430664,0.9973459839820862,0.9997234344482422,0.9983333349227905,0.9996310472488403,0.8528326153755188,0.9969456195831299,0.9997234344482422,0.9998128414154053,0.9998142719268799,0.9971264600753784,0.9999072551727295,0.9977724552154541,0.9969342350959778,1.0,0.8123142719268799,0.9996292591094971,1.0,2.0972187519073486
63,0.0004277435364201665,0.8198106288909912,0.9998153448104858,0.8665621280670166,0.8753690123558044,1.0,0.9996312856674194,0.8493453860282898,1.0,0.9999077320098877,0.9999077320098877,0.99944669008255,0.9996305704116821,0.9998154044151306,0.9996308088302612,0.9988002777099609,0.9998152852058411,0.9997230768203735,0.9954637885093689,0.8562614917755127,0.9999065399169922,0.9977570176124573,0.9850180149078369,0.8250430822372437,0.9998092651367188,0.9935422539710999,0.9956190586090088,0.9992395639419556,0.8338426351547241,0.9974373579025269,0.9999076724052429,0.9984256029129028,0.9996311664581299,0.8579734563827515,0.9969382286071777,0.9999077320098877,0.9996264576911926,0.9998146891593933,0.996554970741272,1.0,0.9983296394348145,0.9970265626907349,0.9999068975448608,0.8198106288909912,0.9997211694717407,1.0,2.1301677227020264
64,0.0003965939686167985,0.8144263029098511,0.9998155832290649,0.8617315888404846,0.8701382875442505,0.9999077320098877,0.9992632269859314,0.842008113861084,1.0,0.9998154044151306,0.9999078512191772,0.9994471073150635,0.9990766048431396,0.9999076128005981,0.9988936185836792,0.9990785121917725,0.9997234344482422,0.9998157024383545,0.9962935447692871,0.8484625220298767,0.999719500541687,0.9978452324867249,0.9828500747680664,0.8208855986595154,0.9994300603866577,0.9928312301635742,0.9960038065910339,0.99819016456604,0.8325449228286743,0.9978066086769104,1.0,0.9990733861923218,0.9991697072982788,0.8536405563354492,0.9961980581283569,0.9999077916145325,0.9998133778572083,0.9998141527175903,0.996838390827179,1.0,0.9983261823654175,0.9978600740432739,0.9997214078903198,0.8144263029098511,1.0,1.0,2.1305718421936035
65,0.00036561558954417706,0.810271143913269,0.9996304512023926,0.8597785830497742,0.8696975708007812,0.9999076128005981,0.9995392560958862,0.8435136079788208,1.0,0.9999076724052429,0.9997231960296631,0.99944669008255,0.9995388388633728,0.9999076128005981,0.999631404876709,0.999261736869812,1.0,0.9994463920593262,0.9956537485122681,0.8465856909751892,0.9999064207077026,0.9972957968711853,0.9839780330657959,0.8210005760192871,0.999238133430481,0.9922813177108765,0.9952507615089417,0.9988588690757751,0.8293635845184326,0.9978165626525879,0.9999078512191772,0.9988878965377808,0.9992618560791016,0.8509775400161743,0.9954621195793152,0.9998152852058411,0.9998140335083008,0.9997215270996094,0.9958217144012451,0.9996282458305359,0.997394859790802,0.9965651631355286,1.0,0.810271143913269,0.9992569088935852,1.0,2.0872576236724854
66,0.00033364599221386015,0.8196096420288086,0.9995393753051758,0.8671644926071167,0.8778393268585205,1.0,0.9990780353546143,0.8496768474578857,1.0,1.0,0.9999075531959534,0.9997233152389526,0.9995390176773071,1.0,0.9996306896209717,0.9990774989128113,0.9994468092918396,0.9995384216308594,0.995923638343811,0.857511043548584,0.9999066591262817,0.9975700974464417,0.9834789037704468,0.8254708051681519,0.9995253086090088,0.9934448003768921,0.9960907697677612,0.9989527463912964,0.8361953496932983,0.9970510005950928,0.9999077320098877,0.9985198974609375,0.9997231960296631,0.8606905341148376,0.994442343711853,0.9999077320098877,0.999813437461853,0.9997206926345825,0.9953575134277344,0.9998142719268799,0.997771143913269,0.9981457591056824,0.9999070763587952,0.8196096420288086,0.9998140335083008,1.0,2.1020545959472656
67,0.00031416016281582415,0.8154717683792114,0.9996306896209717,0.8623362183570862,0.8719320893287659,0.9999078512191772,0.99944669008255,0.8443092107772827,1.0,0.9999078512191772,0.9997230768203735,0.9998153448104858,0.9996314644813538,0.9999076724052429,0.9995388388633728,0.9988020658493042,0.9998154640197754,0.999722957611084,0.9950880408287048,0.8502856492996216,0.9996263980865479,0.997661828994751,0.9840121865272522,0.8227125406265259,0.9996213912963867,0.9927411675453186,0.995226263999939,0.9985716938972473,0.8326383829116821,0.9973353743553162,1.0,0.9985190629959106,0.9998154640197754,0.8529846668243408,0.9949990510940552,0.9998153448104858,0.9998129606246948,1.0,0.9954469203948975,0.9998142719268799,0.9978691935539246,0.9967532157897949,1.0,0.8154717683792114,0.9996292591094971,1.0,2.1033310890197754
68,0.00029670895310118794,0.8192121982574463,0.9992630481719971,0.8651467561721802,0.8751153945922852,1.0,0.9997230768203735,0.8510441780090332,1.0,1.0,0.9999077320098877,1.0,0.9999077320098877,0.9999077320098877,0.9997231364250183,0.9988919496536255,0.9998155236244202,0.9995384216308594,0.9964853525161743,0.8544700145721436,0.999906063079834,0.997097909450531,0.9845154285430908,0.8294957280158997,0.9993356466293335,0.9935459494590759,0.9955989122390747,0.9987609386444092,0.8382269144058228,0.9976361989974976,0.9999077320098877,0.9987003207206726,0.9994462728500366,0.8574063777923584,0.9940773248672485,0.9996309280395508,0.9998131990432739,1.0,0.9953557252883911,1.0,0.9974925518035889,0.9984183311462402,0.9999070167541504,0.8192121982574463,0.9994425773620605,1.0,2.0731687545776367
69,0.0002703338104765862,0.8155601024627686,0.9994460940361023,0.8630579113960266,0.8740077614784241,1.0,0.9996310472488403,0.8447543382644653,1.0,1.0,0.9999077320098877,0.999630868434906,0.9994468688964844,0.9998156428337097,0.9995393753051758,0.9993544816970825,0.9998153448104858,0.999630868434906,0.9962106943130493,0.8524212837219238,0.9999064207077026,0.9968236088752747,0.9827061891555786,0.8255460262298584,0.9988573789596558,0.9932496547698975,0.9952390193939209,0.9992401599884033,0.8352391719818115,0.9977164268493652,0.9999076128005981,0.9995366334915161,0.9995388984680176,0.8573800325393677,0.9902687668800354,0.9999077916145325,0.9995319247245789,1.0,0.9963741302490234,0.9999070167541504,0.9981450438499451,0.9973973035812378,0.999907374382019,0.8155601024627686,0.9996269941329956,1.0,2.1051690578460693
70,0.0002603558823466301,0.8101877570152283,0.9994459748268127,0.8574990630149841,0.8679401874542236,1.0,0.9996310472488403,0.840531587600708,1.0,0.9998155832290649,0.9999078512191772,0.9995380640029907,0.9996308088302612,1.0,0.9991706609725952,0.998985767364502,0.9996308088302612,0.9997231960296631,0.9959304332733154,0.842483401298523,0.9997195601463318,0.9970054626464844,0.9847103357315063,0.8165590763092041,0.9995255470275879,0.9932714104652405,0.9961026906967163,0.9984782338142395,0.8302065134048462,0.9963733553886414,0.9997230768203735,0.9985201358795166,0.9997236132621765,0.8527567386627197,0.9884451627731323,0.9997236728668213,1.0,1.0,0.9953497052192688,0.9999071359634399,0.9975805282592773,0.997771143913269,1.0,0.8101877570152283,0.9991644620895386,1.0,2.158320903778076

71,0.00023215843248181045,0.8099702596664429,0.9999078512191772,0.8577347993850708,0.8685861825942993,0.9999077916145325,0.9992625713348389,0.837142825126648,1.0,1.0,0.9997234344482422,0.999538779258728,0.9997227191925049,1.0,0.9995383024215698,0.9990777969360352,0.9998155236244202,0.9995388984680176,0.9960243701934814,0.8433701992034912,1.0,0.9970098733901978,0.9846183061599731,0.8157944679260254,0.9992402791976929,0.9929764270782471,0.9946838617324829,0.9983812570571899,0.830553412437439,0.9964008331298828,0.9998154640197754,0.99833083152771,0.9995377063751221,0.8526917695999146,0.9868615865707397,0.9996315240859985,0.9994387626647949,0.9998142719268799,0.9953505992889404,1.0,0.9974015951156616,0.9976761341094971,0.9999071359634399,0.8099702596664429,0.9998133182525635,1.0,2.1321587562561035
72,0.00023002384114079177,0.8188661336898804,1.0,0.8684695959091187,0.8756921291351318,0.9999077916145325,0.9995384812355042,0.8513014316558838,1.0,1.0,1.0,0.9996305704116821,0.9996311664581299,0.9999076128005981,0.9994473457336426,0.9989854097366333,1.0,0.9997233152389526,0.996759295463562,0.8512343168258667,0.9999064207077026,0.9979458451271057,0.9876017570495605,0.8270992040634155,0.9989509582519531,0.9925260543823242,0.9945889711380005,0.9987679719924927,0.8342862725257874,0.9972469806671143,0.9999077320098877,0.9988905191421509,0.9996311664581299,0.8583440780639648,0.98666912317276,0.999722957611084,0.9994393587112427,0.9998137950897217,0.9946177005767822,0.9999071955680847,0.9977628588676453,0.9967435598373413,0.9999070167541504,0.8188661336898804,0.999440610408783,1.0,2.124272346496582
73,0.0002122539299307391,0.816317081451416,0.9995386600494385,0.8630073666572571,0.8718161582946777,0.9999078512191772,0.998525083065033,0.8458272218704224,1.0,1.0,0.9998154640197754,0.9993541240692139,0.9994460940361023,0.9998154640197754,0.9991705417633057,0.9988014101982117,1.0,0.9997234344482422,0.9978699684143066,0.8488671779632568,0.9999066591262817,0.9979462623596191,0.9858121871948242,0.8234232664108276,0.9992379546165466,0.9926750659942627,0.9961941242218018,0.9989535808563232,0.8357115983963013,0.9974266290664673,0.9998154044151306,0.9988895058631897,0.9998155236244202,0.8564703464508057,0.9824610352516174,0.9998154640197754,0.9997197389602661,0.9998137950897217,0.9948875308036804,0.9998147487640381,0.9977691173553467,0.9975818395614624,1.0,0.816317081451416,0.9996281266212463,1.0,2.1359877586364746
74,0.00018485567125026137,0.8190183639526367,0.9997230768203735,0.8666850924491882,0.8762677907943726,1.0,0.998894453048706,0.8471760749816895,1.0,1.0,0.9999077320098877,0.9997232556343079,0.9996310472488403,1.0,0.999723494052887,0.9990764856338501,0.9998157620429993,0.9995388984680176,0.9973093271255493,0.8535260558128357,0.9998128414154053,0.9971050024032593,0.9850066304206848,0.8273504376411438,0.9993343353271484,0.992087721824646,0.9956223964691162,0.9992363452911377,0.8366881608963013,0.9963871240615845,1.0,0.9987027645111084,0.9995391368865967,0.8605059385299683,0.9776050448417664,0.9998157024383545,0.9999067783355713,0.9999072551727295,0.9965689778327942,0.9999068975448608,0.9985116720199585,0.997394859790802,1.0,0.8190183639526367,0.9996272325515747,1.0,2.1329705715179443
75,0.00017981624114327133,0.8089355230331421,0.9998156428337097,0.8592394590377808,0.8708548545837402,0.9999077916145325,0.9990777969360352,0.8414454460144043,1.0,1.0,1.0,0.9998155832290649,0.9992623925209045,0.9998155832290649,0.9994461536407471,0.9988927841186523,1.0,0.9993537664413452,0.9964814782142639,0.8438997268676758,0.9998128414154053,0.9976692199707031,0.9854313135147095,0.8202385902404785,0.999428391456604,0.9923310279846191,0.9952435493469238,0.9988619089126587,0.83111572265625,0.9976158738136292,0.9999077320098877,0.9987984895706177,0.999261736869812,0.8537936210632324,0.9750046730041504,0.9998155832290649,0.9997193217277527,0.9998137950897217,0.9948931932449341,0.9997214078903198,0.997771143913269,0.9969302415847778,1.0,0.8089355230331421,0.9997217655181885,1.0,2.293976306915283
76,0.00017141106945928186,0.8148354291915894,0.9997231364250183,0.8618906736373901,0.87190842628479,1.0,0.999261736869812,0.8422558307647705,1.0,1.0,0.9999076128005981,0.9998154640197754,0.9996312856674194,0.9999077320098877,0.9996309876441956,0.9990789890289307,0.9998153448104858,0.9994459748268127,0.9968576431274414,0.8438938856124878,1.0,0.9971098303794861,0.9859288930892944,0.8204933404922485,0.999237060546875,0.9936202764511108,0.9960121512413025,0.998289942741394,0.8318777084350586,0.9982961416244507,0.9999076128005981,0.99907386302948,0.9995390772819519,0.8524741530418396,0.9730405807495117,0.9998157024383545,0.9999065399169922,0.999535083770752,0.9947906732559204,0.9999070763587952,0.9979523420333862,0.9972015023231506,1.0,0.8148354291915894,0.9998142719268799,1.0,2.1763148307800293
77,0.00016174459597095847,0.8097320795059204,0.9999076128005981,0.8589364886283875,0.8684744834899902,1.0,0.9991689920425415,0.8403097987174988,1.0,1.0,0.9999077320098877,0.9997234344482422,0.9993542432785034,0.9998152256011963,0.9994471073150635,0.998984694480896,0.9999077916145325,0.9994463920593262,0.9969466924667358,0.8446244597434998,0.9999066591262817,0.997097909450531,0.9841375350952148,0.8216118812561035,0.999143660068512,0.9926917552947998,0.9958182573318481,0.9990477561950684,0.8319079875946045,0.9975304007530212,0.9999075531959534,0.9991666674613953,0.999538779258728,0.851189374923706,0.9716719388961792,0.999722957611084,0.9997193813323975,1.0,0.9950816631317139,1.0,0.9982361793518066,0.9975899457931519,1.0,0.8097320795059204,0.999813973903656,1.0,2.1189191341400146
78,0.00015921876183710992,0.8084433674812317,0.9999078512191772,0.8577491044998169,0.8668819069862366,0.9999077320098877,0.9994468688964844,0.8385282158851624,1.0,1.0,0.9998152256011963,0.9997232556343079,0.999631404876709,0.9999078512191772,0.9996312856674194,0.9982452988624573,0.9998152852058411,0.9997227191925049,0.9971359968185425,0.8429256677627563,0.9995325207710266,0.9978541135787964,0.9845086336135864,0.8214013576507568,0.9991446733474731,0.9940499067306519,0.9953483939170837,0.998954176902771,0.8308320641517639,0.9978173971176147,1.0,0.9986095428466797,0.9990771412849426,0.8490025997161865,0.9710453152656555,0.9999076128005981,0.999625563621521,0.9994425773620605,0.9941493272781372,0.9999070167541504,0.9970293045043945,0.9982378482818604,0.9998137950897217,0.8084433674812317,0.999720573425293,1.0,2.0261993408203125
79,0.00013852212578058243,0.814081072807312,0.9999076724052429,0.8624885082244873,0.8744473457336426,1.0,0.9988948106765747,0.8438538312911987,1.0,1.0,0.9999077916145325,0.9998155236244202,0.9998155832290649,0.9998154640197754,0.9996305108070374,0.9990771412849426,0.9998154640197754,0.999630868434906,0.9968547821044922,0.8433645963668823,0.999719500541687,0.9970908164978027,0.9859732389450073,0.82419353723526,0.9992386698722839,0.9939336776733398,0.9961063861846924,0.9986720085144043,0.8360500335693359,0.9963898658752441,1.0,0.9982417225837708,0.9995384216308594,0.857761800289154,0.9643055200576782,0.9998153448104858,0.9997197389602661,0.9997203350067139,0.9939568638801575,0.9997208118438721,0.9979538917541504,0.9979526996612549,0.9998143911361694,0.814081072807312,0.9994431138038635,1.0,1.98441481590271
80,0.00012656171747948974,0.8055040836334229,0.9996310472488403,0.8577491044998169,0.8672566413879395,0.9999077320098877,0.9989850521087646,0.8366838693618774,1.0,1.0,0.9997228384017944,0.9997236728668213,0.9994468688964844,1.0,0.9995393753051758,0.99880051612854,0.9997227787971497,0.9993544816970825,0.9973198175430298,0.8410053253173828,0.9995337724685669,0.9977519512176514,0.9850180149078369,0.8166317343711853,0.9991389513015747,0.9929871559143066,0.9959272146224976,0.9992412328720093,0.825800895690918,0.997061014175415,1.0,0.9986090660095215,0.9996311664581299,0.8512465357780457,0.961281955242157,0.9998156428337097,0.9998130202293396,0.9997217655181885,0.9928385019302368,0.9998142719268799,0.9982374906539917,0.9965613484382629,1.0,0.8055040836334229,0.9998146295547485,1.0,2.1261935234069824

81,0.00013311998918652534,0.8109642267227173,0.9995386600494385,0.8639800548553467,0.8723247051239014,1.0,0.9989850521087646,0.8434734344482422,1.0,0.9999077916145325,1.0,0.9999078512191772,0.9993547201156616,0.9999077916145325,0.9999077916145325,0.9988921880722046,0.9998151063919067,0.9997228980064392,0.9976873397827148,0.8454595804214478,0.9997199773788452,0.996632993221283,0.9844762086868286,0.8221144676208496,0.9991434812545776,0.993378758430481,0.996282160282135,0.9989595413208008,0.8301526308059692,0.9975237846374512,0.9998155832290649,0.9987046718597412,0.9996312856674194,0.8559572100639343,0.9553290009498596,0.9997234344482422,0.9997197389602661,0.9999071359634399,0.9934076070785522,0.9998140335083008,0.9976739883422852,0.9974902272224426,0.9999071955680847,0.8109642267227173,0.9997211694717407,1.0,2.118659257888794
82,0.00012150008842581883,0.810174822807312,0.9993546009063721,0.8589719533920288,0.8696293830871582,1.0,0.999262273311615,0.8416682481765747,1.0,0.9999077916145325,0.9998154640197754,0.999722957611084,0.9994460940361023,0.9998152256011963,0.9996310472488403,0.9983419179916382,0.9997231960296631,0.9997232556343079,0.9967604875564575,0.8410724401473999,0.9999066591262817,0.9967325925827026,0.9850151538848877,0.8193995952606201,0.9989538192749023,0.9932624697685242,0.9952480792999268,0.9992392659187317,0.8344716429710388,0.9968690872192383,1.0,0.9990747570991516,0.9997234344482422,0.8529248833656311,0.9505565762519836,0.999722957611084,0.9995321035385132,0.9996271133422852,0.9952637553215027,0.9999071359634399,0.9981378316879272,0.9965651631355286,1.0,0.810174822807312,0.9999068975448608,1.0,2.1902105808258057
83,0.00010312943777535111,0.8165829181671143,0.999723494052887,0.8643160462379456,0.8758531808853149,1.0,0.9987087249755859,0.8460188508033752,1.0,0.9999077320098877,0.9997233152389526,0.999630868434906,0.9998157024383545,0.9998155832290649,0.9997228980064392,0.9984320402145386,0.999722957611084,0.9991698861122131,0.9969460964202881,0.8484541773796082,0.999906599521637,0.996634840965271,0.9845116138458252,0.8276486396789551,0.9991451501846313,0.9917750358581543,0.996085524559021,0.999238133430481,0.8370144367218018,0.9964889287948608,0.9999077916145325,0.9986097812652588,0.9993542432785034,0.8553749322891235,0.9479821920394897,0.9998154640197754,0.9995323419570923,0.9995331764221191,0.9934173822402954,0.999907374382019,0.997867226600647,0.9970337152481079,0.9999071955680847,0.8165829181671143,0.9997216463088989,1.0,2.1095046997070312
84,0.00010453556751599535,0.8142193555831909,0.9999077916145325,0.861884593963623,0.8720221519470215,1.0,0.9991695880889893,0.8440899848937988,1.0,1.0,0.9998153448104858,0.9995380640029907,0.9995390176773071,0.9999077320098877,0.9995390772819519,0.998985230922699,0.9999077320098877,0.9994468092918396,0.9978750944137573,0.8466998338699341,0.9997199773788452,0.9978500604629517,0.985939621925354,0.8238874077796936,0.9995255470275879,0.9938341975212097,0.9951603412628174,0.9988555908203125,0.8319946527481079,0.9971308708190918,0.9999077320098877,0.9983314871788025,0.9997234344482422,0.8571956157684326,0.9463391900062561,0.9997231364250183,0.9992537498474121,0.9999070167541504,0.994139552116394,0.9999071955680847,0.9974915981292725,0.9977748990058899,1.0,0.8142193555831909,0.9998135566711426,1.0,2.0509917736053467
85,0.00010294254752807319,0.8198809623718262,0.9997230768203735,0.8663101196289062,0.8783858418464661,1.0,0.9993547201156616,0.8492531776428223,1.0,0.9999077916145325,1.0,0.9995384216308594,0.9995394349098206,0.9998152852058411,0.9998154640197754,0.9983407258987427,0.9997233152389526,0.9994462728500366,0.9971264600753784,0.8489401340484619,0.9998130798339844,0.9963483214378357,0.9858821630477905,0.8285903930664062,0.9984738826751709,0.9942878484725952,0.9941187500953674,0.9989551305770874,0.838878333568573,0.9973363876342773,1.0,0.9990752935409546,0.9993537664413452,0.8606088161468506,0.944125771522522,0.9996314644813538,0.9997197389602661,0.9995343685150146,0.9930180311203003,0.9998142719268799,0.9980461597442627,0.9973008632659912,1.0,0.8198809623718262,0.9997206926345825,1.0,2.057461738586426
86,8.87506830622442e-05,0.8138842582702637,0.9998154640197754,0.8658424019813538,0.8742603659629822,1.0,0.9991703629493713,0.8455367088317871,1.0,1.0,0.9999077320098877,1.0,0.9992618560791016,1.0,0.9994463920593262,0.9987094402313232,0.9999077320098877,0.9994466304779053,0.9975000023841858,0.844871997833252,0.9999064207077026,0.9978427886962891,0.9834217429161072,0.8228908777236938,0.9992390871047974,0.9926861524581909,0.995814323425293,0.9991441965103149,0.8357671499252319,0.9977160692214966,0.9999076724052429,0.9994451999664307,0.9996306896209717,0.8578015565872192,0.9468715190887451,0.9995388388633728,0.9995332360267639,0.9998140931129456,0.9932042360305786,1.0,0.9986066818237305,0.9973973035812378,0.9998141527175903,0.8138842582702637,0.9999070763587952,1.0,2.103059768676758
87,8.368655107915401e-05,0.8116062879562378,0.9998151659965515,0.8605015277862549,0.871036171913147,1.0,0.9996310472488403,0.8436058759689331,1.0,1.0,1.0,0.9998155832290649,0.9996313452720642,0.9999077916145325,0.9997234344482422,0.9988002777099609,0.9996311664581299,0.9998156428337097,0.9966604709625244,0.8434566259384155,0.9996261596679688,0.9966317415237427,0.9870215654373169,0.8218292593955994,0.9992406964302063,0.9928489923477173,0.9947788119316101,0.9984796643257141,0.8347209095954895,0.9968505501747131,1.0,0.9991675615310669,0.999631404876709,0.8542704582214355,0.939937174320221,0.9999077320098877,0.9998131990432739,0.9997216463088989,0.9920178651809692,0.9999069571495056,0.9969365000724792,0.9963619709014893,0.9999070167541504,0.8116062879562378,0.9996287822723389,1.0,2.217939853668213

