,N[0](CircularShape),N[1](DiamondShape),N[2](TriangularShape),N[3](OctagonalShape),N[4](RedGround),N[5](WhiteGround),N[6](YellowGround),N[7](BlueGround),N[8](Border),N[9](BlackBorder),N[10](RedBorder),N[11](WhiteBorder),N[12](Bar),N[13](BlackBar),N[14](WhiteBar),N[15](Symbol),N[16](BlackSymbol),N[17](WhiteSymbol),N[18](SymbolStop),N[19](SymbolNoEntryGoods),N[20](SymbolOvertaking),N[21](SymbolOvertakingGoods),N[22](SymbolSpeed20),N[23](SymbolSpeed30),N[24](SymbolSpeed50),N[25](SymbolSpeed60),N[26](SymbolSpeed70),N[27](SymbolSpeed80),N[28](SymbolSpeed100),N[29](SymbolSpeed120),N[30](SymbolD1a1),N[31](SymbolD1a4),N[32](SymbolD1a5),N[33](SymbolD1a6),N[34](SymbolD1a7),N[35](SymbolD2a1),N[36](SymbolD2a2),N[37](SymbolD3),N[38](SymbolSingleLeftBend),N[39](SymbolSingleRightBend),N[40](SymbolTwoOrMoreLeftBend),N[41](SymbolRightNarrow),N[42](SymbolRoadDeformities),N[43](SymbolSlipperyRoad),N[44](SymbolChildren),N[45](SymbolCyclists),N[46](SymbolWildAnimals),N[47](SymbolRoadWorks),N[48](SymbolVerticalLightSignals),N[49](SymbolIntersectionPriority),N[50](SymbolDanger),N[51](SymbolPedestrians),N[52](SymbolIceSnow)
N[0](CircularShape),0.9999999403953552,-0.46683043241500854,-0.9691131711006165,0.18863767385482788,0.5026549696922302,-0.6226595640182495,-0.514141857624054,0.7181631922721863,-0.5438024997711182,0.773448646068573,-0.7811601161956787,0.6577503681182861,0.9675101041793823,0.7223488092422485,0.9729888439178467,-0.6088841557502747,-0.32290729880332947,-0.2229253351688385,-0.09680420905351639,0.7165645360946655,0.7943546772003174,0.11590802669525146,0.6888749003410339,0.5076903700828552,0.867007851600647,0.6630911231040955,0.7283616065979004,0.6498821377754211,0.43366214632987976,0.8464611172676086,0.4390617609024048,-0.4411584436893463,-0.5737107396125793,-0.4520944356918335,-0.5863955020904541,-0.6334965229034424,-0.3792434334754944,-0.5599057674407959,-0.9028756618499756,-0.952962338924408,-0.5190851092338562,-0.9786553978919983,-0.9374922513961792,-0.7615922093391418,-0.8933945298194885,-0.8653237819671631,-0.6846079230308533,-0.8786698579788208,-0.826285719871521,-0.8730342984199524,-0.9200746417045593,0.10620961338281631,-0.9608756303787231
N[1](DiamondShape),-0.46683043241500854,1.0,0.3462200462818146,0.5931340456008911,-0.022750848904252052,0.3348847031593323,-0.46254223585128784,0.040176257491111755,-0.4109022617340088,-0.6043619513511658,-0.1349162757396698,-0.30829358100891113,-0.31039074063301086,0.2050778865814209,-0.5685170292854309,0.3070690631866455,-0.5938090682029724,0.9271312355995178,0.8614282608032227,-0.5050102472305298,-0.780478835105896,-0.844137966632843,-0.6112533211708069,-0.4710581600666046,-0.7757344841957092,-0.9286103844642639,-0.5735787749290466,-0.8423423767089844,-0.6021547913551331,-0.5313979387283325,0.4731684923171997,0.9697308540344238,0.8603243231773376,0.9315726161003113,0.4746563732624054,0.6123335361480713,0.8882925510406494,0.7578420042991638,0.12311851978302002,0.6705806851387024,-0.35922786593437195,0.5115805864334106,0.5441713333129883,0.08949867635965347,0.15931758284568787,0.12134137004613876,-0.09177181869745255,0.12898533046245575,0.46445339918136597,0.051979608833789825,0.39207929372787476,0.19558332860469818,0.3613816797733307
N[2](TriangularShape),-0.9691131711006165,0.3462200462818146,1.0,-0.34339258074760437,-0.6503526568412781,0.7071790099143982,0.6060034036636353,-0.7007693648338318,0.5994277000427246,-0.7906389832496643,0.8665031790733337,-0.7332412600517273,-0.9697004556655884,-0.8312999606132507,-0.9407331347465515,0.7159245014190674,0.4900360703468323,0.09633950144052505,-0.06227128952741623,-0.7585993409156799,-0.7604916095733643,-0.0116687947884202,-0.7122195363044739,-0.5822395086288452,-0.800044059753418,-0.577965259552002,-0.7662810683250427,-0.6066784262657166,-0.4614894390106201,-0.8770976662635803,-0.49503839015960693,0.30501577258110046,0.5131406784057617,0.36228033900260925,0.6522162556648254,0.6675794124603271,0.30616632103919983,0.5417499542236328,0.958672046661377,0.9076426029205322,0.5863858461380005,0.9286414980888367,0.8686138987541199,0.8733499646186829,0.8956680297851562,0.9481522440910339,0.8187459707260132,0.9557492733001709,0.8773391842842102,0.9104287624359131,0.9524791836738586,-0.21185462176799774,0.9843438863754272
N[3](OctagonalShape),0.18863767385482788,0.5931340456008911,-0.34339258074760437,1.0,0.7022418975830078,-0.48567381501197815,-0.6654632091522217,0.2171410769224167,-0.5613448023796082,0.21961097419261932,-0.5922093391418457,0.5189741253852844,0.27657783031463623,0.6948674917221069,0.027735844254493713,-0.4943286180496216,-0.8719938397407532,0.6604770421981812,0.7682834267616272,0.31139257550239563,-0.016158003360033035,-0.5564742684364319,0.20028738677501678,0.30158427357673645,-0.08137861639261246,-0.3379274904727936,0.23618744313716888,-0.14214086532592773,0.09561393409967422,0.291873037815094,0.491055965423584,0.5476846694946289,0.2179003357887268,0.42219308018684387,-0.3155424892902374,-0.18407481908798218,0.3696117401123047,0.04701262339949608,-0.45530498027801514,-0.032910604029893875,-0.5732517838478088,-0.11419515311717987,0.007572603411972523,-0.6278202533721924,-0.2541813254356384,-0.5592421293258667,-0.753202497959137,-0.5351797342300415,-0.3128320872783661,-0.4370288550853729,-0.3457694351673126,0.6490171551704407,-0.37117066979408264
N[4](RedGround),0.5026549696922302,-0.022750848904252052,-0.6503526568412781,0.7022418975830078,0.9999999403953552,-0.9215095043182373,-0.37702247500419617,0.08615939319133759,-0.2516005337238312,0.7592954039573669,-0.5935973525047302,0.9117045402526855,0.5007612705230713,0.6718015074729919,0.4181654453277588,-0.9442154169082642,-0.644649088382721,0.07850072532892227,0.32655975222587585,0.8236289024353027,0.5715139508247375,0.027025967836380005,0.7657334208488464,0.8397141098976135,0.45458391308784485,0.3036153316497803,0.79872065782547,0.5085009932518005,0.694594144821167,0.7830788493156433,0.14033280313014984,-0.03771697357296944,-0.42888566851615906,-0.23410725593566895,-0.8469171524047852,-0.7706703543663025,-0.2859695851802826,-0.586555540561676,-0.6180423498153687,-0.49322375655174255,-0.34690189361572266,-0.41104593873023987,-0.274749219417572,-0.8774480223655701,-0.3503171503543854,-0.7607662677764893,-0.8768583536148071,-0.7452588081359863,-0.793487548828125,-0.48284339904785156,-0.691376268863678,0.6793282628059387,-0.6641291975975037
N[5](WhiteGround),-0.6226595640182495,0.3348847031593323,0.7071790099143982,-0.48567381501197815,-0.9215095043182373,0.9999999403953552,0.1881433129310608,-0.04208933934569359,0.0876404196023941,-0.9280045628547668,0.4945511817932129,-0.9868665933609009,-0.5546882748603821,-0.5497438907623291,-0.5551490187644958,0.9824802279472351,0.401486337184906,0.22452488541603088,-0.011125695891678333,-0.9629498720169067,-0.8031517267227173,-0.33128678798675537,-0.9374206066131592,-0.9512779712677002,-0.6885380744934082,-0.5885816812515259,-0.9503125548362732,-0.7654319405555725,-0.8717036843299866,-0.9175758957862854,0.0466904379427433,0.3721016049385071,0.7043964266777039,0.5379089713096619,0.965737521648407,0.9400776028633118,0.5825496315956116,0.8245822191238403,0.5987396836280823,0.6795689463615417,0.20762419700622559,0.5606499314308167,0.42592549324035645,0.8496867418289185,0.3683657944202423,0.7359040379524231,0.770108163356781,0.7235730886459351,0.8877890706062317,0.4478589594364166,0.7787466645240784,-0.631349503993988,0.7426100969314575
N[6](YellowGround),-0.514141857624054,-0.46254223585128784,0.6060034036636353,-0.6654632091522217,-0.37702247500419617,0.1881433129310608,1.0000001192092896,-0.8276634216308594,0.9772348999977112,-0.09423065930604935,0.89645916223526,-0.24742849171161652,-0.6739314198493958,-0.8992411494255066,-0.43274253606796265,0.21657583117485046,0.8384612798690796,-0.7010051012039185,-0.7289148569107056,-0.11097084730863571,0.018399620428681374,0.7470733523368835,0.005759510677307844,0.05028253793716431,-0.049567412585020065,0.2701812982559204,-0.08384533226490021,0.23516111075878143,0.27084699273109436,-0.2467423528432846,-0.9573287963867188,-0.5128258466720581,-0.33637455105781555,-0.4970817267894745,0.017255686223506927,-0.04839738458395004,-0.530364453792572,-0.26613277196884155,0.7720925211906433,0.27425387501716614,0.8678318858146667,0.4728941023349762,0.44583630561828613,0.6240766048431396,0.7542617917060852,0.7202863097190857,0.7196052670478821,0.7131533026695251,0.3309014141559601,0.8199349045753479,0.5168360471725464,-0.17022235691547394,0.5811307430267334
N[7](BlueGround),0.7181631922721863,0.040176257491111755,-0.7007693648338318,0.2171410769224167,0.08615939319133759,-0.04208933934569359,-0.8276634216308594,1.0,-0.8927609920501709,0.1512673795223236,-0.824486494064331,0.10053569078445435,0.8235087990760803,0.7488693594932556,0.7028345465660095,-0.056922636926174164,-0.47192731499671936,0.3077368140220642,0.28880375623703003,0.09355945140123367,0.17948929965496063,-0.4800587594509125,0.02375868894159794,-0.14201141893863678,0.32937100529670715,0.07026766240596771,0.09919951111078262,-0.027123117819428444,-0.2843286991119385,0.2900885045528412,0.8824916481971741,0.115655317902565,0.11652862280607224,0.19963860511779785,0.05522884055972099,0.042661234736442566,0.2932763397693634,0.15661612153053284,-0.8032330274581909,-0.5317070484161377,-0.7487090229988098,-0.7238531708717346,-0.762357234954834,-0.47231635451316833,-0.9088748693466187,-0.6698635816574097,-0.4978746771812439,-0.6810895204544067,-0.353694885969162,-0.8870972990989685,-0.5863673686981201,-0.21620704233646393,-0.6663141846656799
N[8](Border),-0.5438024997711182,-0.4109022617340088,0.5994277000427246,-0.5613448023796082,-0.2516005337238312,0.0876404196023941,0.9772348999977112,-0.8927609920501709,1.0000001192092896,-0.04454219341278076,0.8773916363716125,-0.15350209176540375,-0.6976839900016785,-0.8574837446212769,-0.4691319763660431,0.10759775340557098,0.7544049024581909,-0.6443148851394653,-0.654162585735321,-0.04636586457490921,0.027851028367877007,0.7407410144805908,0.06469066441059113,0.14888660609722137,-0.0769946500658989,0.24339836835861206,-0.01962507888674736,0.25022366642951965,0.34461408853530884,-0.20506858825683594,-0.9780598878860474,-0.46386900544166565,-0.33820071816444397,-0.4786111116409302,-0.07420682162046432,-0.11938019096851349,-0.5432679057121277,-0.30884379148483276,0.7626205086708069,0.30090659856796265,0.8569380044937134,0.5131734609603882,0.5026811957359314,0.5343301892280579,0.7941559553146362,0.6724566221237183,0.6338686943054199,0.6760618686676025,0.2721811532974243,0.8333752751350403,0.482848197221756,-0.05938802659511566,0.5685974955558777
N[9](BlackBorder),0.773448646068573,-0.6043619513511658,-0.7906389832496643,0.21961097419261932,0.7592954039573669,-0.9280045628547668,-0.09423065930604935,0.1512673795223236,-0.04454219341278076,1.0,-0.46794745326042175,0.9221246838569641,0.6660329699516296,0.473131000995636,0.7415923476219177,-0.9093053340911865,-0.18866489827632904,-0.47521892189979553,-0.25560206174850464,0.9768288731575012,0.949206531047821,0.5065785646438599,0.985218346118927,0.9180111885070801,0.8911454081535339,0.8186940550804138,0.9885099530220032,0.9172759056091309,0.8863867521286011,0.9759386777877808,-0.08804091066122055,-0.6283867955207825,-0.8634839653968811,-0.7363836765289307,-0.9483827352523804,-0.9683685302734375,-0.7380250096321106,-0.9178125858306885,-0.6335523724555969,-0.8594565987586975,-0.1397455334663391,-0.7287712693214417,-0.6330795884132385,-0.7763020396232605,-0.4796326756477356,-0.7264267802238464,-0.6539019346237183,-0.7259745597839355,-0.9133942723274231,-0.5063350796699524,-0.841681957244873,0.4106587767601013,-0.8141295313835144
N[10](RedBorder),-0.7811601161956787,-0.1349162757396698,0.8665031790733337,-0.5922093391418457,-0.5935973525047302,0.4945511817932129,0.89645916223526,-0.824486494064331,0.8773916363716125,-0.46794745326042175,0.9999999403953552,-0.52970951795578,-0.881422758102417,-0.9835601449012756,-0.7186972498893738,0.5217902660369873,0.8045331239700317,-0.37792420387268066,-0.4961007833480835,-0.4712175726890564,-0.3581101894378662,0.4593588709831238,-0.36766213178634644,-0.2980083227157593,-0.42200490832328796,-0.11997174471616745,-0.45620661973953247,-0.16211815178394318,-0.09451651573181152,-0.595219075679779,-0.814546525478363,-0.18475039303302765,0.05098666623234749,-0.13046905398368835,0.3749251663684845,0.3179343044757843,-0.17801426351070404,0.11732254922389984,0.9558547139167786,0.6063962578773499,0.8211039900779724,0.7230849862098694,0.6711976528167725,0.8387637734413147,0.8986086249351501,0.9255383610725403,0.87579345703125,0.9344548583030701,0.6491656303405762,0.9577624201774597,0.7914273738861084,-0.19481736421585083,0.8383985161781311
N[11](WhiteBorder),0.6577503681182861,-0.30829358100891113,-0.7332412600517273,0.5189741253852844,0.9117045402526855,-0.9868665933609009,-0.24742849171161652,0.10053569078445435,-0.15350209176540375,0.9221246838569641,-0.52970951795578,1.0000001192092896,0.5945428013801575,0.583745002746582,0.5740451216697693,-0.9652120471000671,-0.4263237714767456,-0.17877231538295746,0.045492734760046005,0.9572747945785522,0.8021569848060608,0.2985402047634125,0.9276055097579956,0.9196605682373047,0.6978195905685425,0.5687919855117798,0.9377905130386353,0.7449802756309509,0.8419427275657654,0.9216789603233337,0.017640305683016777,-0.3554879426956177,-0.6858807802200317,-0.5126237273216248,-0.9414103627204895,-0.9216958284378052,-0.5489447712898254,-0.7991123199462891,-0.6287202835083008,-0.6985819935798645,-0.2560783624649048,-0.5987740755081177,-0.4601110517978668,-0.8560004234313965,-0.4155467748641968,-0.7560952305793762,-0.7844783663749695,-0.7422150373458862,-0.8863546848297119,-0.48367586731910706,-0.7960036993026733,0.6621128916740417,-0.7703400254249573
N[12](Bar),0.9675101041793823,-0.31039074063301086,-0.9697004556655884,0.27657783031463623,0.5007612705230713,-0.5546882748603821,-0.6739314198493958,0.8235087990760803,-0.6976839900016785,0.6660329699516296,-0.881422758102417,0.5945428013801575,1.0000001192092896,0.8307667970657349,0.9423056840896606,-0.5546730756759644,-0.46424949169158936,-0.03607403114438057,0.09016234427690506,0.6180819272994995,0.6660210490226746,-0.08069323003292084,0.56673663854599,0.4068927466869354,0.7427300810813904,0.511562168598175,0.631946325302124,0.49286895990371704,0.28706201910972595,0.765927255153656,0.6113060116767883,-0.26187944412231445,-0.4066300690174103,-0.273491233587265,-0.48749658465385437,-0.5163724422454834,-0.1985732614994049,-0.40050607919692993,-0.9585709571838379,-0.8802887201309204,-0.6361812949180603,-0.9464199542999268,-0.9173211455345154,-0.7865145206451416,-0.9513646364212036,-0.9016655683517456,-0.7440869212150574,-0.9144510626792908,-0.7849236726760864,-0.9383771419525146,-0.9044618606567383,0.0774369165301323,-0.9499273896217346
N[13](BlackBar),0.7223488092422485,0.2050778865814209,-0.8312999606132507,0.6948674917221069,0.6718015074729919,-0.5497438907623291,-0.8992411494255066,0.7488693594932556,-0.8574837446212769,0.473131000995636,-0.9835601449012756,0.583745002746582,0.8307667970657349,0.9999999403953552,0.6445140838623047,-0.5764983892440796,-0.8643379807472229,0.4352973699569702,0.5721420645713806,0.49319174885749817,0.3322990834712982,-0.47666963934898376,0.3816627562046051,0.34827399253845215,0.36578118801116943,0.068873330950737,0.47115257382392883,0.1419915407896042,0.12885163724422455,0.5939150452613831,0.7914371490478516,0.24526363611221313,-0.028252679854631424,0.16705326735973358,-0.4148319959640503,-0.3431033790111542,0.19582457840442657,-0.12263013422489166,-0.9295276999473572,-0.5457798838615417,-0.788764238357544,-0.6577298045158386,-0.5904988050460815,-0.8715531826019287,-0.8267574906349182,-0.9257572889328003,-0.9170758128166199,-0.925784707069397,-0.6514394283294678,-0.9173814058303833,-0.7686383724212646,0.30398961901664734,-0.8096123337745667
N[14](WhiteBar),0.9729888439178467,-0.5685170292854309,-0.9407331347465515,0.027735844254493713,0.4181654453277588,-0.5551490187644958,-0.43274253606796265,0.7028345465660095,-0.4691319763660431,0.7415923476219177,-0.7186972498893738,0.5740451216697693,0.9423056840896606,0.6445140838623047,1.0,-0.5574134588241577,-0.20797772705554962,-0.31949272751808167,-0.20480313897132874,0.6677679419517517,0.8009756803512573,0.18468406796455383,0.6585686802864075,0.4782368540763855,0.8731275200843811,0.7196390628814697,0.6998698115348816,0.6706117987632751,0.4158514440059662,0.811409592628479,0.3816041946411133,-0.5089662671089172,-0.5963879823684692,-0.5089386105537415,-0.5480386018753052,-0.6139124631881714,-0.4277757704257965,-0.5626500248908997,-0.8601434826850891,-0.9519624710083008,-0.4311213195323944,-0.9605488777160645,-0.9468821287155151,-0.6956710815429688,-0.8731105327606201,-0.8122125864028931,-0.599321186542511,-0.8269312977790833,-0.7995398044586182,-0.8340622186660767,-0.8835911154747009,-0.012717493809759617,-0.9201557636260986
N[15](Symbol),-0.6088841557502747,0.3070690631866455,0.7159245014190674,-0.4943286180496216,-0.9442154169082642,0.9824802279472351,0.21657583117485046,-0.056922636926174164,0.10759775340557098,-0.9093053340911865,0.5217902660369873,-0.9652120471000671,-0.5546730756759644,-0.5764983892440796,-0.5574134588241577,0.9999999403953552,0.4458060562610626,0.2000168263912201,-0.04918847978115082,-0.9434652924537659,-0.770684540271759,-0.2841702103614807,-0.9168045520782471,-0.9512839317321777,-0.6593886017799377,-0.5584995150566101,-0.9369070529937744,-0.7367910742759705,-0.8535850644111633,-0.9066256880760193,0.017710519954562187,0.31913313269615173,0.6616873741149902,0.4940459132194519,0.9603645205497742,0.9191315770149231,0.5361343026161194,0.79156094789505,0.6179051399230957,0.6590476632118225,0.22556036710739136,0.5325992703437805,0.4066377580165863,0.8699497580528259,0.3779573440551758,0.7604089975357056,0.8010953068733215,0.7492196559906006,0.8887156248092651,0.4737066626548767,0.7801172733306885,-0.5897493958473206,0.7372927069664001
N[16](BlackSymbol),-0.32290729880332947,-0.5938090682029724,0.4900360703468323,-0.8719938397407532,-0.644649088382721,0.401486337184906,0.8384612798690796,-0.47192731499671936,0.7544049024581909,-0.18866489827632904,0.8045331239700317,-0.4263237714767456,-0.46424949169158936,-0.8643379807472229,-0.20797772705554962,0.4458060562610626,1.0,-0.7064517140388489,-0.8338316679000854,-0.2699344754219055,0.04056018590927124,0.6841450333595276,-0.12871934473514557,-0.2092570960521698,0.04502098262310028,0.32628121972084045,-0.21412356197834015,0.1876460164785385,0.01977241039276123,-0.29212436079978943,-0.7157366275787354,-0.6050474047660828,-0.28412625193595886,-0.4898345172405243,0.24886006116867065,0.10532204806804657,-0.47024035453796387,-0.13703344762325287,0.6531415581703186,0.1221175268292427,0.7541161775588989,0.23883889615535736,0.1490694284439087,0.7085376977920532,0.5111464262008667,0.6920053362846375,0.8177596926689148,0.6885162591934204,0.36913609504699707,0.6477760076522827,0.45556914806365967,-0.39584943652153015,0.47118011116981506
N[17](WhiteSymbol),-0.2229253351688385,0.9271312355995178,0.09633950144052505,0.6604770421981812,0.07850072532892227,0.22452488541603088,-0.7010051012039185,0.3077368140220642,-0.6443148851394653,-0.47521892189979553,-0.37792420387268066,-0.17877231538295746,-0.03607403114438057,0.4352973699569702,-0.31949272751808167,0.2000168263912201,-0.7064517140388489,0.9999999403953552,0.9213963747024536,-0.39607420563697815,-0.6341092586517334,-0.9156364798545837,-0.509620189666748,-0.4160326421260834,-0.6280980110168457,-0.8442927002906799,-0.44726887345314026,-0.76216059923172,-0.59341961145401,-0.3681637942790985,0.6964805126190186,0.9319621920585632,0.8102240562438965,0.9060835242271423,0.3958887755870819,0.5149262547492981,0.8707892894744873,0.7051816582679749,-0.13841214776039124,0.453975647687912,-0.5731624364852905,0.2539578974246979,0.2781696021556854,-0.11813993006944656,-0.11032608151435852,-0.12143978476524353,-0.289387047290802,-0.10173451155424118,0.2605806291103363,-0.19809579849243164,0.14351807534694672,0.20932616293430328,0.10659722983837128
N[18](SymbolStop),-0.09680420905351639,0.8614282608032227,-0.06227128952741623,0.7682834267616272,0.32655975222587585,-0.011125695891678333,-0.7289148569107056,0.28880375623703003,-0.654162585735321,-0.25560206174850464,-0.4961007833480835,0.045492734760046005,0.09016234427690506,0.5721420645713806,-0.20480313897132874,-0.04918847978115082,-0.8338316679000854,0.9213963747024536,1.0000001192092896,-0.17156848311424255,-0.46200111508369446,-0.8326141834259033,-0.2951034605503082,-0.16918973624706268,-0.4774217903614044,-0.7048125863075256,-0.21872501075267792,-0.5787951350212097,-0.36597147583961487,-0.15167933702468872,0.6687861084938049,0.8627179861068726,0.637511670589447,0.7825973629951477,0.16379977762699127,0.2922549545764923,0.7432190775871277,0.5123937129974365,-0.27823030948638916,0.3127663731575012,-0.585029125213623,0.16207173466682434,0.21760950982570648,-0.31621891260147095,-0.17641174793243408,-0.28582337498664856,-0.47938093543052673,-0.2776898741722107,0.04536791518330574,-0.2934947609901428,-0.015253986231982708,0.3147744834423065,-0.03656891733407974
N[19](SymbolNoEntryGoods),0.7165645360946655,-0.5050102472305298,-0.7585993409156799,0.31139257550239563,0.8236289024353027,-0.9629498720169067,-0.11097084730863571,0.09355945140123367,-0.04636586457490921,0.9768288731575012,-0.4712175726890564,0.9572747945785522,0.6180819272994995,0.49319174885749817,0.6677679419517517,-0.9434652924537659,-0.2699344754219055,-0.39607420563697815,-0.17156848311424255,1.0,0.9028868675231934,0.4571339190006256,0.9817536473274231,0.942209780216217,0.8226907253265381,0.7409823536872864,0.9849278330802917,0.871649444103241,0.9059666395187378,0.9619396328926086,-0.08962450176477432,-0.5391488671302795,-0.8193355798721313,-0.6786566972732544,-0.9640371799468994,-0.9700183272361755,-0.6927367448806763,-0.898488461971283,-0.6143434643745422,-0.7948856353759766,-0.168630450963974,-0.6670986413955688,-0.5465541481971741,-0.7971248030662537,-0.44072920083999634,-0.7231613397598267,-0.6872727870941162,-0.7217963933944702,-0.9059464931488037,-0.4745732247829437,-0.8167818784713745,0.5087779760360718,-0.7875668406486511
N[20](SymbolOvertaking),0.7943546772003174,-0.780478835105896,-0.7604916095733643,-0.016158003360033035,0.5715139508247375,-0.8031517267227173,0.018399620428681374,0.17948929965496063,0.027851028367877007,0.949206531047821,-0.3581101894378662,0.8021569848060608,0.6660210490226746,0.3322990834712982,0.8009756803512573,-0.770684540271759,0.04056018590927124,-0.6341092586517334,-0.46200111508369446,0.9028868675231934,1.0,0.6315493583679199,0.941349446773529,0.8180881142616272,0.949424684047699,0.9271342158317566,0.9265872240066528,0.9622042179107666,0.8374177813529968,0.928968071937561,-0.15151837468147278,-0.7896645069122314,-0.9308562278747559,-0.8566756248474121,-0.8424486517906189,-0.9253000617027283,-0.8315796852111816,-0.9303030967712402,-0.5733462572097778,-0.9070775508880615,-0.0361328125,-0.7838438153266907,-0.7173791527748108,-0.6265380382537842,-0.4867800176143646,-0.622387707233429,-0.4793393015861511,-0.6260976791381836,-0.8580608367919922,-0.45588940382003784,-0.7923572659492493,0.27291032671928406,-0.7844427824020386
N[21](SymbolOvertakingGoods),0.11590802669525146,-0.844137966632843,-0.0116687947884202,-0.5564742684364319,0.027025967836380005,-0.33128678798675537,0.7470733523368835,-0.4800587594509125,0.7407410144805908,0.5065785646438599,0.4593588709831238,0.2985402047634125,-0.08069323003292084,-0.47666963934898376,0.18468406796455383,-0.2841702103614807,0.6841450333595276,-0.9156364798545837,-0.8326141834259033,0.4571339190006256,0.6315493583679199,1.0,0.569037675857544,0.5170129537582397,0.5526142120361328,0.7887603044509888,0.49427857995033264,0.7730304002761841,0.7037187218666077,0.3747861981391907,-0.7886165380477905,-0.8919118046760559,-0.8230713605880737,-0.9033086895942688,-0.47833067178726196,-0.5911775827407837,-0.9211065769195557,-0.7698412537574768,0.22722621262073517,-0.3537405729293823,0.6603127717971802,-0.1439826488494873,-0.1245880201458931,0.08695271611213684,0.25452131032943726,0.1664244681596756,0.2829628884792328,0.16290435194969177,-0.277935266494751,0.33596864342689514,-0.09915667027235031,0.039004165679216385,-0.04616706445813179
N[22](SymbolSpeed20),0.6888749003410339,-0.6112533211708069,-0.7122195363044739,0.20028738677501678,0.7657334208488464,-0.9374206066131592,0.005759510677307844,0.02375868894159794,0.06469066441059113,0.985218346118927,-0.36766213178634644,0.9276055097579956,0.56673663854599,0.3816627562046051,0.6585686802864075,-0.9168045520782471,-0.12871934473514557,-0.509620189666748,-0.2951034605503082,0.9817536473274231,0.941349446773529,0.569037675857544,1.0000001192092896,0.94877690076828,0.8538102507591248,0.8122900128364563,0.987432599067688,0.9291330575942993,0.9386467933654785,0.9540961980819702,-0.1983940750360489,-0.6435607671737671,-0.8863557577133179,-0.7706961631774902,-0.9637302160263062,-0.989755392074585,-0.782697856426239,-0.9483392834663391,-0.539542555809021,-0.8006836771965027,-0.05289603769779205,-0.6455201506614685,-0.5390332341194153,-0.7210312485694885,-0.37037089467048645,-0.6484478116035461,-0.5994443893432617,-0.6454833745956421,-0.8818583488464355,-0.394107460975647,-0.7747223973274231,0.47116729617118835,-0.7421499490737915
N[23](SymbolSpeed30),0.5076903700828552,-0.4710581600666046,-0.5822395086288452,0.30158427357673645,0.8397141098976135,-0.9512779712677002,0.05028253793716431,-0.14201141893863678,0.14888660609722137,0.9180111885070801,-0.2980083227157593,0.9196605682373047,0.4068927466869354,0.34827399253845215,0.4782368540763855,-0.9512839317321777,-0.2092570960521698,-0.4160326421260834,-0.16918973624706268,0.942209780216217,0.8180881142616272,0.5170129537582397,0.94877690076828,1.0,0.6848863959312439,0.6743602752685547,0.9446619153022766,0.8379238247871399,0.9471642971038818,0.8695248961448669,-0.27472570538520813,-0.4979744255542755,-0.7790335416793823,-0.6611106991767883,-0.9772630929946899,-0.9561123251914978,-0.7081904411315918,-0.8925489783287048,-0.44127678871154785,-0.624914288520813,0.010960808023810387,-0.45031845569610596,-0.33067968487739563,-0.7185420989990234,-0.2065315544605255,-0.5911572575569153,-0.619945228099823,-0.5848987102508545,-0.8303370475769043,-0.28043970465660095,-0.6799338459968567,0.5189453363418579,-0.6215946078300476
N[24](SymbolSpeed50),0.867007851600647,-0.7757344841957092,-0.800044059753418,-0.08137861639261246,0.45458391308784485,-0.6885380744934082,-0.049567412585020065,0.32937100529670715,-0.0769946500658989,0.8911454081535339,-0.42200490832328796,0.6978195905685425,0.7427300810813904,0.36578118801116943,0.8731275200843811,-0.6593886017799377,0.04502098262310028,-0.6280980110168457,-0.4774217903614044,0.8226907253265381,0.949424684047699,0.5526142120361328,0.8538102507591248,0.6848863959312439,0.9999999403953552,0.9195405840873718,0.8512009978294373,0.9076958894729614,0.7115992903709412,0.8884775042533875,-0.04021942988038063,-0.7813432216644287,-0.874954104423523,-0.8086985945701599,-0.7410886287689209,-0.8178502321243286,-0.7507606744766235,-0.8360764980316162,-0.6230738759040833,-0.95553058385849,-0.12399070709943771,-0.8552306294441223,-0.8065921664237976,-0.5874417424201965,-0.5958777070045471,-0.6281548738479614,-0.4519464373588562,-0.6441711187362671,-0.8087602853775024,-0.5470221042633057,-0.7953877449035645,0.1179705485701561,-0.803870439529419
N[25](SymbolSpeed60),0.6630911231040955,-0.9286103844642639,-0.577965259552002,-0.3379274904727936,0.3036153316497803,-0.5885816812515259,0.2701812982559204,0.07026766240596771,0.24339836835861206,0.8186940550804138,-0.11997174471616745,0.5687919855117798,0.511562168598175,0.068873330950737,0.7196390628814697,-0.5584995150566101,0.32628121972084045,-0.8442927002906799,-0.7048125863075256,0.7409823536872864,0.9271342158317566,0.7887603044509888,0.8122900128364563,0.6743602752685547,0.9195405840873718,1.0,0.7874094247817993,0.952443540096283,0.7602869868278503,0.7635301351547241,-0.3331905007362366,-0.9306167960166931,-0.9461634755134583,-0.9452108144760132,-0.6938472390174866,-0.7994279861450195,-0.9034304022789001,-0.8862786293029785,-0.3657342195510864,-0.8263626098632812,0.1994302123785019,-0.6763955354690552,-0.6550306081771851,-0.3649074137210846,-0.33833009004592896,-0.3806484341621399,-0.1902083307504654,-0.39549708366394043,-0.6789466142654419,-0.27209988236427307,-0.6086182594299316,0.008579441346228123,-0.5870596766471863
N[26](SymbolSpeed70),0.7283616065979004,-0.5735787749290466,-0.7662810683250427,0.23618744313716888,0.79872065782547,-0.9503125548362732,-0.08384533226490021,0.09919951111078262,-0.01962507888674736,0.9885099530220032,-0.45620661973953247,0.9377905130386353,0.631946325302124,0.47115257382392883,0.6998698115348816,-0.9369070529937744,-0.21412356197834015,-0.44726887345314026,-0.21872501075267792,0.9849278330802917,0.9265872240066528,0.49427857995033264,0.987432599067688,0.9446619153022766,0.8512009978294373,0.7874094247817993,1.0,0.90570467710495,0.9099005460739136,0.9683368802070618,-0.1115972027182579,-0.5930426716804504,-0.852478563785553,-0.7265241742134094,-0.9707821011543274,-0.9817148447036743,-0.7366750836372375,-0.920280933380127,-0.6165294647216797,-0.8238841891288757,-0.13843470811843872,-0.6818039417266846,-0.5767220854759216,-0.7895346879959106,-0.4459552764892578,-0.7153856158256531,-0.6713472604751587,-0.7158055901527405,-0.9238084554672241,-0.4688389003276825,-0.8305190801620483,0.4364534318447113,-0.7872869372367859
N[27](SymbolSpeed80),0.6498821377754211,-0.8423423767089844,-0.6066784262657166,-0.14214086532592773,0.5085009932518005,-0.7654319405555725,0.23516111075878143,-0.027123117819428444,0.25022366642951965,0.9172759056091309,-0.16211815178394318,0.7449802756309509,0.49286895990371704,0.1419915407896042,0.6706117987632751,-0.7367910742759705,0.1876460164785385,-0.76216059923172,-0.5787951350212097,0.871649444103241,0.9622042179107666,0.7730304002761841,0.9291330575942993,0.8379238247871399,0.9076958894729614,0.952443540096283,0.90570467710495,1.0,0.8993301391601562,0.86070716381073,-0.370933473110199,-0.8639082908630371,-0.9781103134155273,-0.9342589974403381,-0.8528277277946472,-0.9247461557388306,-0.9270817637443542,-0.9723505973815918,-0.3952798843383789,-0.8167498111724854,0.13346505165100098,-0.6387608051300049,-0.5721085071563721,-0.5099234580993652,-0.2985686957836151,-0.460504412651062,-0.3405109643936157,-0.4682481586933136,-0.7911839485168457,-0.2638392746448517,-0.6728829741477966,0.2129869908094406,-0.6316912174224854
N[28](SymbolSpeed100),0.43366214632987976,-0.6021547913551331,-0.4614894390106201,0.09561393409967422,0.694594144821167,-0.8717036843299866,0.27084699273109436,-0.2843286991119385,0.34461408853530884,0.8863867521286011,-0.09451651573181152,0.8419427275657654,0.28706201910972595,0.12885163724422455,0.4158514440059662,-0.8535850644111633,0.01977241039276123,-0.59341961145401,-0.36597147583961487,0.9059666395187378,0.8374177813529968,0.7037187218666077,0.9386467933654785,0.9471642971038818,0.7115992903709412,0.7602869868278503,0.9099005460739136,0.8993301391601562,0.9999999403953552,0.8169477581977844,-0.46844515204429626,-0.6562293767929077,-0.8887389898300171,-0.8029444813728333,-0.9327483773231506,-0.9531834721565247,-0.8463270664215088,-0.9559147357940674,-0.27153778076171875,-0.5981075763702393,0.17204853892326355,-0.39329463243484497,-0.27603644132614136,-0.5409532785415649,-0.08379601687192917,-0.4053800106048584,-0.4063897430896759,-0.4062817394733429,-0.740483283996582,-0.10190393030643463,-0.5622729063034058,0.47261589765548706,-0.4923359453678131
N[29](SymbolSpeed120),0.8464611172676086,-0.5313979387283325,-0.8770976662635803,0.291873037815094,0.7830788493156433,-0.9175758957862854,-0.2467423528432846,0.2900885045528412,-0.20506858825683594,0.9759386777877808,-0.595219075679779,0.9216789603233337,0.765927255153656,0.5939150452613831,0.811409592628479,-0.9066256880760193,-0.29212436079978943,-0.3681637942790985,-0.15167933702468872,0.9619396328926086,0.928968071937561,0.3747861981391907,0.9540961980819702,0.8695248961448669,0.8884775042533875,0.7635301351547241,0.9683368802070618,0.86070716381073,0.8169477581977844,1.0,0.06575809419155121,-0.5401234030723572,-0.7960720658302307,-0.6538427472114563,-0.9080270528793335,-0.9310283660888672,-0.6361328959465027,-0.8491123914718628,-0.7435547113418579,-0.8919057846069336,-0.2774425446987152,-0.7960959672927856,-0.6930724382400513,-0.8366895914077759,-0.6007578372955322,-0.8119853734970093,-0.7356234788894653,-0.8133206963539124,-0.937309205532074,-0.6260842680931091,-0.8926026821136475,0.42246076464653015,-0.8870852589607239
N[30](SymbolD1a1),0.4390617609024048,0.4731684923171997,-0.49503839015960693,0.491055965423584,0.14033280313014984,0.0466904379427433,-0.9573287963867188,0.8824916481971741,-0.9780598878860474,-0.08804091066122055,-0.814546525478363,0.017640305683016777,0.6113060116767883,0.7914371490478516,0.3816041946411133,0.017710519954562187,-0.7157366275787354,0.6964805126190186,0.6687861084938049,-0.08962450176477432,-0.15151837468147278,-0.7886165380477905,-0.1983940750360489,-0.27472570538520813,-0.04021942988038063,-0.3331905007362366,-0.1115972027182579,-0.370933473110199,-0.46844515204429626,0.06575809419155121,1.0000001192092896,0.5367231965065002,0.45544129610061646,0.5708747506141663,0.20432518422603607,0.2495531439781189,0.6319259405136108,0.433005690574646,-0.6787694692611694,-0.1864868700504303,-0.8045691847801208,-0.4151757061481476,-0.43063995242118835,-0.42765623331069946,-0.7310751676559448,-0.5759719610214233,-0.5297912955284119,-0.5769064426422119,-0.14829792082309723,-0.765385627746582,-0.369730681180954,-0.019326092675328255,-0.45469650626182556
N[31](SymbolD1a4),-0.4411584436893463,0.9697308540344238,0.30501577258110046,0.5476846694946289,-0.03771697357296944,0.3721016049385071,-0.5128258466720581,0.115655317902565,-0.46386900544166565,-0.6283867955207825,-0.18475039303302765,-0.3554879426956177,-0.26187944412231445,0.24526363611221313,-0.5089662671089172,0.31913313269615173,-0.6050474047660828,0.9319621920585632,0.8627179861068726,-0.5391488671302795,-0.7896645069122314,-0.8919118046760559,-0.6435607671737671,-0.4979744255542755,-0.7813432216644287,-0.9306167960166931,-0.5930426716804504,-0.8639082908630371,-0.6562293767929077,-0.5401234030723572,0.5367231965065002,1.0,0.8973995447158813,0.9573197364807129,0.5102474093437195,0.6408906579017639,0.9288950562477112,0.7996565699577332,0.07238268852233887,0.6532720923423767,-0.38352638483047485,0.4911353588104248,0.5027958154678345,0.07224663347005844,0.10337667167186737,0.07897033542394638,-0.11426801234483719,0.09120394289493561,0.4555651545524597,-0.006931312847882509,0.371406227350235,0.12156230956315994,0.33178073167800903
N[32](SymbolD1a5),-0.5737107396125793,0.8603243231773376,0.5131406784057617,0.2179003357887268,-0.42888566851615906,0.7043964266777039,-0.33637455105781555,0.11652862280607224,-0.33820071816444397,-0.8634839653968811,0.05098666623234749,-0.6858807802200317,-0.4066300690174103,-0.028252679854631424,-0.5963879823684692,0.6616873741149902,-0.28412625193595886,0.8102240562438965,0.637511670589447,-0.8193355798721313,-0.9308562278747559,-0.8230713605880737,-0.8863557577133179,-0.7790335416793823,-0.874954104423523,-0.9461634755134583,-0.852478563785553,-0.9781103134155273,-0.8887389898300171,-0.7960720658302307,0.45544129610061646,0.8973995447158813,1.0,0.9669885039329529,0.7978339195251465,0.892024576663971,0.9542144536972046,0.966654896736145,0.28297844529151917,0.7607688307762146,-0.21282581984996796,0.5717481374740601,0.5068861842155457,0.3950360119342804,0.213771790266037,0.3401164412498474,0.2268074005842209,0.35284051299095154,0.7024129033088684,0.14885041117668152,0.5716939568519592,-0.22025737166404724,0.5323042869567871
N[33](SymbolD1a6),-0.4520944356918335,0.9315726161003113,0.36228033900260925,0.42219308018684387,-0.23410725593566895,0.5379089713096619,-0.4970817267894745,0.19963860511779785,-0.4786111116409302,-0.7363836765289307,-0.13046905398368835,-0.5126237273216248,-0.273491233587265,0.16705326735973358,-0.5089386105537415,0.4940459132194519,-0.4898345172405243,0.9060835242271423,0.7825973629951477,-0.6786566972732544,-0.8566756248474121,-0.9033086895942688,-0.7706961631774902,-0.6611106991767883,-0.8086985945701599,-0.9452108144760132,-0.7265241742134094,-0.9342589974403381,-0.8029444813728333,-0.6538427472114563,0.5708747506141663,0.9573197364807129,0.9669885039329529,1.0,0.6634606719017029,0.7805541753768921,0.9766880869865417,0.9044669270515442,0.12087292969226837,0.6708134412765503,-0.37015387415885925,0.4735383093357086,0.43908801674842834,0.19916439056396484,0.09309233725070953,0.15646721422672272,0.01878613978624344,0.16902758181095123,0.5595168471336365,-0.0031406262423843145,0.4233998954296112,-0.071611188352108,0.381991982460022
N[34](SymbolD1a7),-0.5863955020904541,0.4746563732624054,0.6522162556648254,-0.3155424892902374,-0.8469171524047852,0.965737521648407,0.017255686223506927,0.05522884055972099,-0.07420682162046432,-0.9483827352523804,0.3749251663684845,-0.9414103627204895,-0.48749658465385437,-0.4148319959640503,-0.5480386018753052,0.9603645205497742,0.24886006116867065,0.3958887755870819,0.16379977762699127,-0.9640371799468994,-0.8424486517906189,-0.47833067178726196,-0.9637302160263062,-0.9772630929946899,-0.7410886287689209,-0.6938472390174866,-0.9707821011543274,-0.8528277277946472,-0.9327483773231506,-0.9080270528793335,0.20432518422603607,0.5102474093437195,0.7978339195251465,0.6634606719017029,0.9999999403953552,0.9671145081520081,0.7015271782875061,0.8992555141448975,0.513420045375824,0.691628098487854,0.08488959074020386,0.5284937620162964,0.40706631541252136,0.7689034342765808,0.29933756589889526,0.6513152718544006,0.6686154007911682,0.6468442678451538,0.8740125894546509,0.3580513894557953,0.745054304599762,-0.5057504773139954,0.6825354695320129
N[35](SymbolD2a1),-0.6334965229034424,0.6123335361480713,0.6675794124603271,-0.18407481908798218,-0.7706703543663025,0.9400776028633118,-0.04839738458395004,0.042661234736442566,-0.11938019096851349,-0.9683685302734375,0.3179343044757843,-0.9216958284378052,-0.5163724422454834,-0.3431033790111542,-0.6139124631881714,0.9191315770149231,0.10532204806804657,0.5149262547492981,0.2922549545764923,-0.9700183272361755,-0.9253000617027283,-0.5911775827407837,-0.989755392074585,-0.9561123251914978,-0.8178502321243286,-0.7994279861450195,-0.9817148447036743,-0.9247461557388306,-0.9531834721565247,-0.9310283660888672,0.2495531439781189,0.6408906579017639,0.892024576663971,0.7805541753768921,0.9671145081520081,1.0,0.8056718707084656,0.9578039646148682,0.49018770456314087,0.7603651285171509,0.007787378970533609,0.5941691398620605,0.487011194229126,0.7049636244773865,0.3115396797657013,0.6094289422035217,0.5774043202400208,0.6034847497940063,0.8733533024787903,0.33300530910491943,0.7405906915664673,-0.4909726083278656,0.6956788897514343
N[36](SymbolD2a2),-0.3792434334754944,0.8882925510406494,0.30616632103919983,0.3696117401123047,-0.2859695851802826,0.5825496315956116,-0.530364453792572,0.2932763397693634,-0.5432679057121277,-0.7380250096321106,-0.17801426351070404,-0.5489447712898254,-0.1985732614994049,0.19582457840442657,-0.4277757704257965,0.5361343026161194,-0.47024035453796387,0.8707892894744873,0.7432190775871277,-0.6927367448806763,-0.8315796852111816,-0.9211065769195557,-0.782697856426239,-0.7081904411315918,-0.7507606744766235,-0.9034304022789001,-0.7366750836372375,-0.9270817637443542,-0.8463270664215088,-0.6361328959465027,0.6319259405136108,0.9288950562477112,0.9542144536972046,0.9766880869865417,0.7015271782875061,0.8056718707084656,1.0,0.921374499797821,0.06940488517284393,0.6109163165092468,-0.3974924683570862,0.404534250497818,0.3607027232646942,0.21925219893455505,0.00722314789891243,0.13583147525787354,0.028103645890951157,0.14073315262794495,0.5743568539619446,-0.0697120800614357,0.40830934047698975,-0.12808625400066376,0.34220707416534424
N[37](SymbolD3),-0.5599057674407959,0.7578420042991638,0.5417499542236328,0.04701262339949608,-0.586555540561676,0.8245822191238403,-0.26613277196884155,0.15661612153053284,-0.30884379148483276,-0.9178125858306885,0.11732254922389984,-0.7991123199462891,-0.40050607919692993,-0.12263013422489166,-0.5626500248908997,0.79156094789505,-0.13703344762325287,0.7051816582679749,0.5123937129974365,-0.898488461971283,-0.9303030967712402,-0.7698412537574768,-0.9483392834663391,-0.8925489783287048,-0.8360764980316162,-0.8862786293029785,-0.920280933380127,-0.9723505973815918,-0.9559147357940674,-0.8491123914718628,0.433005690574646,0.7996565699577332,0.966654896736145,0.9044669270515442,0.8992555141448975,0.9578039646148682,0.921374499797821,1.0,0.330109179019928,0.7278673052787781,-0.17018315196037292,0.5395000576972961,0.4489879906177521,0.5216350555419922,0.19489069283008575,0.43159249424934387,0.3602747619152069,0.43314769864082336,0.7723483443260193,0.17836274206638336,0.6264869570732117,-0.35058489441871643,0.5739297270774841
N[38](SymbolSingleLeftBend),-0.9028756618499756,0.12311851978302002,0.958672046661377,-0.45530498027801514,-0.6180423498153687,0.5987396836280823,0.7720925211906433,-0.8032330274581909,0.7626205086708069,-0.6335523724555969,0.9558547139167786,-0.6287202835083008,-0.9585709571838379,-0.9295276999473572,-0.8601434826850891,0.6179051399230957,0.6531415581703186,-0.13841214776039124,-0.27823030948638916,-0.6143434643745422,-0.5733462572097778,0.22722621262073517,-0.539542555809021,-0.44127678871154785,-0.6230738759040833,-0.3657342195510864,-0.6165294647216797,-0.3952798843383789,-0.27153778076171875,-0.7435547113418579,-0.6787694692611694,0.07238268852233887,0.28297844529151917,0.12087292969226837,0.513420045375824,0.49018770456314087,0.06940488517284393,0.330109179019928,1.0,0.7819454073905945,0.7240983247756958,0.8632962703704834,0.8067296743392944,0.8763356804847717,0.9364126920700073,0.961473286151886,0.8626121878623962,0.971907913684845,0.7967775464057922,0.9678815603256226,0.9063145518302917,-0.15513819456100464,0.9403467774391174
N[39](SymbolSingleRightBend),-0.952962338924408,0.6705806851387024,0.9076426029205322,-0.032910604029893875,-0.49322375655174255,0.6795689463615417,0.27425387501716614,-0.5317070484161377,0.30090659856796265,-0.8594565987586975,0.6063962578773499,-0.6985819935798645,-0.8802887201309204,-0.5457798838615417,-0.9519624710083008,0.6590476632118225,0.1221175268292427,0.453975647687912,0.3127663731575012,-0.7948856353759766,-0.9070775508880615,-0.3537405729293823,-0.8006836771965027,-0.624914288520813,-0.95553058385849,-0.8263626098632812,-0.8238841891288757,-0.8167498111724854,-0.5981075763702393,-0.8919057846069336,-0.1864868700504303,0.6532720923423767,0.7607688307762146,0.6708134412765503,0.691628098487854,0.7603651285171509,0.6109163165092468,0.7278673052787781,0.7819454073905945,1.0,0.34056106209754944,0.9516728520393372,0.9135045409202576,0.6971545219421387,0.7677702307701111,0.7643849849700928,0.5847450494766235,0.7801744341850281,0.8664655685424805,0.7185670733451843,0.9012282490730286,-0.08125146478414536,0.9119477868080139
N[40](SymbolTwoOrMoreLeftBend),-0.5190851092338562,-0.35922786593437195,0.5863858461380005,-0.5732517838478088,-0.34690189361572266,0.20762419700622559,0.8678318858146667,-0.7487090229988098,0.8569380044937134,-0.1397455334663391,0.8211039900779724,-0.2560783624649048,-0.6361812949180603,-0.788764238357544,-0.4311213195323944,0.22556036710739136,0.7541161775588989,-0.5731624364852905,-0.585029125213623,-0.168630450963974,-0.0361328125,0.6603127717971802,-0.05289603769779205,0.010960808023810387,-0.12399070709943771,0.1994302123785019,-0.13843470811843872,0.13346505165100098,0.17204853892326355,-0.2774425446987152,-0.8045691847801208,-0.38352638483047485,-0.21282581984996796,-0.37015387415885925,0.08488959074020386,0.007787378970533609,-0.3974924683570862,-0.17018315196037292,0.7240983247756958,0.34056106209754944,1.0,0.49845585227012634,0.4579659700393677,0.5987542867660522,0.7611798644065857,0.6606972813606262,0.6771926879882812,0.6758612990379333,0.37787550687789917,0.7511138319969177,0.5508145093917847,-0.06584339588880539,0.5740548968315125
N[41](SymbolRightNarrow),-0.9786553978919983,0.5115805864334106,0.9286414980888367,-0.11419515311717987,-0.41104593873023987,0.5606499314308167,0.4728941023349762,-0.7238531708717346,0.5131734609603882,-0.7287712693214417,0.7230849862098694,-0.5987740755081177,-0.9464199542999268,-0.6577298045158386,-0.9605488777160645,0.5325992703437805,0.23883889615535736,0.2539578974246979,0.16207173466682434,-0.6670986413955688,-0.7838438153266907,-0.1439826488494873,-0.6455201506614685,-0.45031845569610596,-0.8552306294441223,-0.6763955354690552,-0.6818039417266846,-0.6387608051300049,-0.39329463243484497,-0.7960959672927856,-0.4151757061481476,0.4911353588104248,0.5717481374740601,0.4735383093357086,0.5284937620162964,0.5941691398620605,0.404534250497818,0.5395000576972961,0.8632962703704834,0.9516728520393372,0.49845585227012634,1.0000001192092896,0.9639773368835449,0.6922465562820435,0.8865469694137573,0.8074491024017334,0.6073901057243347,0.8194818496704102,0.7951938509941101,0.8356260657310486,0.8994925618171692,-0.02628275938332081,0.9330883026123047
N[42](SymbolRoadDeformities),-0.9374922513961792,0.5441713333129883,0.8686138987541199,0.007572603411972523,-0.274749219417572,0.42592549324035645,0.44583630561828613,-0.762357234954834,0.5026811957359314,-0.6330795884132385,0.6711976528167725,-0.4601110517978668,-0.9173211455345154,-0.5904988050460815,-0.9468821287155151,0.4066377580165863,0.1490694284439087,0.2781696021556854,0.21760950982570648,-0.5465541481971741,-0.7173791527748108,-0.1245880201458931,-0.5390332341194153,-0.33067968487739563,-0.8065921664237976,-0.6550306081771851,-0.5767220854759216,-0.5721085071563721,-0.27603644132614136,-0.6930724382400513,-0.43063995242118835,0.5027958154678345,0.5068861842155457,0.43908801674842834,0.40706631541252136,0.487011194229126,0.3607027232646942,0.4489879906177521,0.8067296743392944,0.9135045409202576,0.4579659700393677,0.9639773368835449,1.0000001192092896,0.5862625241279602,0.86639004945755,0.7404226064682007,0.504002034664154,0.7472597360610962,0.6974518299102783,0.8093186616897583,0.8382852673530579,0.12117350846529007,0.8661555647850037
N[43](SymbolSlipperyRoad),-0.7615922093391418,0.08949867635965347,0.8733499646186829,-0.6278202533721924,-0.8774480223655701,0.8496867418289185,0.6240766048431396,-0.47231635451316833,0.5343301892280579,-0.7763020396232605,0.8387637734413147,-0.8560004234313965,-0.7865145206451416,-0.8715531826019287,-0.6956710815429688,0.8699497580528259,0.7085376977920532,-0.11813993006944656,-0.31621891260147095,-0.7971248030662537,-0.6265380382537842,0.08695271611213684,-0.7210312485694885,-0.7185420989990234,-0.5874417424201965,-0.3649074137210846,-0.7895346879959106,-0.5099234580993652,-0.5409532785415649,-0.8366895914077759,-0.42765623331069946,0.07224663347005844,0.3950360119342804,0.19916439056396484,0.7689034342765808,0.7049636244773865,0.21925219893455505,0.5216350555419922,0.8763356804847717,0.6971545219421387,0.5987542867660522,0.6922465562820435,0.5862625241279602,1.0000001192092896,0.6971045136451721,0.9493034482002258,0.9532650709152222,0.9422016143798828,0.8935243487358093,0.7875701785087585,0.8985906839370728,-0.4446788430213928,0.881775438785553
N[44](SymbolChildren),-0.8933945298194885,0.15931758284568787,0.8956680297851562,-0.2541813254356384,-0.3503171503543854,0.3683657944202423,0.7542617917060852,-0.9088748693466187,0.7941559553146362,-0.4796326756477356,0.8986086249351501,-0.4155467748641968,-0.9513646364212036,-0.8267574906349182,-0.8731105327606201,0.3779573440551758,0.5111464262008667,-0.11032608151435852,-0.17641174793243408,-0.44072920083999634,-0.4867800176143646,0.25452131032943726,-0.37037089467048645,-0.2065315544605255,-0.5958777070045471,-0.33833009004592896,-0.4459552764892578,-0.2985686957836151,-0.08379601687192917,-0.6007578372955322,-0.7310751676559448,0.10337667167186737,0.213771790266037,0.09309233725070953,0.29933756589889526,0.3115396797657013,0.00722314789891243,0.19489069283008575,0.9364126920700073,0.7677702307701111,0.7611798644065857,0.8865469694137573,0.86639004945755,0.6971045136451721,1.0000001192092896,0.8378823399543762,0.6762554049491882,0.8625560998916626,0.6465712785720825,0.9492600560188293,0.81911301612854,0.05011335387825966,0.8672001361846924
N[45](SymbolCyclists),-0.8653237819671631,0.12134137004613876,0.9481522440910339,-0.5592421293258667,-0.7607662677764893,0.7359040379524231,0.7202863097190857,-0.6698635816574097,0.6724566221237183,-0.7264267802238464,0.9255383610725403,-0.7560952305793762,-0.9016655683517456,-0.9257572889328003,-0.8122125864028931,0.7604089975357056,0.6920053362846375,-0.12143978476524353,-0.28582337498664856,-0.7231613397598267,-0.622387707233429,0.1664244681596756,-0.6484478116035461,-0.5911572575569153,-0.6281548738479614,-0.3806484341621399,-0.7153856158256531,-0.460504412651062,-0.4053800106048584,-0.8119853734970093,-0.5759719610214233,0.07897033542394638,0.3401164412498474,0.15646721422672272,0.6513152718544006,0.6094289422035217,0.13583147525787354,0.43159249424934387,0.961473286151886,0.7643849849700928,0.6606972813606262,0.8074491024017334,0.7404226064682007,0.9493034482002258,0.8378823399543762,1.0,0.9339348077774048,0.989902675151825,0.8509539365768433,0.9200377464294434,0.9289480447769165,-0.30770114064216614,0.9459457993507385
N[46](SymbolWildAnimals),-0.6846079230308533,-0.09177181869745255,0.8187459707260132,-0.753202497959137,-0.8768583536148071,0.770108163356781,0.7196052670478821,-0.4978746771812439,0.6338686943054199,-0.6539019346237183,0.87579345703125,-0.7844783663749695,-0.7440869212150574,-0.9170758128166199,-0.599321186542511,0.8010953068733215,0.8177596926689148,-0.289387047290802,-0.47938093543052673,-0.6872727870941162,-0.4793393015861511,0.2829628884792328,-0.5994443893432617,-0.619945228099823,-0.4519464373588562,-0.1902083307504654,-0.6713472604751587,-0.3405109643936157,-0.4063897430896759,-0.7356234788894653,-0.5297912955284119,-0.11426801234483719,0.2268074005842209,0.01878613978624344,0.6686154007911682,0.5774043202400208,0.028103645890951157,0.3602747619152069,0.8626121878623962,0.5847450494766235,0.6771926879882812,0.6073901057243347,0.504002034664154,0.9532650709152222,0.6762554049491882,0.9339348077774048,0.9999999403953552,0.9253160357475281,0.7953080534934998,0.7946053743362427,0.8196119666099548,-0.4605178236961365,0.8220404982566833
N[47](SymbolRoadWorks),-0.8786698579788208,0.12898533046245575,0.9557492733001709,-0.5351797342300415,-0.7452588081359863,0.7235730886459351,0.7131533026695251,-0.6810895204544067,0.6760618686676025,-0.7259745597839355,0.9344548583030701,-0.7422150373458862,-0.9144510626792908,-0.925784707069397,-0.8269312977790833,0.7492196559906006,0.6885162591934204,-0.10173451155424118,-0.2776898741722107,-0.7217963933944702,-0.6260976791381836,0.16290435194969177,-0.6454833745956421,-0.5848987102508545,-0.6441711187362671,-0.39549708366394043,-0.7158055901527405,-0.4682481586933136,-0.4062817394733429,-0.8133206963539124,-0.5769064426422119,0.09120394289493561,0.35284051299095154,0.16902758181095123,0.6468442678451538,0.6034847497940063,0.14073315262794495,0.43314769864082336,0.971907913684845,0.7801744341850281,0.6758612990379333,0.8194818496704102,0.7472597360610962,0.9422016143798828,0.8625560998916626,0.989902675151825,0.9253160357475281,1.0,0.8541414737701416,0.9298756718635559,0.9331579804420471,-0.2630946934223175,0.948157012462616
N[48](SymbolVerticalLightSignals),-0.826285719871521,0.46445339918136597,0.8773391842842102,-0.3128320872783661,-0.793487548828125,0.8877890706062317,0.3309014141559601,-0.353694885969162,0.2721811532974243,-0.9133942723274231,0.6491656303405762,-0.8863546848297119,-0.7849236726760864,-0.6514394283294678,-0.7995398044586182,0.8887156248092651,0.36913609504699707,0.2605806291103363,0.04536791518330574,-0.9059464931488037,-0.8580608367919922,-0.277935266494751,-0.8818583488464355,-0.8303370475769043,-0.8087602853775024,-0.6789466142654419,-0.9238084554672241,-0.7911839485168457,-0.740483283996582,-0.937309205532074,-0.14829792082309723,0.4555651545524597,0.7024129033088684,0.5595168471336365,0.8740125894546509,0.8733533024787903,0.5743568539619446,0.7723483443260193,0.7967775464057922,0.8664655685424805,0.37787550687789917,0.7951938509941101,0.6974518299102783,0.8935243487358093,0.6465712785720825,0.8509539365768433,0.7953080534934998,0.8541414737701416,0.9999999403953552,0.6664372086524963,0.9366776943206787,-0.32193610072135925,0.8983389735221863
N[49](SymbolIntersectionPriority),-0.8730342984199524,0.051979608833789825,0.9104287624359131,-0.4370288550853729,-0.48284339904785156,0.4478589594364166,0.8199349045753479,-0.8870972990989685,0.8333752751350403,-0.5063350796699524,0.9577624201774597,-0.48367586731910706,-0.9383771419525146,-0.9173814058303833,-0.8340622186660767,0.4737066626548767,0.6477760076522827,-0.19809579849243164,-0.2934947609901428,-0.4745732247829437,-0.45588940382003784,0.33596864342689514,-0.394107460975647,-0.28043970465660095,-0.5470221042633057,-0.27209988236427307,-0.4688389003276825,-0.2638392746448517,-0.10190393030643463,-0.6260842680931091,-0.765385627746582,-0.006931312847882509,0.14885041117668152,-0.0031406262423843145,0.3580513894557953,0.33300530910491943,-0.0697120800614357,0.17836274206638336,0.9678815603256226,0.7185670733451843,0.7511138319969177,0.8356260657310486,0.8093186616897583,0.7875701785087585,0.9492600560188293,0.9200377464294434,0.7946053743362427,0.9298756718635559,0.6664372086524963,1.0000001192092896,0.8327401280403137,-0.04824473336338997,0.8878334760665894
N[50](SymbolDanger),-0.9200746417045593,0.39207929372787476,0.9524791836738586,-0.3457694351673126,-0.691376268863678,0.7787466645240784,0.5168360471725464,-0.5863673686981201,0.482848197221756,-0.841681957244873,0.7914273738861084,-0.7960036993026733,-0.9044618606567383,-0.7686383724212646,-0.8835911154747009,0.7801172733306885,0.45556914806365967,0.14351807534694672,-0.015253986231982708,-0.8167818784713745,-0.7923572659492493,-0.09915667027235031,-0.7747223973274231,-0.6799338459968567,-0.7953877449035645,-0.6086182594299316,-0.8305190801620483,-0.6728829741477966,-0.5622729063034058,-0.8926026821136475,-0.369730681180954,0.371406227350235,0.5716939568519592,0.4233998954296112,0.745054304599762,0.7405906915664673,0.40830934047698975,0.6264869570732117,0.9063145518302917,0.9012282490730286,0.5508145093917847,0.8994925618171692,0.8382852673530579,0.8985906839370728,0.81911301612854,0.9289480447769165,0.8196119666099548,0.9331579804420471,0.9366776943206787,0.8327401280403137,1.0,-0.2047036737203598,0.9692745804786682
N[51](SymbolPedestrians),0.10620961338281631,0.19558332860469818,-0.21185462176799774,0.6490171551704407,0.6793282628059387,-0.631349503993988,-0.17022235691547394,-0.21620704233646393,-0.05938802659511566,0.4106587767601013,-0.19481736421585083,0.6621128916740417,0.0774369165301323,0.30398961901664734,-0.012717493809759617,-0.5897493958473206,-0.39584943652153015,0.20932616293430328,0.3147744834423065,0.5087779760360718,0.27291032671928406,0.039004165679216385,0.47116729617118835,0.5189453363418579,0.1179705485701561,0.008579441346228123,0.4364534318447113,0.2129869908094406,0.47261589765548706,0.42246076464653015,-0.019326092675328255,0.12156230956315994,-0.22025737166404724,-0.071611188352108,-0.5057504773139954,-0.4909726083278656,-0.12808625400066376,-0.35058489441871643,-0.15513819456100464,-0.08125146478414536,-0.06584339588880539,-0.02628275938332081,0.12117350846529007,-0.4446788430213928,0.05011335387825966,-0.30770114064216614,-0.4605178236961365,-0.2630946934223175,-0.32193610072135925,-0.04824473336338997,-0.2047036737203598,1.0,-0.24647736549377441
N[52](SymbolIceSnow),-0.9608756303787231,0.3613816797733307,0.9843438863754272,-0.37117066979408264,-0.6641291975975037,0.7426100969314575,0.5811307430267334,-0.6663141846656799,0.5685974955558777,-0.8141295313835144,0.8383985161781311,-0.7703400254249573,-0.9499273896217346,-0.8096123337745667,-0.9201557636260986,0.7372927069664001,0.47118011116981506,0.10659722983837128,-0.03656891733407974,-0.7875668406486511,-0.7844427824020386,-0.04616706445813179,-0.7421499490737915,-0.6215946078300476,-0.803870439529419,-0.5870596766471863,-0.7872869372367859,-0.6316912174224854,-0.4923359453678131,-0.8870852589607239,-0.45469650626182556,0.33178073167800903,0.5323042869567871,0.381991982460022,0.6825354695320129,0.6956788897514343,0.34220707416534424,0.5739297270774841,0.9403467774391174,0.9119477868080139,0.5740548968315125,0.9330883026123047,0.8661555647850037,0.881775438785553,0.8672001361846924,0.9459457993507385,0.8220404982566833,0.948157012462616,0.8983389735221863,0.8878334760665894,0.9692745804786682,-0.24647736549377441,1.0000001192092896
