,CircularShape,DiamondShape,TriangularShape,OctagonalShape,RedGround,WhiteGround,YellowGround,Blue,Border,BlackBorder,RedBorder,WhiteBorder,Bar,BlackBar,WhiteBar,Symbol,BlackSymbol,WhiteSymbol,SymbolStop,SymbolNoEntryGoods,SymbolOvertaking,SymbolOvertakingGoods,SymbolSpeed20,SymbolSpeed30,SymbolSpeed50,SymbolSpeed60,SymbolSpeed70,SymbolSpeed80,SymbolSpeed100,SymbolSpeed120,D1a1,D1a4,D1a5,D1a6,D1a7,D2a1,D2a2,D3,ClassId_1,ClassId_2,ClassId_3,ClassId_4,ClassId_5,ClassId_6,ClassId_7,ClassId_8,ClassId_9,ClassId_10,ClassId_11,ClassId_12,ClassId_13,ClassId_14,ClassId_15,ClassId_16,ClassId_17,ClassId_18,ClassId_33,ClassId_34,ClassId_35,ClassId_36,ClassId_37,ClassId_38,ClassId_39,ClassId_40,ClassId_41,ClassId_42,ClassId_43
N[0](CircularShape),0.3780245248827813,0.0567998010101896,0.6795933737523461,0.2361802462667016,0.32992414312236595,0.4979286814880035,0.12146553415748605,0.535080958240441,0.49705451205222845,0.4548839092773632,0.5386545042089149,0.05609621393794056,0.42780320439354114,0.4126888500664228,0.5083955857545578,0.7040571718784009,0.5210056164943383,0.5678599853671298,0.23249468277528867,0.8958536254947286,0.7924853697834199,0.1856014449127032,0.08950164908953015,0.03956543855824431,0.1784216888761,0.1254516564363763,0.11981152167847407,0.44704641961138414,0.23937268856074514,0.671822560084106,0.776213141378908,0.6327313614869643,0.2780234005257257,0.5718718954248366,0.8733068884742012,0.6813496277228775,0.560187042440673,0.46680165590553285,0.09063229807091383,0.04259263088960121,0.182667606946245,0.12920463025133966,0.11986370865365104,0.5241898126160829,0.35454008876439025,0.24142285848707867,0.644753421222001,0.8620692143831724,0.27294788980140006,0.20040340797281603,0.05232790098614882,0.20630524724595026,0.23508155166950828,0.39922747646512724,0.8993329384209928,0.44595584081642575,0.45030363673497575,0.2780234005257257,0.6327313614869643,0.776213141378908,0.8733068884742012,0.5718718954248366,0.560187042440673,0.6813496277228775,0.46680165590553285,0.6781108449832176,0.09982703414601883
N[1](DiamondShape),0.04160360850934881,0.5663977524503496,0.9364549986790051,0.6904897763793006,0.581061689670556,0.5913207572088928,0.5434586381857427,0.41952873495370896,0.6377271096771412,0.49551978495700727,0.6213950714708467,0.5677007484921154,0.37235312547040167,0.3555188258630416,0.4134590709592691,0.43151031463880624,0.5159807527476701,0.39525116950904915,0.6934702650659392,0.04927737041025606,0.3808992771388315,0.2658128838049368,0.21059245934267307,0.11945570816074413,0.06206417147423617,0.10923711263269838,0.2527740951273995,0.12147864613634987,0.3439964322625402,0.3754987943807288,0.37033270011281266,0.6004063555008521,0.5670032163600913,0.43643846872082165,0.17290305516303117,0.4466152573411547,0.1562602491177841,0.2624111977726072,0.2112155573956407,0.11810981284251887,0.06864040921868116,0.11447880916675893,0.24882609167575118,0.04497623177562445,0.21317784790676783,0.33785798299559766,0.3662407198692246,0.21098657161350315,0.2261273012515005,0.3610626079196011,0.5644039596289004,0.9064831539250303,0.6909211614614695,0.552493653320787,0.050587839479635896,0.4436090171800075,0.3545754154893672,0.5670032163600913,0.6004063555008521,0.37033270011281266,0.17290305516303117,0.43643846872082165,0.1562602491177841,0.4466152573411547,0.2624111977726072,0.5759818897252909,0.3114190532743457
N[2](TriangularShape),0.11916467188647396,0.8791726394761852,0.797867776988612,0.961901633228036,0.598743103049146,0.5589237068016729,0.7868073893420794,0.42748109466689904,0.5837862572192519,0.49631540066477164,0.5569491934011979,0.8800443281738246,0.4336755561973654,0.4935614456515805,0.2712914602068812,0.4186099623529791,0.4972442288983642,0.42724906997578177,0.9668727399155719,0.2429160350374176,0.594055433888303,0.15334184226369657,0.02631090561830263,0.25570380059588693,0.33335613964028066,0.26454940079727857,0.3219279403922449,0.31645698470405403,0.2925741351618774,0.3018235390512106,0.36891605829951113,0.4326964950087726,0.39155106724675753,0.727474883286648,0.10875807557024011,0.4867118726766889,0.26163701548505336,0.1892749008694771,0.030858371124201457,0.2550187846827284,0.3249443644456081,0.26553062272020794,0.31313581785032807,0.1794760323066649,0.42300634706758383,0.2871284067614343,0.28158152766740496,0.3528795517185843,0.054692978285931615,0.06472958777830438,0.879060166352984,0.7897697939056951,0.964407644500286,0.6113360862448243,0.2297512771148778,0.18706372462791904,0.42083147830609935,0.39155106724675753,0.4326964950087726,0.36891605829951113,0.10875807557024011,0.727474883286648,0.26163701548505336,0.4867118726766889,0.1892749008694771,0.8580017597028058,0.27885675753005335
N[3](OctagonalShape),0.09437366543597202,0.5188285481364115,0.8637462729072525,0.8731508393834692,0.6554031161416629,0.6020440237728373,0.4867894486025846,0.4146268477908938,0.6312992746030551,0.47446272844653303,0.6260459646849934,0.5182028922316693,0.3636770753947618,0.38194154792451457,0.3246863949762815,0.36345530323183955,0.48987598867298116,0.39566206201298554,0.8776475274729142,0.06989306316749778,0.6577730533162288,0.18921950632149306,0.05410723392813564,0.16518421626335295,0.07889600793190324,0.16023308892578841,0.13714786203571777,0.29156630100659625,0.2924954813378072,0.3195806190051566,0.49857201208521895,0.4909137117676464,0.24947581705684685,0.4858689075630252,0.4072513177372475,0.25178084676820295,0.06386863111903122,0.38097228849691805,0.057283376451391005,0.16298486885189398,0.08393332460618755,0.16155341452999442,0.13468130257024966,0.31744863856955186,0.2611420880315817,0.2798991833854219,0.30147696472870444,0.5750716393328046,0.1867111268258477,0.22952472415542086,0.5167314269524215,0.8717112648964666,0.8740959087685705,0.9354277024671184,0.06983909718438044,0.38790091570455476,0.40023553335889966,0.24947581705684685,0.4909137117676464,0.49857201208521895,0.4072513177372475,0.4858689075630252,0.06386863111903122,0.25178084676820295,0.38097228849691805,0.7148073016804075,0.18752848616776394
N[4](RedGround),0.119955722394295,0.6844034547161592,0.8286438357574447,0.8561149006854153,0.6242767687545705,0.6577745542593,0.6111170913576094,0.3585214669092492,0.6774572144871913,0.4741715396633632,0.6583481274838612,0.6812201148172371,0.3816640525898281,0.42142035631744645,0.2821655068438353,0.2411506122679307,0.4954572940287226,0.3158914993892393,0.8610652466755909,0.02534776763360245,0.5319429873747422,0.09203419626730885,0.2789591665850768,0.4501119104716227,0.252821596295526,0.376690019092396,0.15194207296435652,0.2321684774167393,0.32388976194633606,0.3139313403549394,0.3821634422126843,0.5040894598216349,0.20552012024984462,0.44762726423902893,0.21359983750221023,0.19601434373353058,0.14316741903108976,0.14956286852836392,0.2790617853879124,0.4460669355116672,0.2513889534040795,0.37384419845495337,0.15638071282387678,0.2811325014576578,0.19758202727938917,0.3161336828309305,0.30049116329102066,0.4738520233743265,0.07624734071001557,0.18509302912131617,0.6835607171045214,0.831934677930276,0.8569255480099363,0.9819184404462349,0.022441708494305643,0.33630547606483013,0.8430176774912097,0.20552012024984462,0.5040894598216349,0.3821634422126843,0.21359983750221023,0.44762726423902893,0.14316741903108976,0.19601434373353058,0.14956286852836392,0.5929526346661452,0.11509993343043193
N[5](WhiteGround),0.08942332864597485,0.6912775174583365,0.8590433938246061,0.8372862106283957,0.5859836481516402,0.5207826986572749,0.6223906035376896,0.4751978725016861,0.6073187981531623,0.4924317637947441,0.5894936760776014,0.6953259210813167,0.31833640650828615,0.3190795435933832,0.3272044810421801,0.5856078744346901,0.5204559378243588,0.48303381367147996,0.8444428491597307,0.42938156351389356,0.4711008582874878,0.1174846478025286,0.16476866715279614,0.09174696606351282,0.05127353024429073,0.20642176160002984,0.26318861205264055,0.248530822239363,0.4490456931525554,0.3488602481894429,0.42787323811252737,0.626460646388099,0.422705974142757,0.6910633053221289,0.4432361025665006,0.5578378369925076,0.1421838556248566,0.21234201402818306,0.16621117408397368,0.09205046013855858,0.05428214299287611,0.20520680418626253,0.25392836524318974,0.1865728894649702,0.29638116682032006,0.4349692509325537,0.32351434813218954,0.29061030937859905,0.055488165416750855,0.08142507919878271,0.6902492403676302,0.583292217440861,0.8383821619182302,0.43725434185671697,0.4175285005456404,0.2823832344406737,0.1311867913244968,0.422705974142757,0.626460646388099,0.42787323811252737,0.4432361025665006,0.6910633053221289,0.1421838556248566,0.5578378369925076,0.21234201402818306,0.656640026721413,0.2060917624832318
N[6](YellowGround),0.054990989069352264,0.6757666643182801,0.9044093094113166,0.7725688467273029,0.5981264209750092,0.6500350869469513,0.6215546772068511,0.3649875344078634,0.7111539298378355,0.5094892118144161,0.6733426507249419,0.6790785553375481,0.3272469444238082,0.32235054867063384,0.3448784922051603,0.5556635791272663,0.6248723540452864,0.32062179583675204,0.7783283856047137,0.6400064820594429,0.4669082078552831,0.1744443106562312,0.25907364569344327,0.23628224692972893,0.11140242367185191,0.2389666784828075,0.26554294007029966,0.16999156709076918,0.4658658134299832,0.41099699286843744,0.27000884995915403,0.525827798805018,0.5665106239797351,0.4550916900093371,0.020722121472943094,0.38713067466529466,0.07744145422400894,0.0759050542842544,0.25942769537914573,0.23373591148795367,0.11074536863041523,0.23843982786806286,0.2596173963381926,0.0504269220259032,0.28543705529158686,0.4545391000436872,0.38429939356215004,0.3456738351581231,0.09491733916495323,0.2821077269741492,0.6746930391366066,0.583289357204863,0.7726874947705703,0.45406446517763,0.6243039310552068,0.3780506204566939,0.16526529460771133,0.5665106239797351,0.525827798805018,0.27000884995915403,0.020722121472943094,0.4550916900093371,0.07744145422400894,0.38713067466529466,0.0759050542842544,0.5934747069877582,0.2826431712994581
N[7](Blue),0.18979426306544647,0.6659099111015898,0.7565881618270217,0.8854120516235578,0.5591547201282883,0.40966304204270304,0.6292462086171614,0.5689680103357188,0.4730061460235856,0.48019893370240657,0.4783507135479692,0.6688663614562895,0.39748582569352336,0.42295253953522227,0.3365050776842288,0.5446084145525486,0.40573786558748964,0.62918981934613,0.891057068495426,0.1670227798088993,0.6110393784488491,0.18437760385310054,0.1071075247290364,0.19589928057553957,0.2531242034082788,0.20207544294980628,0.29670394077527723,0.17327588249385958,0.19940946708888038,0.26224772975400257,0.7250572167688897,0.516731708751486,0.32028275757695973,0.9808679738562092,0.6721855514330347,0.7700600366256257,0.33834510794212497,0.2720687699088013,0.10865536015376628,0.1969737703787957,0.2561030197332027,0.201922897199621,0.290717904913819,0.1343591493416063,0.21452231520223153,0.1942884027287697,0.2372045995002251,0.38059174240835786,0.09514984133398305,0.05573293865593499,0.66551312407666,0.6928163742790417,0.8873947770171197,0.4731668143941144,0.1615217832017518,0.18132823639278478,0.29614756760013106,0.32028275757695973,0.516731708751486,0.7250572167688897,0.6721855514330347,0.9808679738562092,0.33834510794212497,0.7700600366256257,0.2720687699088013,0.8392618073885794,0.30086569194249424
N[8](Border),0.631071128795528,0.3655345047468559,0.40469862444972843,0.3310589029239541,0.26287290293600457,0.6319902267224301,0.33170969640904885,0.4413741699937934,0.6303617877493576,0.5314277747985346,0.6062656073782348,0.36798052467117215,0.37787809303442427,0.42974522756637734,0.2887727703286626,0.6935616338968295,0.660557309579866,0.40024460177391324,0.3308517272006835,0.7852946421834595,0.4382803825700762,0.45664539434075857,0.9720231997743736,0.90378024852845,0.907571902421326,0.8628775723427676,0.9144294221660147,0.8330885069363092,0.2301521007649871,0.3945992938667711,0.1995495597712626,0.7156771728187097,0.03108437912789476,0.08760336134453782,0.8630335064012731,0.15713988580686628,0.9284036220470224,0.37996092490854094,0.9683143056133562,0.9017399096956537,0.9012713480765793,0.858035723271887,0.915735798658795,0.8663799087265113,0.7759356605914474,0.25571058910508454,0.4385358469129685,0.6674256029707153,0.7751978868301264,0.8560404488901084,0.3653072788826538,0.12793549595777148,0.3332549204646614,0.24675664738508415,0.7796856421087743,0.2184283575237793,0.6708601302118918,0.03108437912789476,0.7156771728187097,0.1995495597712626,0.8630335064012731,0.08760336134453782,0.9284036220470224,0.15713988580686628,0.37996092490854094,0.1824014783676041,0.11317186019528032
N[9](BlackBorder),0.16455788144470934,0.7550340540004284,0.7618332664257995,0.9776176981730945,0.7039839808303476,0.43982698657274927,0.6615182350797522,0.5170655318518756,0.4960261790659449,0.5053367559340213,0.48297503399731395,0.7589375772109586,0.45087462364388675,0.44247129260614004,0.458415020963609,0.3628599643683443,0.3823600125855765,0.5553921472378524,0.9798870960703915,0.05837411771968694,0.5763275721492992,0.11094954846478025,0.025587556644069927,0.20389506576556937,0.19189122408095796,0.17165432190899083,0.40004754884074933,0.2860239227857909,0.13304058380014377,0.31525826641951293,0.7608330956054928,0.47478061423812545,0.26705486325694294,0.7404489262371615,0.4294749363233706,0.7203276914439598,0.22016758935119302,0.332294521463852,0.02873750613163092,0.20395133216144487,0.1906247932581391,0.17364161417543597,0.39121782861960963,0.1346736965470681,0.41725247027397583,0.13393756091003797,0.29476331700654784,0.3130547680040355,0.11162332568725561,0.148211895199847,0.754548398194807,0.8674630993803298,0.9797554204324276,0.7643656191320347,0.056981321700672743,0.3868565720357587,0.3554246873636279,0.26705486325694294,0.47478061423812545,0.7608330956054928,0.4294749363233706,0.7404489262371615,0.22016758935119302,0.7203276914439598,0.332294521463852,0.8589719044981046,0.13386234333506347
N[10](RedBorder),0.31907200376313977,0.5556891100525799,0.6388900554817857,0.839491143918019,0.5998647438757223,0.5848643187321153,0.49248843663274744,0.43142972552994485,0.6263961090412936,0.5356590211414967,0.5940839069006371,0.5596846159436087,0.3742985885098037,0.37109260977962183,0.379736860477842,0.6401143115109595,0.6101352226164256,0.41785858713271307,0.8456653533719861,0.9795326400845068,0.7841652312404401,0.1380787477423239,0.07753570348245038,0.3674002616088947,0.21810309910343847,0.4225926167776762,0.679657020966067,0.5279773390792948,0.19631129295875235,0.6208768991429782,0.5033641190886812,0.4231810270348231,0.3043412779925446,0.6956690943043884,0.14462778215359257,0.6277088028174521,0.1713367453658152,0.20993782612428863,0.08060931607466933,0.36939130734498327,0.2192800949288245,0.42795677435216883,0.6774689828644779,0.5330658159887888,0.5076730669219677,0.21137110595826192,0.5882462252492076,0.9322624658516648,0.23440749830637397,0.4949487390556013,0.554460798343987,0.20211357139077546,0.8379398036066262,0.45243316208151474,0.9798350282453383,0.3238963421871939,0.3243094523371874,0.3043412779925446,0.4231810270348231,0.5033641190886812,0.14462778215359257,0.6956690943043884,0.1713367453658152,0.6277088028174521,0.20993782612428863,0.6166454850588197,0.05734112805943239
N[11](WhiteBorder),0.13908512827731717,0.5562595523016823,0.8094052091803998,0.9638085747558114,0.6107308429955801,0.4758985692273828,0.5194844840635775,0.5131744438945318,0.49563814168468384,0.4655463507800256,0.5095348091350176,0.5585607877334496,0.44628844216323693,0.4707159105384797,0.37504387073887757,0.41649068498230507,0.3962219039662649,0.5640167744497154,0.9679337215505605,0.03578851337910788,0.5081728856102116,0.14405009030704394,0.08243182618581739,0.22775234357968172,0.16138420469064482,0.10694229369950932,0.4271553410721273,0.1841239295426485,0.13497861402523528,0.2818425012183884,0.5703895927073743,0.5919662873361871,0.3069669680259425,0.5197393090569561,0.344283424202526,0.7909336719613789,0.38256006598848297,0.48497804841313746,0.08432690781316367,0.2264136766277186,0.1612860997681676,0.10954935421767817,0.4188662208567918,0.048661658266563594,0.31467626409474503,0.13756158214873812,0.26657732762449804,0.1827593070356966,0.1413063502062064,0.25050720480264743,0.5543368431095345,0.9083269335552876,0.966371509655756,0.7006894881068902,0.033422092757432284,0.20845614471650056,0.5184400727023742,0.3069669680259425,0.5919662873361871,0.5703895927073743,0.344283424202526,0.5197393090569561,0.38256006598848297,0.7909336719613789,0.48497804841313746,0.8632740791431768,0.16156347904352614
N[12](Bar),0.48064191245300275,0.4792498486728501,0.5551471451070006,0.17329609750811675,0.11141287267297377,0.5138195905789126,0.529704538446444,0.5426253221616852,0.5032802239051835,0.5110507441117872,0.49979091256281194,0.47884383402369013,0.4042870860152315,0.5157329256974396,0.1539103451919557,0.5951660257805509,0.5038153826123751,0.5471904115628631,0.17442819600043355,0.9036723953438921,0.5588411124622824,0.4122518964479229,0.845063764308062,0.19251362546326575,0.11687593733921553,0.5758180345404454,0.04764707533354356,0.22337074175378185,0.8759660655941431,0.5923453285179502,0.43585886746456776,0.7630385225574912,0.9386709629832071,0.5026931839402428,0.6672682397193114,0.25518615419982704,0.5433176103948753,0.5527274441990521,0.8381435352230913,0.1906945162513356,0.11624135906996778,0.5709738710850839,0.04698071565541445,0.2552077472867107,0.21948502470273976,0.8591148301240045,0.5715778715149464,0.5391892980105081,0.07911684831053375,0.0413191759446343,0.47983179672208875,0.6351382852599168,0.1738358432309577,0.4716181266479312,0.8841721865730763,0.07022737446066675,0.4317034072258637,0.9386709629832071,0.7630385225574912,0.43585886746456776,0.6672682397193114,0.5026931839402428,0.5433176103948753,0.25518615419982704,0.5527274441990521,0.5985487883034075,0.8078173952176307
N[13](BlackBar),0.40712112686802027,0.4563645826893243,0.5990600349291638,0.4107646694931877,0.28230797003132085,0.3937129650011006,0.5223978919631094,0.6351846577166347,0.39704008221838866,0.48565799808704085,0.41974085422141666,0.4525426931182327,0.44617985850317876,0.5208131790140307,0.2651877667623961,0.5357931267987134,0.3842404351426908,0.6795035494329416,0.41200538549351307,0.2639591493068655,0.6592975269855492,0.5036074653822998,0.24745110818524163,0.04615580263062277,0.07943788578497224,0.15193302735747558,0.07123080504479992,0.09474957067629124,0.8515141647671768,0.7115303171214962,0.6850727447192002,0.7937822847485063,0.9564248592750627,0.7569475256769375,0.6454442897078401,0.5819564840024835,0.3064533724084248,0.7114668361422074,0.2464679660718806,0.048896701478647504,0.08390446872092418,0.15371028291347538,0.06843747886178478,0.09646479628593181,0.12500443230976527,0.8204214134489364,0.6503638022776923,0.5683908727083771,0.17877485470471483,0.046860319123284026,0.4568592417842615,0.7558609810895497,0.411337334904334,0.6472356063756646,0.2663181709040665,0.15546312226221787,0.33168842007514143,0.9564248592750627,0.7937822847485063,0.6850727447192002,0.6454442897078401,0.7569475256769375,0.3064533724084248,0.5819564840024835,0.7114668361422074,0.7444164059699547,0.8622736023625727
N[14](WhiteBar),0.35826955208078826,0.6489695375931147,0.5795834234011673,0.9624612679292281,0.5392200600661371,0.5086898084965882,0.5801527766097608,0.4809307700340996,0.48826501679032547,0.4359031188807601,0.5092881044216025,0.6463501925732141,0.49076711956000035,0.5738097577842077,0.25660797107738986,0.383883931090635,0.42560531921434175,0.5321612757292487,0.9673548443400941,0.18609941215609074,0.5107281298089098,0.04193136664659843,0.05797751626804536,0.4737213865271419,0.902575366373547,0.4281294893561447,0.627942703646897,0.5246217256663183,0.1011511773690925,0.3256342536333513,0.7046779976400109,0.6449332285938727,0.18246929470762566,0.5861116713352007,0.3520744041138829,0.6972615229191655,0.34051492975351444,0.26682474061374356,0.06030092542935717,0.48216110019646363,0.8980324509062859,0.4365378504787114,0.6295593655467935,0.39300864950015857,0.646161324255963,0.1114231945424606,0.3234901752233728,0.4030221466577934,0.051124478541461155,0.15418194517199232,0.6492489686057168,0.5178392919199764,0.9662065683008091,0.8544618590134047,0.18784048608724782,0.07149088371281515,0.9463033898877874,0.18246929470762566,0.6449332285938727,0.7046779976400109,0.3520744041138829,0.5861116713352007,0.34051492975351444,0.6972615229191655,0.26682474061374356,0.670224090548658,0.06084645434377215
N[15](Symbol),0.08483831165368476,0.9040938127684169,0.8946675381801837,0.44206477771666297,0.4094408698091773,0.6918558221439577,0.8059512796793092,0.3413379240754977,0.7822924075401234,0.5819066559006727,0.6927863317610344,0.9073519366325121,0.2862485089745334,0.29871267128896656,0.28307004600295116,0.572095979749611,0.6911389585073796,0.24280762099239736,0.44331366910322945,0.07610417938499317,0.3634285862698119,0.5644580373269115,0.9638924650417862,0.2646762589928058,0.16001269855170827,0.45567858853088056,0.22186528488854915,0.2281553866633672,0.35192631080530506,0.18097696660658077,0.145179041481347,0.3929648128622298,0.03249860781124418,0.17066143790849672,0.7208095809398276,0.07751120897406023,0.2379055131632103,0.3150548895241876,0.9568948133910529,0.2639265156998587,0.16778289676490335,0.4503467224911684,0.22028537180449176,0.26125172982696615,0.21306039169798832,0.3395570790066203,0.1873823459203684,0.27814141892980104,0.6173920536255482,0.6074387266110681,0.9048283996981709,0.4724201743885888,0.44313672506710816,0.3567628365350282,0.06865148458763531,0.36894041127333416,0.08849471702937041,0.03249860781124418,0.3929648128622298,0.145179041481347,0.7208095809398276,0.17066143790849672,0.2379055131632103,0.07751120897406023,0.3150548895241876,0.4636830471100683,0.4843022344657828
N[16](BlackSymbol),0.14880060664779277,0.9711249106774424,0.7589280040624882,0.9648572039937069,0.7706569331315798,0.5755635483160907,0.8299251534774199,0.39288689352484263,0.6636707672826663,0.568887600824307,0.5907177376304109,0.9712339219533465,0.3829825684619629,0.3551302069116122,0.44816695788031685,0.4335036719952921,0.5670160610762115,0.3460402100485257,0.9672679247832642,0.007850494214161757,0.8715434982844453,0.2872183022275738,0.2163061855835819,0.24256340382239663,0.39806049952849587,0.24465747184338016,0.6189703364575784,0.3829133112726322,0.11053772473363882,0.1724365427138245,0.4274514062682348,0.4453667491419906,0.038559587882741705,0.33321830065359476,0.3244563557532547,0.3207072405202653,0.1405429410762823,0.3172553267260394,0.2193128855061831,0.2461127770309861,0.3884797452799513,0.24482180778792056,0.6073144910232391,0.3233727936029647,0.42498685081436305,0.10779379641764963,0.16591906910128146,0.9134394780584602,0.4283640761121478,0.6493125711957561,0.9716485829350865,0.4847338478897894,0.9665244490410083,0.6915310864758673,0.006474357776202601,0.5353024628062062,0.11812593026860795,0.038559587882741705,0.4453667491419906,0.4274514062682348,0.3244563557532547,0.33321830065359476,0.1405429410762823,0.3207072405202653,0.3172553267260394,0.7872579050846721,0.1314216988036169
N[17](WhiteSymbol),0.048670845754116905,0.8595382113634109,0.9093987586079115,0.6265261361750339,0.4710469874179993,0.5707839753466872,0.759277885235332,0.4409893572693193,0.6629481070304654,0.5078937049474302,0.6227368971872695,0.8622440229634474,0.30198041014434324,0.3201998143800841,0.2749459399282218,0.505199803300362,0.5407439233003143,0.40334352556974085,0.630250539464294,0.1369086406881272,0.46099443731755707,0.2735682119205298,0.45809179079286355,0.09297870794273672,0.09604218046018176,0.1911595054634104,0.16311646329080903,0.16197108942481592,0.39497276218072447,0.1994634834629046,0.45454751747299627,0.5955957616925225,0.2845582390391767,0.5148280112044817,0.43026842822843797,0.29938555899431224,0.14217928091133925,0.404266729727333,0.45618046945053436,0.09259435425498914,0.09793194796931987,0.18957517688382533,0.155963454287184,0.09619883767318363,0.22312321230172802,0.3809369224048123,0.19469314003063917,0.33372305738135827,0.2069507006263445,0.1845380140298946,0.8592519030561651,0.7359780505489508,0.6281213694041674,0.4665022761229036,0.12425288959372434,0.285764033390395,0.14962025204861126,0.2845582390391767,0.5955957616925225,0.45454751747299627,0.43026842822843797,0.5148280112044817,0.14217928091133925,0.29938555899431224,0.404266729727333,0.5976037627225427,0.3562866545988357
N[18](SymbolStop),0.10643559901231013,0.7471607288433142,0.8247731834604577,0.9332621902291621,0.6697408785477424,0.5465680827646929,0.665709640344238,0.4457911774064373,0.6011959572943263,0.48396010942712614,0.5854671439302267,0.7449095269239154,0.37950107442870806,0.3942978289749049,0.3431611650558715,0.30874313768168515,0.4374225607308314,0.43590939678977275,0.9370336431470088,0.060297300170797125,0.5792267157169664,0.14599253461770018,0.0737289881736096,0.11718043746820725,0.1437532352375427,0.17641420548890838,0.2066942328869576,0.3036279498728921,0.31858574132015727,0.31917094255378464,0.4632678068958363,0.4810054708164777,0.2962658485445567,0.5561792717086834,0.4246635696614288,0.4116090097162687,0.11069258347444565,0.31605639988345036,0.07658567908438126,0.11991727846137938,0.1450141956879454,0.17537558607818976,0.20495102226375145,0.23398622275933523,0.35217655958206273,0.3101569378633599,0.2938708078888288,0.44992995602879554,0.11323375604654203,0.14555911707561786,0.7463420557343209,0.9075235647693292,0.9350473974928915,0.9828314100759922,0.054928879834021796,0.35441684793412304,0.37212360579091747,0.2962658485445567,0.4810054708164777,0.4632678068958363,0.4246635696614288,0.5561792717086834,0.11069258347444565,0.4116090097162687,0.31605639988345036,0.704297286581723,0.1784603594756676
N[19](SymbolNoEntryGoods),0.2760232010140705,0.6562566048370052,0.6577648423212453,0.961003200068034,0.9824680620775402,0.4000007924279111,0.5860589241162785,0.49697899745064844,0.46698380134295464,0.4846891502479151,0.47133484426645456,0.6537010391686651,0.5457363279885966,0.4057212789576168,0.8649517138835322,0.2982224479431183,0.3755959885283194,0.528427047763886,0.9606243850529329,0.15173849520190416,0.7923891336147604,0.11421023479831427,0.03606881021514883,0.18632584841217933,0.25478345998001384,0.19354216807527502,0.48218652023384784,0.3168457233918021,0.15278348018002288,0.37894805728234476,0.5440828459912602,0.43675514910670404,0.37441869691132457,0.8366211017740429,0.3896147545655011,0.8924978457814067,0.08951095608697304,0.211998558613341,0.04213485154660111,0.1864626202047358,0.24638210540984506,0.19293888108489704,0.46650133632847096,0.2864893024723922,0.31618546556981775,0.14812111435964648,0.34412364140698415,0.8580394069509145,0.1631088139863797,0.21576610098087312,0.6565363076807433,0.573903492777189,0.9608132260334382,0.6620129019971911,0.1672096711348314,0.9861907806013074,0.5268336117710845,0.37441869691132457,0.43675514910670404,0.5440828459912602,0.3896147545655011,0.8366211017740429,0.08951095608697304,0.8924978457814067,0.211998558613341,0.7087128371405915,0.072709640222397
N[20](SymbolOvertaking),0.2952143274401744,0.8151731168216841,0.6443445978170989,0.7935544621951671,0.5920615501601304,0.4573514417785604,0.8064171782580664,0.5137408791438314,0.47954386345306077,0.498953888645256,0.4678472183392431,0.8172320325557736,0.5229085785404186,0.534625939473349,0.4585204522554277,0.4230125678170371,0.4273622005952833,0.5350372753428997,0.7958769866573202,0.11833016661293531,0.5246216179363812,0.9812368452739314,0.12129612445694028,0.1289128697042366,0.41559529152715724,0.15793982474797416,0.27994379991183654,0.2266416750688629,0.35216305881575655,0.07395458018272634,0.24791799037850595,0.14262629996653378,0.878013409091911,0.8986233426704014,0.23536168179367165,0.9506234332067127,0.14599036917234284,0.47094845775850297,0.12481283330687615,0.13166925171474855,0.42003893433104317,0.16040605998737623,0.2798668233450842,0.2694672206009788,0.20793885776422477,0.3564935981449743,0.0874961096724873,0.24850339887990422,0.9595691355970477,0.17204567060512582,0.8156984425729493,0.9196695569351427,0.795882158489096,0.6823208752186156,0.11810275293200846,0.3484282288131594,0.09188592721240466,0.878013409091911,0.14262629996653378,0.24791799037850595,0.23536168179367165,0.8986233426704014,0.14599036917234284,0.9506234332067127,0.47094845775850297,0.8334589294055029,0.9765611857722285
N[21](SymbolOvertakingGoods),0.2344757051420936,0.32602985134713514,0.7988977755818382,0.2988617331941562,0.548860268810528,0.7334065155183799,0.31880974406413815,0.3055798107004308,0.71312585634731,0.5067048240529569,0.6916322957075292,0.32722912579027685,0.4676350437103141,0.40510099907190045,0.636355917172045,0.43379904391077573,0.6638531031764114,0.206861195781973,0.29103236504243224,0.24692316530280478,0.5228460026510166,0.25724936785069236,0.2130562297882414,0.3066415958142577,0.15646703459104253,0.3871496358762912,0.45144239738613456,0.7358169611164785,0.4057444033871483,0.7285223130013216,0.34898906235817373,0.53906795882675,0.03284683866626113,0.034030999066293185,0.20911872713961513,0.22023385978109072,0.392986541896634,0.24190486848050538,0.21648125186809164,0.30589701168441735,0.15952835407438062,0.38746004747574814,0.4476086877867915,0.544428970784008,0.8574923764272038,0.3965510636152838,0.6919430939510317,0.5656620446762024,0.435287143892844,0.9808003580921338,0.32250333197452374,0.6719455897306087,0.29787894333287157,0.6871412708481236,0.24255225998651356,0.8108697548634738,0.2805521148779796,0.03284683866626113,0.53906795882675,0.34898906235817373,0.20911872713961513,0.034030999066293185,0.392986541896634,0.22023385978109072,0.24190486848050538,0.45515643160513136,0.0693078346486694
N[22](SymbolSpeed20),0.26152538796297625,0.8024918297716938,0.6733319951826575,0.9188238206864578,0.6505936475230767,0.49308716707021794,0.7248860482718023,0.48549669918524835,0.568583967384052,0.5046268782974419,0.5443089973403498,0.805997383911053,0.3689647031457681,0.3801194700733381,0.34716472377473273,0.4381186163309068,0.46753684355188113,0.49275927778118245,0.9237870323059231,0.12204277473300089,0.4764089206986143,0.1358805538832029,0.15160956106599718,0.9816168883075358,0.43939100123075864,0.4816663246204842,0.5478237324849388,0.3817247186032084,0.11105212074305841,0.2364024661458278,0.40558463219180746,0.7136492460299123,0.27540652646334096,0.6920171802054155,0.3746238950661755,0.39800654632234617,0.2692148524760461,0.3459060536832074,0.1627381325233145,0.9802778065005342,0.43060933776447124,0.49137255522182904,0.5584075432163437,0.31546819675676624,0.40110815131314564,0.10860637833114897,0.23292108451755406,0.30352058320342534,0.10609824219446393,0.3084830696145521,0.8020677034094555,0.6742920558375272,0.920035676712201,0.6679913127859156,0.11961890000618249,0.3414292313258767,0.3082717317358794,0.27540652646334096,0.7136492460299123,0.40558463219180746,0.3746238950661755,0.6920171802054155,0.2692148524760461,0.39800654632234617,0.3459060536832074,0.6554913318343273,0.18557453275495928
N[23](SymbolSpeed30),0.39144457904910607,0.7855230599571826,0.5386560163597498,0.9212307299803716,0.6205916238553629,0.4621322033898305,0.7262786981750904,0.4886230078715901,0.44056159948299883,0.40069744828841464,0.47523451289154933,0.7836719715136982,0.5709746903383219,0.6353653254717839,0.3987630810278395,0.40680685546607337,0.4269914685704159,0.5379531395122601,0.927677298300881,0.15046223257217722,0.5232061346267475,0.34292426249247443,0.07417103476897403,0.4029765278686142,0.9813220255753836,0.5919975963481906,0.49359906751440086,0.5221427487072026,0.12503362450979005,0.14642794057244038,0.7449250508953695,0.4336948805087985,0.3240045666729848,0.6495182072829132,0.28057208866650984,0.49578070289298654,0.7610845308525718,0.15783746957815512,0.07898470202776431,0.42199427842691206,0.9816258391080294,0.5938648882191994,0.5096555434428667,0.3835715026807751,0.646508521854242,0.15012938132204187,0.18193588740259073,0.4256288003792402,0.3482492512390211,0.15328186451811388,0.7853463952516834,0.5756911402759842,0.9229891899973527,0.48624454423631913,0.15192634788997475,0.2699344147885642,0.8316245042852966,0.3240045666729848,0.4336948805087985,0.7449250508953695,0.28057208866650984,0.6495182072829132,0.7610845308525718,0.49578070289298654,0.15783746957815512,0.6581824822671924,0.3917281201070289
N[24](SymbolSpeed50),0.15597929682100922,0.88762575250211,0.7691606364107367,0.8755440321405891,0.6116472425227778,0.5744875192604006,0.7868143974434446,0.4057434980009298,0.6330008867487232,0.5652029251417312,0.5703978476983634,0.892330135891287,0.376158561915502,0.404026314352787,0.30185662853843453,0.4907252089933654,0.5629614440140756,0.3897947828204788,0.8822444107557849,0.3663126684821006,0.7359497512700856,0.19384419024683924,0.10245836359464985,0.24211539859021874,0.40318605411271996,0.9645181502142453,0.08855806489426161,0.2603996374112285,0.30698115611682925,0.1585830940893797,0.5424798039393665,0.7278776396654498,0.36641599922419454,0.3529486461251167,0.13287555328889974,0.3728205641472344,0.1992604447747622,0.0813334797241659,0.10296992604859827,0.23856615999724262,0.38481012123694625,0.9651358062322344,0.08235055380157529,0.20009586200547408,0.3327179809942557,0.2972235104345196,0.14389528295900578,0.728484649582623,0.09108959578792236,0.2527965554419195,0.8899837665622985,0.6920820086865367,0.8768731645559202,0.39573102682478406,0.3384257375491184,0.29625037361832723,0.29107103762509495,0.36641599922419454,0.7278776396654498,0.5424798039393665,0.13287555328889974,0.3529486461251167,0.1992604447747622,0.3728205641472344,0.0813334797241659,0.6904966543921964,0.3443968696487341
N[25](SymbolSpeed60),0.3108879873555494,0.577477703508058,0.6467754686100732,0.9143786340249669,0.595812234297795,0.5189345806735637,0.513287920836487,0.46554201575156273,0.5593127614464997,0.4757264297415062,0.5564803786177204,0.5775950148971731,0.41026892576327845,0.4175277065021565,0.3878357290845073,0.5800218465581594,0.5263845399935625,0.5086171897947531,0.9193442816784835,0.09141075678901411,0.43198398630153506,0.19159879590608067,0.2834395462921424,0.7335571542765787,0.61197010523221,0.09094230613755232,0.9777866014631175,0.4816608355863504,0.1980896559209812,0.46790211605867843,0.4271045397372891,0.3068908203144144,0.09514048984473605,0.7864029878618114,0.4384156027104398,0.7402645740120699,0.46108819062338563,0.3867846379712483,0.2896003249228094,0.7368069486092441,0.6244772510053813,0.09451368989508463,0.9796892230103336,0.44509927416679695,0.5093470025766494,0.2098450784689317,0.463937419360687,0.198374858316696,0.272854294679043,0.536256135653726,0.5770701608310133,0.45760129168257674,0.9162914050808796,0.5208792793701069,0.10844657109212912,0.2375111370439175,0.3459526611743167,0.09514048984473605,0.3068908203144144,0.4271045397372891,0.4384156027104398,0.7864029878618114,0.46108819062338563,0.7402645740120699,0.3867846379712483,0.6716243170289264,0.11987410731359442
N[26](SymbolSpeed70),0.3775532257412409,0.5874767977018402,0.5628790826462444,0.9484700574860057,0.7074033277069238,0.4915399515738499,0.5313124772236706,0.5006185644066654,0.491655009964426,0.5026008487381921,0.4881007093279768,0.5838947024198823,0.5070091065588983,0.5173176102345726,0.4472996852628282,0.38939385877933363,0.4344490374565563,0.5097123742555889,0.9518229881465654,0.18332738858745978,0.6758886424624586,0.19268440698374473,0.07475044460388972,0.14664995276506068,0.21566582166041384,0.1962280079852236,0.40760418231678425,0.9303622465410594,0.33182671933326724,0.5125914323352835,0.5336732031017,0.2546947222793995,0.1245762823931835,0.8027555555555556,0.4077605846413285,0.654948916478873,0.04790358474551221,0.7961486542600436,0.07851204802908288,0.15273911694757522,0.235785661299472,0.20324925630433938,0.4103645290130361,0.9575174955466546,0.8737427014632532,0.3427412037503781,0.5042007983103137,0.7827261842900944,0.2628930995138996,0.6189374475126178,0.5866497682796026,0.4223510281833354,0.9513361278490962,0.9653393600530978,0.19823748801244548,0.42911655890727546,0.5823830451245476,0.1245762823931835,0.2546947222793995,0.5336732031017,0.4077605846413285,0.8027555555555556,0.04790358474551221,0.654948916478873,0.7961486542600436,0.5238876940289591,0.11898483565368297
N[27](SymbolSpeed80),0.23564016829358617,0.6390419733347903,0.7048039952375561,0.9377961914663938,0.6648733444635058,0.5961365177195685,0.5714506769825919,0.40067666615090525,0.5855426409129064,0.4977675272132485,0.5689267847139214,0.6372451130005087,0.5046227006488309,0.5155365689432403,0.4486339689715944,0.33894765693648377,0.4889499000025316,0.3952213206750477,0.9410727632818009,0.4054862573480489,0.3703970124582938,0.12289825406381698,0.0661330932886367,0.05397645519947678,0.1587663012965972,0.17163721959986816,0.15147855431712104,0.6505287460413152,0.9183156440882999,0.8508394642921748,0.16804143596260324,0.28005903496869716,0.38710855252041265,0.4246558356676004,0.37924017670173327,0.933771266555424,0.09051422595143484,0.11578599912447021,0.07073077599632746,0.05948505842208665,0.1696205239947243,0.1804365985970068,0.1560830080997708,0.29359638880811084,0.9660425974517174,0.9115421581476627,0.8288323880718781,0.2563738494404079,0.09484268591259701,0.42768589887500313,0.6386910905458656,0.8288885265923291,0.94037832951785,0.9681447813003656,0.40887445669599276,0.3473921083228577,0.4402695923935802,0.38710855252041265,0.28005903496869716,0.16804143596260324,0.37924017670173327,0.4246558356676004,0.09051422595143484,0.933771266555424,0.11578599912447021,0.47721619361075807,0.18145958450812566
N[28](SymbolSpeed100),0.4201612538175734,0.645072054727949,0.5201451721925427,0.9124713495837717,0.81371793751466,0.3553894783182919,0.578361786224876,0.5491983548491992,0.37335344211849864,0.5110999118035442,0.3753240822307724,0.6462975074485866,0.5681860866560211,0.5399288456988954,0.6068936497813068,0.373458769659887,0.3510708228001461,0.617553881111995,0.9141910428516934,0.17828235713746768,0.5818605721112685,0.08874701986754967,0.05769402192258851,0.1583649444081099,0.29961075498519807,0.10482860376748322,0.33622231064252023,0.6042420780232769,0.5181879102780098,0.9709119078579136,0.9738261647583605,0.40490658164286925,0.499148524132986,0.6816500466853408,0.24639384963401464,0.53645125523307,0.309961473874163,0.8331960919278124,0.059842572610666105,0.16408368662323786,0.2930709277659774,0.11097635845771395,0.33181531452877705,0.2859077006708879,0.8529736366215162,0.5347911415801324,0.9686907952584839,0.593141008693961,0.08508242313314872,0.21303086743107696,0.6450782182826382,0.40589537542742654,0.9124089393413594,0.69828664165802,0.22256665224086394,0.7042658989793248,0.5987028767982744,0.499148524132986,0.40490658164286925,0.9738261647583605,0.24639384963401464,0.6816500466853408,0.309961473874163,0.53645125523307,0.8331960919278124,0.5894658161436439,0.12539593077340036
N[29](SymbolSpeed120),0.2682191454035254,0.6941530927531189,0.6625375454199219,0.9221140749499004,0.8696623847697541,0.4767516178736518,0.6397600426092563,0.44746127510887745,0.4963922022806375,0.45177626684680566,0.5078866053747934,0.6933100792093598,0.5334793821819291,0.4943567905952576,0.6018763467845107,0.38523591864373985,0.47249838159612595,0.4540618015645549,0.9249050219093587,0.1853414570572136,0.9578694286215178,0.1943508729680915,0.028409348299106994,0.07236538042293438,0.25210769372719694,0.49773472141893194,0.12349779508761038,0.33479527160373573,0.15526894102064348,0.4590078806851918,0.8081552535691594,0.7302559815613741,0.37678211180708304,0.5307398692810458,0.259321703245718,0.2686830569730218,0.11120635899254955,0.1581767021805196,0.02953765715209162,0.07428118429669459,0.2527472914176967,0.5017699165939385,0.11756347756871591,0.3855186996669672,0.29911737938207694,0.15701179554390562,0.44486008418215495,0.9816351088948246,0.22324813701137403,0.30145703587296047,0.694726806999893,0.30407025883705663,0.9190786053574049,0.5853388559594372,0.20691849038048174,0.8027752869889294,0.6285405306920684,0.37678211180708304,0.7302559815613741,0.8081552535691594,0.259321703245718,0.5307398692810458,0.11120635899254955,0.2686830569730218,0.1581767021805196,0.9180448289720946,0.1657244364950763
N[30](D1a1),0.30074503210072684,0.7966824487824096,0.6231035145326594,0.9280519637279901,0.660883499596033,0.3266659035879375,0.7024208785355871,0.6131838830267115,0.3894269124392556,0.46746549405284704,0.40386929786711034,0.7956071506431218,0.4751641832241097,0.4807801495878146,0.44574651958804906,0.3063851604633728,0.2685654974376779,0.6863622363262095,0.931475718124452,0.0728910156598325,0.627936826404793,0.18731101745936182,0.09915214732353574,0.08522200421480997,0.1714726723101199,0.17811977213505228,0.2457812786345558,0.4006750714954505,0.3007336828709275,0.16744806685919686,0.8242804950790337,0.6336198265637756,0.32392889625512244,0.9292033613445378,0.9767695380941873,0.8315064829859737,0.18054353227002914,0.2713593374125702,0.1025594821828749,0.09085168717471478,0.17402632501298515,0.17992618398218294,0.24487452355446068,0.2617924149188169,0.5029615216414911,0.28918842625264646,0.1642450951657204,0.4623714974215918,0.1563372811656901,0.0594967863171111,0.7973718599211891,0.8817456878367034,0.9303789741950793,0.9564148018701875,0.07356835889480139,0.3505283570947439,0.39303802769096496,0.32392889625512244,0.6336198265637756,0.8242804950790337,0.9767695380941873,0.9292033613445378,0.18054353227002914,0.8315064829859737,0.2713593374125702,0.7906425495052194,0.22064397070939004
N[31](D1a4),0.3653119399230098,0.7470428302562281,0.5740798841641876,0.860493219230036,0.5752329134222828,0.41291745542593,0.6566103215316906,0.5518852330758368,0.4422735024976278,0.5097071834913826,0.4335947596661564,0.7471869776905748,0.44548627254902123,0.5067278120507361,0.27227925942418946,0.4381394955137972,0.39328317185460043,0.6039076586158114,0.8709142529774347,0.3351687736217907,0.8040872776248821,0.07154099939795304,0.08681649001851481,0.13743114599229708,0.4105768614247087,0.3014690106158697,0.33470834234504937,0.35901421835882075,0.27176311985112406,0.9439392359374568,0.9821728432681959,0.49267733944966974,0.4200295922760339,0.635244070961718,0.43414820909023155,0.48607772702179863,0.17522067714205683,0.8108461530882132,0.08689825997543058,0.1409099369248268,0.3916792295337874,0.29245283697069646,0.3277158772182345,0.22808654468616152,0.45131033851027114,0.27575091575091576,0.9324571157489523,0.816967962100286,0.06510803551266357,0.19281820172338768,0.7483773790008992,0.5966638207318485,0.8600398876889968,0.4786001739123129,0.3643461732562871,0.2538688267168924,0.7126816273694758,0.4200295922760339,0.49267733944966974,0.9821728432681959,0.43414820909023155,0.635244070961718,0.17522067714205683,0.48607772702179863,0.8108461530882132,0.7718224872638794,0.09828500689419177
N[32](D1a5),0.11646464997870339,0.5024528657264494,0.879702107072641,0.5089219213576079,0.3985372101900868,0.5753529385868369,0.49469963277548845,0.46460508801532335,0.5965699666756784,0.46277364416272615,0.6012486957585911,0.503759174478599,0.3594348696982167,0.4036376044112027,0.2545304793137673,0.5309785806992511,0.5250617886708112,0.44550852397416696,0.5109223044732253,0.31783012202734123,0.6689327385706216,0.13810138470800723,0.042586988194067955,0.167946370176586,0.13323705162148933,0.39141666200240055,0.08531054511113716,0.1563896618324422,0.2869087002140957,0.16002600647395201,0.5562628859295374,0.9675370683873064,0.6040372739254434,0.48663678804855276,0.4081419868277421,0.28349907654005124,0.10470604298541582,0.17008081055477903,0.04533188033344631,0.16623582531968428,0.13480976933590644,0.39103654424863377,0.08234111534268684,0.12555876881620653,0.20849141904829444,0.2817562254259502,0.1756705715986451,0.518983283649215,0.10079006168364255,0.24486212621361914,0.4999573565082642,0.72998514107399,0.5090295961714403,0.44062476808190965,0.3167000473032136,0.2723845644504128,0.4357484685923686,0.6040372739254434,0.9675370683873064,0.5562628859295374,0.4081419868277421,0.48663678804855276,0.10470604298541582,0.28349907654005124,0.17008081055477903,0.8061910037909646,0.19830758016025582
N[33](D1a6),0.36138385382533716,0.5894476451195018,0.5991298589451941,0.8428078025147898,0.5035885607583235,0.43218666079683027,0.5509982339584559,0.551432923134204,0.4716800563562664,0.4837067889282909,0.4777651895989847,0.5887035825884747,0.4486175999296606,0.47334243234881984,0.40793418823094313,0.5171864696445702,0.4129396362479069,0.6227565031287726,0.8498952038703484,0.12392094288242436,0.4407806678001664,0.37994990969295606,0.21237233621260324,0.3870038514642831,0.8701674738796108,0.42203057270968986,0.6273235781163065,0.2610103871328372,0.1911984011250643,0.3493380267002637,0.476623789208885,0.2508737623450437,0.15153919507245994,0.8889695611577965,0.7559807808369513,0.9391532943514903,0.9877496210025801,0.1175310763808245,0.21535789417984877,0.396693895839796,0.860645076834073,0.4203559099542352,0.6265956894558257,0.14194518037693057,0.36957633028390424,0.19340625735121147,0.3117595158166364,0.2956653265629226,0.3994320410273476,0.19216063702705924,0.5918641999936396,0.71011865689038,0.8472732210680518,0.5327373826056881,0.11574585953102243,0.11701225468113374,0.4867709008306114,0.15153919507245994,0.2508737623450437,0.476623789208885,0.7559807808369513,0.8889695611577965,0.9877496210025801,0.9391532943514903,0.1175310763808245,0.5831147282779896,0.3690822457667937
N[34](D1a7),0.13630468161400766,0.5379971330514312,0.8381143055169551,0.72236769371522,0.487498869352319,0.4449258199427691,0.5389919546996328,0.5519653914786204,0.5090343651694872,0.459757923938497,0.5245046058579825,0.5402165540295036,0.37344953523967567,0.37814279994904554,0.3719177267975681,0.6348144654848565,0.45982582719424825,0.6025293564769887,0.7274125279585376,0.28433819544952565,0.46660373053130716,0.3453837447320891,0.05235840991821042,0.06618959377952184,0.08808603737940676,0.060300409833516797,0.2921995961650539,0.12966650959166642,0.19898709605362302,0.219495065792974,0.4785250716425265,0.5208309703942993,0.6604499377739379,0.9919365079365079,0.44396821940708764,0.805632401949822,0.39179183786652255,0.26334232792391055,0.05554113519906528,0.0694740288836039,0.09633079823824263,0.06481474825057187,0.28574894957817953,0.13549203074013944,0.13988628170578918,0.19948449104412408,0.21672674641712167,0.3246177209727755,0.2159536600149752,0.13384732858279216,0.5370824913050644,0.5258665442485659,0.7238545663036814,0.38742433344115335,0.2824138441696992,0.20907252557408512,0.23946748596423947,0.6604499377739379,0.5208309703942993,0.4785250716425265,0.44396821940708764,0.9919365079365079,0.39179183786652255,0.805632401949822,0.26334232792391055,0.6126637501222015,0.48932945897488617
N[35](D2a1),0.3612512117441769,0.7916279063080057,0.5746614993463649,0.8566560180619357,0.601588885771623,0.4450929341844596,0.7209884226165447,0.5401449085792543,0.4964449005766355,0.6365266171284358,0.42549586889116536,0.7956754596322941,0.44603239062404787,0.4586754563156267,0.3984255593755071,0.5053857005812313,0.4685907770870177,0.5510419028046599,0.8656667046719789,0.1786004582027204,0.3980506494434071,0.4740797110174594,0.10566228809163004,0.27356514788169467,0.29721609275572647,0.23234886223001672,0.6202345907910443,0.6873652467613153,0.3876378998170512,0.7342343732375932,0.9582536404777033,0.26014243446432345,0.1663588423454597,0.6324743230625584,0.35723064018576184,0.5905131497256206,0.10393678731241915,0.9827237703521966,0.10824205605204486,0.2692268982869748,0.295094710645851,0.22851693641959245,0.6034238796156031,0.7741576637727836,0.5646825432002458,0.40528447088080116,0.7143853735771977,0.17178245953099408,0.4866782942511796,0.336546323319503,0.790890049177342,0.5693964759032267,0.8561855408499041,0.5857806380425483,0.1987051284447595,0.3372454211196966,0.18933987478382505,0.1663588423454597,0.26014243446432345,0.9582536404777033,0.35723064018576184,0.6324743230625584,0.10393678731241915,0.5905131497256206,0.9827237703521966,0.6445719414301387,0.4391492322932857
N[36](D2a2),0.5118066899158572,0.5381552896926441,0.4387682151471794,0.8950787809290759,0.9336018525758071,0.24646440677966103,0.5461004120763603,0.6424988063558104,0.25600730417984185,0.4170066159557405,0.3217714882014287,0.541794201002834,0.6822805935331718,0.5747959090826372,0.9109126811908689,0.4854925149338557,0.3352952004831704,0.7261183544942725,0.8949019392562502,0.6081423583721457,0.37187788998373955,0.5774251655629139,0.10833137274099576,0.019914977109221712,0.3117697746319844,0.0866022065088279,0.6194317913530452,0.6278483006503256,0.6364533732265529,0.5423616091665372,0.22020716360429984,0.5258824089515832,0.9145144677430967,0.9118939309056956,0.4301215664670029,0.9844786791004045,0.5407058008775004,0.7219700264770342,0.112545996170144,0.024036121738531004,0.311009435170679,0.09095372768014401,0.6070376295625117,0.3901959910392406,0.7909545422310474,0.6326202238128844,0.5024633704891086,0.0527889959553785,0.6014355709005337,0.11900812359167519,0.540725980149816,0.6266673388221262,0.8946549399421436,0.251795483600853,0.5991857808552824,0.9527896596748198,0.19093850419419822,0.9145144677430967,0.5258824089515832,0.22020716360429984,0.4301215664670029,0.9118939309056956,0.5407058008775004,0.9844786791004045,0.7219700264770342,0.7234109720728648,0.5471551214714894
N[37](D3),0.08628511774654335,0.7697023635791136,0.8505196485124225,0.8594644789704916,0.6416467749328894,0.5758674884437597,0.6969506349339837,0.4237301965959049,0.6180294064030767,0.482409113063703,0.5992005488100148,0.7707230579173026,0.4036067860822598,0.4201337555276519,0.35145650853073596,0.3326871266536071,0.4799805429880618,0.3953880675666536,0.864183089888194,0.08231529560248856,0.6377044496821656,0.2323544852498495,0.014879799858837351,0.31999854661725163,0.1820287343828926,0.1561122098049093,0.27875920639663987,0.19769863186797276,0.18986167938499002,0.1408127129519476,0.5021014600811733,0.4775195231273971,0.3095529861897814,0.5772519140989729,0.2996652136363703,0.43992662363963636,0.09443897824829293,0.15225913429529,0.020036668225495286,0.3162451314927791,0.1829681304342318,0.15927236442740825,0.27495725164661783,0.06415155549255681,0.3298399345200104,0.18578351312296265,0.1436535538708381,0.39981053181758786,0.2804458990480039,0.4594243086909404,0.7688881757547898,0.8880110347904806,0.8602586664508598,0.9282947771695981,0.07869874466760507,0.36927219864911054,0.3025832264396848,0.3095529861897814,0.4775195231273971,0.5021014600811733,0.2996652136363703,0.5772519140989729,0.09443897824829293,0.43992662363963636,0.15225913429529,0.8817611420688457,0.18417053311728177
