epoch,loss,accuracy,balanced_accuracy,balanced_accuracy_SignClass_A,balanced_accuracy_SignClass_B,balanced_accuracy_SignClass_C,balanced_accuracy_SignClass_D,balanced_accuracy_invalid,epoch_elapsed,f1,recall
0,1.002161979675293,0.5889706015586853,0.7491497993469238,0.5,0.5,0.5834230184555054,0.5,0.5193600058555603,2.6674299240112305,0.23531334102153778,0.5889706015586853
1,0.685988187789917,0.7158088088035583,0.8500000238418579,0.5156924724578857,0.5,0.7966214418411255,0.7046093344688416,0.5705973505973816,2.5934135913848877,0.3661172091960907,0.7158088088035583

2,0.5631800889968872,0.7696691155433655,0.8855239152908325,0.9146420955657959,0.5,0.8352928161621094,0.8258447647094727,0.6373788118362427,2.497147798538208,0.5892630815505981,0.7696691155433655

3,0.5066912770271301,0.7908087968826294,0.8914291858673096,0.9675107002258301,0.5069491267204285,0.8421463370323181,0.8705968856811523,0.6307345628738403,2.5026674270629883,0.6209048628807068,0.7908087968826294

4,0.46218863129615784,0.7963235378265381,0.8996783494949341,0.9521725177764893,0.6909423470497131,0.8507250547409058,0.9146463871002197,0.6335362195968628,2.496082067489624,0.6699073910713196,0.7963235378265381
5,0.44945597648620605,0.8091911673545837,0.8977252244949341,0.9618777632713318,0.7789343595504761,0.8516452312469482,0.9146244525909424,0.6205804347991943,2.5571961402893066,0.7483593821525574,0.8091911673545837

6,0.444909006357193,0.809374988079071,0.8991957902908325,0.9754751920700073,0.8175650835037231,0.854856014251709,0.9255043268203735,0.5994412899017334,2.622030258178711,0.7533325552940369,0.809374988079071
7,0.4349439740180969,0.8119485378265381,0.896920919418335,0.9813835620880127,0.827796459197998,0.8435297012329102,0.9207462072372437,0.5904816389083862,2.5724852085113525,0.7824493646621704,0.8119485378265381
8,0.4445662498474121,0.810661792755127,0.8929917216300964,0.9719172716140747,0.8256311416625977,0.8461894392967224,0.9220029711723328,0.5928430557250977,2.516731023788452,0.7515618205070496,0.810661792755127
9,0.42963168025016785,0.8080882430076599,0.8955193161964417,0.9712381362915039,0.8852069973945618,0.8397712707519531,0.9383286237716675,0.5983375906944275,2.586716651916504,0.7741801142692566,0.8080882430076599
10,0.4118870496749878,0.8218749761581421,0.8997932076454163,0.9833041429519653,0.94319748878479,0.8413375616073608,0.9345715641975403,0.6079043745994568,2.463437080383301,0.7878376841545105,0.8218749761581421

11,0.4228522479534149,0.8163602948188782,0.8973575830459595,0.9756335020065308,0.9034515023231506,0.8479366898536682,0.9340660572052002,0.5997151136398315,2.4939351081848145,0.7702488899230957,0.8163602948188782
12,0.4094265103340149,0.8183823823928833,0.8985753655433655,0.9737527370452881,0.9302554130554199,0.8569139242172241,0.9355700016021729,0.614639163017273,2.7199158668518066,0.7837790846824646,0.8183823823928833
13,0.39795172214508057,0.8238970637321472,0.8996093273162842,0.9733256101608276,0.9067406058311462,0.8554095029830933,0.9349250793457031,0.6055760383605957,2.5161588191986084,0.7878864407539368,0.8238970637321472

14,0.40553468465805054,0.826286792755127,0.896047830581665,0.9814923405647278,0.8775660991668701,0.8544007539749146,0.931472897529602,0.6009191274642944,2.5115935802459717,0.7912769913673401,0.826286792755127
15,0.38655421137809753,0.8386029601097107,0.8995404243469238,0.971187949180603,0.9677962064743042,0.8482717871665955,0.9452995657920837,0.598631739616394,2.5071051120758057,0.8172891736030579,0.8386029601097107

16,0.4243128299713135,0.8128676414489746,0.8957720994949341,0.9697325229644775,0.944139838218689,0.8400124311447144,0.9300907850265503,0.5989893674850464,2.4709527492523193,0.7956450581550598,0.8128676414489746
17,0.3953646123409271,0.8288602828979492,0.8988051414489746,0.9672642946243286,0.916923463344574,0.853891134262085,0.9426848888397217,0.602587878704071,2.665950298309326,0.8002175688743591,0.8288602828979492
18,0.3920065462589264,0.8294117450714111,0.8986673355102539,0.9747024774551392,0.9542983174324036,0.8544877767562866,0.9434912204742432,0.5839806795120239,2.6693506240844727,0.8022667169570923,0.8294117450714111
19,0.3915979862213135,0.8365808725357056,0.899954080581665,0.9763683676719666,0.9478718042373657,0.8497901558876038,0.9445793628692627,0.5928828120231628,2.662707567214966,0.8312377333641052,0.8365808725357056
20,0.3836243450641632,0.8323529362678528,0.8998621106147766,0.9828634858131409,0.9294758439064026,0.8472937345504761,0.9371578693389893,0.5807203650474548,2.626091718673706,0.8016204833984375,0.8323529362678528

21,0.38047903776168823,0.8395220637321472,0.9016084671020508,0.9752422571182251,0.9780014753341675,0.8551963567733765,0.9514695405960083,0.588144063949585,2.5575811862945557,0.8235227465629578,0.8395220637321472
22,0.38680994510650635,0.8316176533699036,0.899057924747467,0.9784876108169556,0.9450637102127075,0.8524264097213745,0.9453059434890747,0.5816742181777954,2.615694999694824,0.8150736689567566,0.8316176533699036
23,0.37775370478630066,0.8371323347091675,0.8997702598571777,0.9697887897491455,0.9376184940338135,0.8564583659172058,0.9415035247802734,0.582768440246582,2.551910400390625,0.8247011303901672,0.8371323347091675
24,0.3672325909137726,0.8448529243469238,0.9028722643852234,0.9749085903167725,0.9452857971191406,0.86328125,0.9425938725471497,0.5963636040687561,2.7535459995269775,0.8208385705947876,0.8448529243469238
25,0.3633356988430023,0.8459559082984924,0.9045956134796143,0.9792797565460205,0.941778302192688,0.8568941950798035,0.9426553249359131,0.600989580154419,2.5595362186431885,0.8181089758872986,0.8459559082984924
26,0.3834514319896698,0.8380514979362488,0.9002068042755127,0.9809553027153015,0.9595414996147156,0.8504635691642761,0.9405868649482727,0.5906743407249451,2.6267199516296387,0.8080620169639587,0.8380514979362488
27,0.37100300192832947,0.8389706015586853,0.9028952121734619,0.9763494729995728,0.9466679096221924,0.8619228601455688,0.9365823268890381,0.5870466232299805,2.5440101623535156,0.8314418792724609,0.8389706015586853
28,0.3641869127750397,0.8398897051811218,0.9064568281173706,0.9810100793838501,0.9538407325744629,0.8621835708618164,0.9450042247772217,0.5957155227661133,2.5622246265411377,0.8094236254692078,0.8398897051811218
29,0.3476284444332123,0.8522058725357056,0.9070082902908325,0.983339786529541,0.9707961082458496,0.859635055065155,0.9503926038742065,0.5997211933135986,2.5590460300445557,0.839346706867218,0.8522058725357056

30,0.36328479647636414,0.8472426533699036,0.9031020402908325,0.9808938503265381,0.9633811116218567,0.8609219193458557,0.9441522359848022,0.5980568528175354,2.6140005588531494,0.8302936553955078,0.8472426533699036

31,0.3668902814388275,0.8424632549285889,0.9023207426071167,0.9811877012252808,0.9430268406867981,0.8620835542678833,0.9468221664428711,0.5957720279693604,2.5329926013946533,0.8275207877159119,0.8424632549285889
32,0.36034494638442993,0.8446691036224365,0.9040900468826294,0.9803861379623413,0.9675254821777344,0.8549677729606628,0.944739043712616,0.5829400420188904,2.6618242263793945,0.8323219418525696,0.8446691036224365
33,0.3523021340370178,0.851838231086731,0.9046185612678528,0.982293963432312,0.9687396287918091,0.8623443245887756,0.9496674537658691,0.5906450152397156,2.7385711669921875,0.8371238708496094,0.851838231086731
34,0.3392670750617981,0.8586397171020508,0.9056066274642944,0.9775114059448242,0.9733893871307373,0.864319920539856,0.9454702138900757,0.6154816150665283,2.5800111293792725,0.8485739827156067,0.8586397171020508
35,0.3457624018192291,0.8555147051811218,0.90625,0.986621618270874,0.9655734300613403,0.8635966777801514,0.9488911032676697,0.5989741086959839,2.5471534729003906,0.8406972289085388,0.8555147051811218
36,0.33621808886528015,0.8586397171020508,0.9075597524642944,0.978966236114502,0.9596036076545715,0.8637669086456299,0.9441293478012085,0.6038207411766052,2.5895984172821045,0.8353830575942993,0.8586397171020508
37,0.35279542207717896,0.8500000238418579,0.9063878655433655,0.980720043182373,0.9847242832183838,0.8592844009399414,0.945963978767395,0.6006016731262207,4.568100690841675,0.8437567949295044,0.8500000238418579
38,0.3539086878299713,0.8501838445663452,0.9042738676071167,0.9757944345474243,0.9535492658615112,0.8604117631912231,0.9446998834609985,0.590857207775116,2.608839988708496,0.8346613049507141,0.8501838445663452
39,0.34748515486717224,0.8522058725357056,0.9066406488418579,0.9812605381011963,0.9695314168930054,0.8697712421417236,0.9486346244812012,0.6121348142623901,2.698591470718384,0.845085084438324,0.8522058725357056
40,0.3385988473892212,0.854411780834198,0.9066866040229797,0.9702538251876831,0.9454528093338013,0.8702148199081421,0.951097846031189,0.5945266485214233,2.5799684524536133,0.8401712775230408,0.854411780834198

41,0.3352109491825104,0.8623161911964417,0.9069852828979492,0.9781873226165771,0.9718483686447144,0.8683227896690369,0.9482793807983398,0.6053611636161804,2.751461982727051,0.8511398434638977,0.8623161911964417

42,0.3515278100967407,0.8534926176071167,0.9055376648902893,0.9844722151756287,0.9289836287498474,0.8717726469039917,0.9453154802322388,0.5958260297775269,2.6579666137695312,0.8435034155845642,0.8534926176071167
43,0.33219680190086365,0.8630514740943909,0.908203125,0.9833835363388062,0.938363790512085,0.869268536567688,0.9521958827972412,0.6028560400009155,2.4856996536254883,0.8527860045433044,0.8630514740943909
44,0.31708022952079773,0.870036780834198,0.9109145402908325,0.9820890426635742,0.9690805077552795,0.8728309273719788,0.9541357755661011,0.6152573823928833,2.4805996417999268,0.8543537259101868,0.870036780834198
45,0.3401032090187073,0.8560661673545837,0.9110293984413147,0.9792405366897583,0.9822182655334473,0.8712081909179688,0.9520027041435242,0.6087056994438171,2.569905996322632,0.8325961232185364,0.8560661673545837
46,0.33113551139831543,0.8650735020637512,0.9108226299285889,0.9820867776870728,0.9749409556388855,0.8738672137260437,0.9546240568161011,0.6136158108711243,2.5695862770080566,0.8622413873672485,0.8650735020637512
47,0.32806944847106934,0.861213207244873,0.9118795394897461,0.9848721027374268,0.9839205741882324,0.8711944818496704,0.9527960419654846,0.6079573035240173,2.557695150375366,0.8454925417900085,0.861213207244873
48,0.3386581242084503,0.8520220518112183,0.9109145402908325,0.9807192087173462,0.9654866456985474,0.8755743503570557,0.942836582660675,0.6073944568634033,2.5413522720336914,0.8392303586006165,0.8520220518112183
49,0.3246983587741852,0.8681985139846802,0.9105008840560913,0.981871485710144,0.9405002593994141,0.8730825185775757,0.9474740624427795,0.6061076521873474,2.462574005126953,0.8521537780761719,0.8681985139846802
50,0.3337547183036804,0.8602941036224365,0.9111213684082031,0.9840859770774841,0.9739495515823364,0.8655014038085938,0.952686071395874,0.6180094480514526,2.5910043716430664,0.8513817191123962,0.8602941036224365

51,0.33162927627563477,0.8634191155433655,0.9107307195663452,0.9814196825027466,0.9581096172332764,0.8717464208602905,0.9498590230941772,0.620766282081604,2.524871587753296,0.8500443696975708,0.8634191155433655
52,0.3159823715686798,0.8711397051811218,0.9141544103622437,0.9699335694313049,0.9711281657218933,0.8762246370315552,0.9498761892318726,0.6373205780982971,2.5605931282043457,0.85724276304245,0.8711397051811218
53,0.3291151225566864,0.8617647290229797,0.911948561668396,0.9835331439971924,0.9720537662506104,0.8731790781021118,0.9421515464782715,0.6224238276481628,2.554917097091675,0.8518571257591248,0.8617647290229797
54,0.32836341857910156,0.8613970875740051,0.9132353067398071,0.981784462928772,0.9724475145339966,0.8763589859008789,0.9471726417541504,0.6245913505554199,2.4706366062164307,0.845026969909668,0.8613970875740051
55,0.311777800321579,0.873161792755127,0.915900707244873,0.9798259139060974,0.9835374355316162,0.8819761276245117,0.953005313873291,0.6413156986236572,2.504239320755005,0.8579344153404236,0.873161792755127

56,0.31295880675315857,0.8687499761581421,0.9160386323928833,0.9803601503372192,0.9853763580322266,0.8708741664886475,0.9478431940078735,0.6430983543395996,2.5594944953918457,0.8548583388328552,0.8687499761581421
57,0.3175407946109772,0.8691176176071167,0.9136029481887817,0.9748828411102295,0.971319854259491,0.8746515512466431,0.9484026432037354,0.6382341384887695,2.4720754623413086,0.8635358810424805,0.8691176176071167
58,0.31445860862731934,0.8693014979362488,0.9139705896377563,0.9763362407684326,0.9768398404121399,0.8762206435203552,0.9518269300460815,0.6269744634628296,2.4405410289764404,0.8507537841796875,0.8693014979362488
59,0.310613214969635,0.8702206015586853,0.9163143634796143,0.9844684600830078,0.9548979997634888,0.880764365196228,0.9578739404678345,0.6299797296524048,2.4614017009735107,0.8460306525230408,0.8702206015586853
60,0.3137517273426056,0.8702206015586853,0.9172794222831726,0.9743908643722534,0.9789434671401978,0.8777523040771484,0.9540484547615051,0.651824951171875,2.461970806121826,0.8550325632095337,0.8702206015586853

61,0.32174012064933777,0.8654412031173706,0.9158087968826294,0.983760416507721,0.9679700136184692,0.8817915916442871,0.9491286873817444,0.6596804857254028,2.518376350402832,0.8484731912612915,0.8654412031173706
62,0.3088845908641815,0.8753676414489746,0.9187040328979492,0.9848685264587402,0.9864423274993896,0.8833588361740112,0.9522829055786133,0.6572924256324768,2.556438446044922,0.85589998960495,0.8753676414489746
63,0.30212274193763733,0.8733456134796143,0.920036792755127,0.9831564426422119,0.9867163896560669,0.8869868516921997,0.9590408802032471,0.6616504192352295,2.653857707977295,0.8683876395225525,0.8733456134796143
64,0.2964186370372772,0.879963219165802,0.919761061668396,0.9820235967636108,0.9729546308517456,0.8870526552200317,0.951948881149292,0.6619513630867004,2.599801540374756,0.8774944543838501,0.879963219165802
65,0.2988314628601074,0.8770220875740051,0.9197380542755127,0.9830777645111084,0.9882016181945801,0.8860774636268616,0.9545226693153381,0.6557333469390869,2.521232843399048,0.8702690005302429,0.8770220875740051
66,0.3001183569431305,0.8795955777168274,0.9206341505050659,0.9848828315734863,0.9729259610176086,0.8878887891769409,0.9598367214202881,0.6646506786346436,2.6615421772003174,0.8717007637023926,0.8795955777168274
67,0.2968553304672241,0.8784926533699036,0.9194163680076599,0.9862660765647888,0.971946120262146,0.8856875896453857,0.9457438588142395,0.6709709167480469,2.692188262939453,0.8664224743843079,0.8784926533699036
68,0.28485822677612305,0.8838235139846802,0.9223345518112183,0.9820939898490906,0.9834734201431274,0.8916148543357849,0.9603502750396729,0.6799337863922119,2.6107285022735596,0.8817681670188904,0.8838235139846802

69,0.28589436411857605,0.8871323466300964,0.9227941036224365,0.984540581703186,0.9798243045806885,0.8915295600891113,0.9554435014724731,0.6671762466430664,2.581171751022339,0.8794066309928894,0.8871323466300964
70,0.29362818598747253,0.8777573704719543,0.9196920990943909,0.983720064163208,0.9801425933837891,0.8873436450958252,0.9472044706344604,0.6736712455749512,2.4412224292755127,0.8699278235435486,0.8777573704719543

71,0.3076317608356476,0.8748161792755127,0.919025719165802,0.9795426726341248,0.9735435247421265,0.8936079740524292,0.9466372728347778,0.6588143706321716,2.580608367919922,0.8671771883964539,0.8748161792755127
72,0.2902899384498596,0.8845587968826294,0.9227252006530762,0.9803516864776611,0.9600663781166077,0.8955790400505066,0.9582319259643555,0.6946473121643066,2.5528063774108887,0.8760660290718079,0.8845587968826294
73,0.2867102026939392,0.8841911554336548,0.9210707545280457,0.9778283834457397,0.9664269685745239,0.893344521522522,0.9536951780319214,0.6778508424758911,2.4393153190612793,0.8684612512588501,0.8841911554336548
74,0.2931714653968811,0.8823529481887817,0.922311544418335,0.975803792476654,0.9822121262550354,0.8922069668769836,0.9574374556541443,0.6729961633682251,3.2136950492858887,0.8779156804084778,0.8823529481887817
75,0.2952917516231537,0.8819853067398071,0.9212775826454163,0.9822642207145691,0.9775618314743042,0.8970577716827393,0.953589141368866,0.6750848293304443,2.5365617275238037,0.8781971335411072,0.8819853067398071
76,0.295207679271698,0.8772059082984924,0.9233455657958984,0.9777669310569763,0.9649367332458496,0.8904095888137817,0.9596353769302368,0.6703517436981201,2.5631003379821777,0.8699594736099243,0.8772059082984924
77,0.2920604944229126,0.8838235139846802,0.9232536554336548,0.9820914268493652,0.9823694229125977,0.8983554244041443,0.9562550783157349,0.6886517405509949,2.61623215675354,0.8852208256721497,0.8838235139846802
78,0.2799711525440216,0.8878676295280457,0.9248851537704468,0.9822131395339966,0.9605048894882202,0.893538236618042,0.9688127040863037,0.67325359582901,2.5209059715270996,0.8790683746337891,0.8878676295280457
79,0.2895622253417969,0.8805146813392639,0.9233685731887817,0.9815292358398438,0.9890941381454468,0.8940645456314087,0.9575332403182983,0.6742250919342041,2.4200236797332764,0.8791174292564392,0.8805146813392639
80,0.28394389152526855,0.885661780834198,0.9234145283699036,0.9738185405731201,0.9822692275047302,0.8890277147293091,0.9598374366760254,0.6859070658683777,2.4851183891296387,0.8814594149589539,0.885661780834198

81,0.2822969853878021,0.8882352709770203,0.9236443042755127,0.9785819053649902,0.9885842800140381,0.9020397663116455,0.9585946202278137,0.6789702773094177,2.449197769165039,0.8855617642402649,0.8882352709770203
82,0.29673436284065247,0.8795955777168274,0.9235754013061523,0.9888002872467041,0.9876632690429688,0.8895428776741028,0.9526787996292114,0.6903576850891113,2.4334359169006348,0.8676641583442688,0.8795955777168274
83,0.28744903206825256,0.8862132430076599,0.9248851537704468,0.9837101697921753,0.9712967276573181,0.8946503400802612,0.9550596475601196,0.7009111642837524,2.524702548980713,0.8724657893180847,0.8862132430076599
84,0.2910005748271942,0.8792279362678528,0.9245864152908325,0.97438645362854,0.9828649759292603,0.9004900455474854,0.9539116024971008,0.7057065963745117,2.4667015075683594,0.8751434683799744,0.8792279362678528
85,0.2917803227901459,0.8806985020637512,0.9252527356147766,0.980127215385437,0.9799813032150269,0.8960793018341064,0.9533841609954834,0.710843563079834,2.5584042072296143,0.8733844757080078,0.8806985020637512
86,0.2737385034561157,0.8865808844566345,0.926953136920929,0.9876199960708618,0.9796695709228516,0.903723418712616,0.9481214284896851,0.7108786702156067,2.4760172367095947,0.8716288805007935,0.8865808844566345
87,0.2764178514480591,0.8893382549285889,0.9273207187652588,0.9809691905975342,0.9759997129440308,0.9016557931900024,0.9570417404174805,0.7077800035476685,2.5884411334991455,0.8876426815986633,0.8893382549285889
88,0.2723354399204254,0.8897058963775635,0.9289522171020508,0.9846867322921753,0.9531704187393188,0.903656005859375,0.9570175409317017,0.709891140460968,2.53165340423584,0.8734922409057617,0.8897058963775635
89,0.28004902601242065,0.8900735378265381,0.9262408018112183,0.9760210514068604,0.9908735752105713,0.8997618556022644,0.957252025604248,0.7080040574073792,2.4965579509735107,0.8926321268081665,0.8900735378265381
90,0.2860633432865143,0.8854779601097107,0.9274356365203857,0.9804983139038086,0.9465681314468384,0.89990234375,0.9478999376296997,0.7179743647575378,2.543501377105713,0.8611821532249451,0.8854779601097107

91,0.2745785415172577,0.8917279243469238,0.9286764860153198,0.980553150177002,0.9744043350219727,0.9015849828720093,0.951245903968811,0.7133729457855225,2.6914398670196533,0.8782228827476501,0.8917279243469238
92,0.29016345739364624,0.8823529481887817,0.9244025945663452,0.9745014905929565,0.9834702014923096,0.8945029377937317,0.9535795450210571,0.7215621471405029,2.5269393920898438,0.8787054419517517,0.8823529481887817
93,0.27756965160369873,0.888786792755127,0.9253906011581421,0.976309061050415,0.9611200094223022,0.8988795280456543,0.9555785655975342,0.7026739716529846,2.6117210388183594,0.8851736187934875,0.888786792755127
94,0.28465357422828674,0.8915441036224365,0.9268841743469238,0.9643721580505371,0.9564234018325806,0.897676944732666,0.959292471408844,0.7259222865104675,2.6732747554779053,0.8735411763191223,0.8915441036224365
95,0.2691606879234314,0.8895220756530762,0.9303997755050659,0.9734531044960022,0.9904475212097168,0.9117496609687805,0.9597756862640381,0.7278895974159241,2.601498603820801,0.8850618600845337,0.8895220756530762
96,0.2726713716983795,0.8871323466300964,0.9311121702194214,0.976390540599823,0.9620798826217651,0.9060652256011963,0.9611688852310181,0.7408249974250793,2.46623158454895,0.8731160163879395,0.8871323466300964
97,0.2695120871067047,0.895588219165802,0.9299402832984924,0.9863734245300293,0.9698004722595215,0.9024748802185059,0.963750422000885,0.7334171533584595,2.511671543121338,0.8969678282737732,0.895588219165802

98,0.2870984971523285,0.8814338445663452,0.9260339736938477,0.9750982522964478,0.9881235957145691,0.8983617424964905,0.9472181797027588,0.7129855155944824,2.4065747261047363,0.8728596568107605,0.8814338445663452
99,0.2806975245475769,0.8854779601097107,0.9275505542755127,0.9792554974555969,0.9968324899673462,0.8992215394973755,0.9580107927322388,0.7168023586273193,2.455364227294922,0.8832669258117676,0.8854779601097107
100,0.28127557039260864,0.8865808844566345,0.9273897409439087,0.9733754992485046,0.9691557288169861,0.9023118019104004,0.9585855007171631,0.7232487797737122,2.5291945934295654,0.8719040155410767,0.8865808844566345

101,0.25528961420059204,0.9003676176071167,0.9343060255050659,0.9783090353012085,0.9583333730697632,0.9141192436218262,0.9659758806228638,0.7411545515060425,2.5037331581115723,0.8811198472976685,0.9003676176071167
102,0.27138978242874146,0.8911764621734619,0.9305377006530762,0.9811667203903198,0.9738653302192688,0.9107300043106079,0.9551940560340881,0.7379871010780334,2.411064386367798,0.884019672870636,0.8911764621734619
103,0.2700284719467163,0.8919117450714111,0.929802417755127,0.9770748615264893,0.9901646375656128,0.9027959108352661,0.9578772187232971,0.7396053075790405,2.4743826389312744,0.888405442237854,0.8919117450714111
104,0.27456188201904297,0.8871323466300964,0.9315027594566345,0.9853388071060181,0.970363974571228,0.9035115242004395,0.9581139087677002,0.7521101236343384,2.483590602874756,0.8797727823257446,0.8871323466300964
105,0.2611096203327179,0.8985294103622437,0.933157205581665,0.9777771830558777,0.9744114875793457,0.9072068929672241,0.960883617401123,0.7513198256492615,2.4791464805603027,0.881941020488739,0.8985294103622437
106,0.26919296383857727,0.8950367569923401,0.9314108490943909,0.9748765230178833,0.9847550392150879,0.9036632180213928,0.9643130302429199,0.7465205788612366,2.439032793045044,0.8920318484306335,0.8950367569923401
107,0.2640644907951355,0.8965073823928833,0.9296875,0.9751420617103577,0.9691483974456787,0.9050573110580444,0.9539021253585815,0.7452380657196045,2.4282760620117188,0.88580721616745,0.8965073823928833
108,0.2700556218624115,0.8891544342041016,0.9323529005050659,0.9789361953735352,0.9914635419845581,0.9093548059463501,0.95384281873703,0.7479965686798096,2.546253204345703,0.8851251602172852,0.8891544342041016
109,0.27261966466903687,0.8939338326454163,0.9306066036224365,0.9698241949081421,0.9814302921295166,0.9107465744018555,0.9588151574134827,0.7454224824905396,2.510192394256592,0.8837218284606934,0.8939338326454163
110,0.2583794593811035,0.8976103067398071,0.9341682195663452,0.9766452312469482,0.9903501868247986,0.9121971130371094,0.9606080651283264,0.7693682909011841,2.554675340652466,0.8996818661689758,0.8976103067398071

111,0.27491694688796997,0.8895220756530762,0.9312959909439087,0.971194863319397,0.9836893081665039,0.9075108766555786,0.9555320739746094,0.7582975625991821,2.4061336517333984,0.8846796154975891,0.8895220756530762
112,0.25300562381744385,0.8959558606147766,0.933754563331604,0.9809869527816772,0.9831737279891968,0.9130252599716187,0.953575849533081,0.7603186368942261,2.4657585620880127,0.8936927914619446,0.8959558606147766
113,0.26158973574638367,0.8941176533699036,0.9328584671020508,0.9829442501068115,0.9722118973731995,0.9072672128677368,0.9539352655410767,0.7569446563720703,2.5155861377716064,0.8882479071617126,0.8941176533699036
114,0.27167800068855286,0.888786792755127,0.929963231086731,0.9791308045387268,0.9762128591537476,0.9045055508613586,0.9537171125411987,0.7599256038665771,2.5209996700286865,0.8776780366897583,0.888786792755127
115,0.2586902976036072,0.8957720398902893,0.9311580657958984,0.9844286441802979,0.9709101915359497,0.9045536518096924,0.9524147510528564,0.7647064924240112,2.473245859146118,0.903869092464447,0.8957720398902893
116,0.2577238976955414,0.898713231086731,0.9364200830459595,0.9814027547836304,0.9770298004150391,0.9154416918754578,0.9657831192016602,0.7671810388565063,2.4546926021575928,0.8911513686180115,0.898713231086731
117,0.26834356784820557,0.8941176533699036,0.9323070049285889,0.9835782051086426,0.9708170294761658,0.9142979383468628,0.9535298347473145,0.7655088901519775,2.511040210723877,0.8818341493606567,0.8941176533699036
118,0.2685137391090393,0.8893382549285889,0.9320312738418579,0.9793974161148071,0.9625859260559082,0.9130864143371582,0.9586862325668335,0.7679170370101929,2.458707809448242,0.8755421042442322,0.8893382549285889
119,0.24809469282627106,0.9053308963775635,0.9361443519592285,0.9848071336746216,0.9905194044113159,0.9176708459854126,0.958158016204834,0.7640278339385986,2.4325525760650635,0.9019644856452942,0.9053308963775635
120,0.25836849212646484,0.8965073823928833,0.9340992569923401,0.9791126251220703,0.9770177006721497,0.9146437048912048,0.9513899087905884,0.7605917453765869,2.5243008136749268,0.886130154132843,0.8965073823928833

121,0.2607741057872772,0.8926470875740051,0.935431957244873,0.983676552772522,0.9545175433158875,0.9066096544265747,0.9530516266822815,0.779704749584198,2.486348867416382,0.8877015113830566,0.8926470875740051

