epoch,loss,balanced_accuracy,balanced_accuracy_ClassId_1,balanced_accuracy_ClassId_10,balanced_accuracy_ClassId_11,balanced_accuracy_ClassId_12,balanced_accuracy_ClassId_13,balanced_accuracy_ClassId_14,balanced_accuracy_ClassId_15,balanced_accuracy_ClassId_16,balanced_accuracy_ClassId_17,balanced_accuracy_ClassId_18,balanced_accuracy_ClassId_2,balanced_accuracy_ClassId_3,balanced_accuracy_ClassId_33,balanced_accuracy_ClassId_34,balanced_accuracy_ClassId_35,balanced_accuracy_ClassId_36,balanced_accuracy_ClassId_37,balanced_accuracy_ClassId_38,balanced_accuracy_ClassId_39,balanced_accuracy_ClassId_4,balanced_accuracy_ClassId_40,balanced_accuracy_ClassId_41,balanced_accuracy_ClassId_42,balanced_accuracy_ClassId_43,balanced_accuracy_ClassId_5,balanced_accuracy_ClassId_6,balanced_accuracy_ClassId_7,balanced_accuracy_ClassId_8,balanced_accuracy_ClassId_9,balanced_accuracy_valid,dataset_update,epoch_elapsed
0,0.2156873345375061,0.4418906271457672,0.5235070586204529,0.5,0.5,0.480051726102829,0.4957452118396759,0.487039715051651,0.5287964344024658,0.4752408564090729,0.5,0.49977627396583557,0.4703242778778076,0.4958229959011078,0.4432655870914459,0.5,0.5,0.5244492292404175,0.497843861579895,0.4418906271457672,0.4996599555015564,0.5,0.5134354829788208,0.49353742599487305,0.48789411783218384,0.5,0.49163612723350525,0.5,0.5,0.47850218415260315,0.4950271248817444,0.5595431327819824,0.0,1.507486343383789
1,0.1452106237411499,0.4823596477508545,0.5,0.5,0.5,0.4823596477508545,0.5,0.5,0.5,0.5,0.5,0.5,0.5,0.5,0.5,0.5,0.5,0.5,0.5,0.5,0.5,0.5,0.5,0.5,0.5,0.5,0.5,0.5,0.5,0.5,0.5,0.7650837898254395,0.0,1.5352838039398193

2,0.11914003640413284,0.5,0.5,0.5,0.5,0.6718250513076782,0.5,0.5,0.5,0.5,0.5,0.5,0.5,0.5,0.5,0.5,0.5,0.5,0.5,0.5,0.5,0.5,0.5,0.5,0.5,0.5,0.5,0.5,0.5,0.5,0.5,0.7980462908744812,0.0,1.526383876800537

3,0.10399464517831802,0.5,0.5,0.5,0.5,0.8391673564910889,0.5233327150344849,0.5,0.5,0.5,0.5,0.5,0.5,0.5,0.5,0.5,0.5,0.5,0.5,0.5,0.5,0.5,0.5,0.5,0.5,0.5,0.5,0.5,0.5,0.5,0.5,0.8524133563041687,0.0,1.4722177982330322
4,0.09354662150144577,0.5,0.5,0.5,0.5,0.8729779720306396,0.9301831722259521,0.5,0.5,0.5,0.5,0.5,0.5,0.5,0.5,0.5,0.5,0.5,0.5,0.5,0.5,0.5,0.5,0.5,0.5,0.5,0.5,0.5,0.5,0.5,0.5,0.8850095868110657,0.0,1.5212352275848389
5,0.08590219914913177,0.5,0.5,0.5,0.5,0.8862370848655701,0.9416484236717224,0.5,0.5,0.5,0.5,0.5,0.5,0.5,0.5,0.5,0.5,0.5,0.5,0.5,0.5,0.5,0.5,0.5,0.5,0.5,0.5,0.5,0.5,0.5,0.5,0.8980432748794556,0.0,1.5350069999694824
6,0.0800660029053688,0.5,0.5,0.5,0.5,0.8945902585983276,0.9449306726455688,0.5,0.5,0.5,0.5,0.5,0.5,0.5,0.5,0.5,0.5,0.5,0.5,0.5,0.5,0.5,0.5,0.5,0.5,0.5,0.5,0.5,0.5,0.5,0.5,0.9056777954101562,0.0,1.5148959159851074
7,0.07539868354797363,0.5,0.5,0.5,0.5,0.9022805690765381,0.9535619020462036,0.5,0.5,0.5,0.5,0.5,0.5,0.5,0.5,0.5,0.5,0.5,0.5,0.5,0.5,0.5,0.5,0.5,0.5,0.5,0.5,0.5,0.5,0.5,0.5,0.9135429859161377,0.0,1.6295311450958252
8,0.07149919122457504,0.5,0.5,0.5,0.5,0.9098381996154785,0.9608558416366577,0.5,0.5,0.5,0.5,0.5,0.5,0.5,0.5,0.5,0.5,0.5,0.5,0.5,0.5,0.5,0.5,0.5,0.5,0.5,0.5,0.5,0.5,0.5,0.5,0.9222950339317322,0.0,1.5311856269836426
9,0.0681176409125328,0.5,0.5,0.5,0.5,0.9148766994476318,0.9657184481620789,0.5,0.5707536935806274,0.5,0.5,0.5,0.5,0.5,0.5,0.5,0.5,0.5,0.5,0.5,0.5,0.5,0.5,0.5,0.5,0.5,0.5,0.5,0.5,0.5,0.5,0.9305917024612427,0.0,1.4866063594818115
10,0.06509878486394882,0.5,0.5,0.5,0.5,0.9169981479644775,0.9687576293945312,0.5,0.8271090984344482,0.5,0.5,0.5,0.5,0.5,0.5,0.5,0.5,0.5,0.5,0.5,0.5,0.5,0.5,0.5,0.5,0.5,0.5,0.5,0.5,0.5,0.5,0.9388853311538696,0.0,1.487534999847412

11,0.06232833117246628,0.5,0.5,0.5,0.5,0.9183240532875061,0.9692438840866089,0.5,0.9840270280838013,0.5,0.5,0.5,0.5,0.5,0.5,0.5,0.5,0.5,0.5,0.5211267471313477,0.550157904624939,0.5,0.5,0.5,0.5,0.5,0.5,0.5,0.5,0.5,0.5534583926200867,0.9435985088348389,0.0,1.5079474449157715
12,0.059730928391218185,0.49966132640838623,0.4998869299888611,0.5,0.5,0.9179263114929199,0.9686360359191895,0.5,0.9980877637863159,0.5,0.5,0.5,0.5,0.49966132640838623,0.5,0.5,0.506215512752533,0.5,0.5,0.6617450714111328,0.7520362138748169,0.5,0.5,0.5,0.5,0.5,0.5,0.5,0.5,0.5,0.6514466404914856,0.9474157094955444,0.0,1.5067429542541504
13,0.057267457246780396,0.49988701939582825,0.6289710998535156,0.5,0.5,0.9160699844360352,0.9676635265350342,0.5,0.99797523021698,0.5,0.5,0.5,0.5,0.5090137124061584,0.5,0.5,0.7969002723693848,0.5737705230712891,0.7498865127563477,0.8870971202850342,0.8745445013046265,0.49988701939582825,0.5506212711334229,0.5,0.5,0.5,0.5,0.5,0.5,0.5,0.7496609687805176,0.949438214302063,0.0,1.512397050857544
14,0.05492778494954109,0.5,0.8610513210296631,0.5,0.5,0.9162026047706604,0.9655969142913818,0.5,0.9978627562522888,0.5,0.5,0.5,0.5,0.6460428237915039,0.5,0.550000011920929,0.9360271692276001,0.8604294061660767,0.9452650547027588,0.9575196504592896,0.9686341285705566,0.5450025796890259,0.735704779624939,0.5856009125709534,0.5,0.5,0.5,0.5,0.5,0.5,0.8746609687805176,0.9512359499931335,0.0,1.5226008892059326
15,0.05271180719137192,0.4997737407684326,0.998643159866333,0.5,0.5,0.9152745008468628,0.9636518359184265,0.5,0.99797523021698,0.5,0.5,0.5,0.4997737407684326,0.7730422019958496,0.5,0.7659879326820374,0.9925347566604614,0.9833802580833435,0.9921084642410278,0.9997732043266296,0.9975062608718872,0.7084129452705383,0.9215799570083618,0.7996598482131958,0.5,0.5,0.6771929860115051,0.6000000238418579,0.5,0.5,0.9728752374649048,0.9523595571517944,0.0,1.4889452457427979
16,0.05062185600399971,0.5,0.9984170198440552,0.5,0.5,0.9152745008468628,0.9606126546859741,0.5,0.99797523021698,0.5,0.5,0.5,0.7328808307647705,0.9484967589378357,0.5,0.8986425399780273,0.998863935470581,0.9907850027084351,0.9984112977981567,0.9997732043266296,0.9972795248031616,0.8718233108520508,0.9889241456985474,0.9704082012176514,0.5,0.5,0.7812395095825195,0.8700000047683716,0.5,0.5191178321838379,0.9907323718070984,0.9537078738212585,0.0,1.4964745044708252
17,0.04865773767232895,0.5,0.9983038902282715,0.5,0.5,0.9127552509307861,0.9585460424423218,0.5,0.99797523021698,0.5,0.5,0.5,0.9577677249908447,0.9971777200698853,0.5,0.9896304607391357,0.9987502694129944,0.9988685250282288,0.997843861579895,0.9997732043266296,0.9971661567687988,0.9534155130386353,0.996833324432373,0.9987528324127197,0.5,0.5,0.9575271606445312,0.9998871088027954,0.5,0.6440049409866333,0.9996609687805176,0.9546067714691162,0.0,1.5269238948822021
18,0.046818140894174576,0.5,0.9979647397994995,0.5,0.5,0.9106338024139404,0.9564794301986694,0.5,0.99797523021698,0.5,0.5,0.5,0.9989818930625916,0.9967261552810669,0.5,0.9978506565093994,0.9986366629600525,0.9988685250282288,0.9976168870925903,0.9997732043266296,0.996939480304718,0.9980790615081787,0.9967201948165894,0.998185932636261,0.5,0.5,0.9892193078994751,0.999661386013031,0.5,0.7015843391418457,0.9995479583740234,0.9557303190231323,0.0,1.5017261505126953
19,0.045099060982465744,0.5,0.9978516101837158,0.5185185074806213,0.5,0.9074516296386719,0.9538049697875977,0.5,0.99797523021698,0.5,0.5,0.5,0.9989818930625916,0.9963874816894531,0.5,0.997624397277832,0.9985230565071106,0.9986422061920166,0.9976168870925903,0.9997732043266296,0.997052788734436,0.9978531002998352,0.9967201948165894,0.9978457689285278,0.5,0.5,0.9971706867218018,0.9995485544204712,0.5,0.8264713883399963,0.9994348883628845,0.9570786952972412,0.0,1.5346240997314453
20,0.04349309951066971,0.49977579712867737,0.9978516101837158,0.5925925970077515,0.5,0.9040042161941528,0.9513736963272095,0.5,0.99797523021698,0.5,0.49977579712867737,0.5,0.9985294342041016,0.996161699295044,0.5,0.997624397277832,0.9985230565071106,0.9986422061920166,0.997503399848938,0.9997732043266296,0.997052788734436,0.9979661107063293,0.9962677955627441,0.9976190328598022,0.5,0.5,0.9971706867218018,0.9995485544204712,0.5,0.970589280128479,0.9993218779563904,0.9582022428512573,0.0,1.6245009899139404

21,0.04199093580245972,0.49955156445503235,0.9978516101837158,0.6849606037139893,0.5,0.8988332152366638,0.9476051330566406,0.5,0.99797523021698,0.5,0.49955156445503235,0.5,0.9980769157409668,0.9958230257034302,0.5,0.997624397277832,0.9984094500541687,0.9985290765762329,0.997503399848938,0.9997732043266296,0.997052788734436,0.9978531002998352,0.9960416555404663,0.9972789287567139,0.5,0.5,0.9968311786651611,0.9995485544204712,0.5,0.9895942211151123,0.9990957975387573,0.9597752690315247,0.0,1.6916005611419678
22,0.04058391973376274,0.5,0.9977385997772217,0.8329964876174927,0.5,0.8932644128799438,0.9451738595962524,0.5,0.99797523021698,0.5,0.5495515465736389,0.5,0.9979637861251831,0.9957101345062256,0.5,0.997624397277832,0.9981822371482849,0.9985290765762329,0.997503399848938,0.9997732043266296,0.997052788734436,0.9976271390914917,0.9959285259246826,0.9972789287567139,0.5,0.5,0.9967179298400879,0.9994356632232666,0.5,0.9992095828056335,0.9990957975387573,0.9604494571685791,0.0,1.5932693481445312
23,0.0392635203897953,0.5,0.997625470161438,0.851514995098114,0.5,0.8880933523178101,0.9426209926605225,0.5,0.99797523021698,0.5,0.6993273496627808,0.5498881340026855,0.9978506565093994,0.995597243309021,0.5,0.997624397277832,0.9981822371482849,0.9985290765762329,0.997503399848938,0.9996597766876221,0.997052788734436,0.9976271390914917,0.9959285259246826,0.9971655607223511,0.5,0.5,0.9967179298400879,0.999322772026062,0.5,0.9992095828056335,0.9990957975387573,0.961348295211792,0.0,1.505552053451538
24,0.03802208602428436,0.4998880624771118,0.997625470161438,0.9255890846252441,0.5,0.8793423175811768,0.9393386840820312,0.5,0.99797523021698,0.5,0.8991031646728516,0.6498881578445435,0.9979637861251831,0.9954843521118164,0.5,0.9975112676620483,0.9977277517318726,0.9985290765762329,0.997503399848938,0.9996597766876221,0.9971661567687988,0.9976271390914917,0.9959285259246826,0.9971655607223511,0.4998880624771118,0.5,0.9966048002243042,0.999322772026062,0.5,0.9992095828056335,0.998869776725769,0.9626966714859009,0.0,1.5121519565582275
25,0.036853160709142685,0.4998880624771118,0.9975124597549438,0.9441075921058655,0.625,0.8692654371261597,0.9364210963249207,0.5263158082962036,0.99797523021698,0.5,0.9741030931472778,0.6498881578445435,0.9979637861251831,0.9952585101127625,0.5,0.9972850680351257,0.9976141452789307,0.9985290765762329,0.997503399848938,0.9996597766876221,0.997052788734436,0.9976271390914917,0.9958153963088989,0.9971655607223511,0.4998880624771118,0.5,0.9966048002243042,0.999322772026062,0.5,0.9992095828056335,0.9987567663192749,0.9649438261985779,0.0,1.5053904056549072
26,0.035751085728406906,0.5,0.9973993301391602,0.9441075921058655,0.6875,0.8621055483818054,0.9330172538757324,0.5526315569877625,0.99797523021698,0.5,0.9989910125732422,0.6996644139289856,0.9979637861251831,0.9951456189155579,0.5,0.9972850680351257,0.9975005388259888,0.9985290765762329,0.9976168870925903,0.9995464086532593,0.997052788734436,0.9976271390914917,0.99570232629776,0.9971655607223511,0.5768111348152161,0.692307710647583,0.9964916110038757,0.9995485544204712,0.5454545617103577,0.9992095828056335,0.9986437559127808,0.9665168523788452,0.0,1.5472497940063477
27,0.03470998629927635,0.5,0.997286319732666,0.9811446666717529,0.8125,0.8558737635612488,0.9314368963241577,0.6052631735801697,0.99797523021698,0.5588235259056091,0.9988789558410645,0.8496644496917725,0.9977375268936157,0.9951456189155579,0.5,0.9973981976509094,0.9971597194671631,0.9985290765762329,0.997503399848938,0.9993195533752441,0.997052788734436,0.9976271390914917,0.99570232629776,0.9971655607223511,0.7691188454627991,0.7692307829856873,0.9963784217834473,0.9995485544204712,0.7272727489471436,0.9992095828056335,0.9986437559127808,0.9674156904220581,0.0,1.5273237228393555
28,0.03372475504875183,0.5,0.9975124597549438,0.9996631145477295,0.8958333730697632,0.8487138748168945,0.9288840293884277,0.6314668655395508,0.99797523021698,0.6176470518112183,0.9988789558410645,0.8994407653808594,0.9977375268936157,0.9951456189155579,0.5,0.9973981976509094,0.9971597194671631,0.9985290765762329,0.997503399848938,0.9993195533752441,0.997052788734436,0.9976271390914917,0.99570232629776,0.9970521926879883,0.8075803518295288,0.807692289352417,0.9963784217834473,0.9994356632232666,0.8636363744735718,0.9990966320037842,0.9986437559127808,0.9683146476745605,0.0,1.4748222827911377
29,0.03279092162847519,0.5,0.9975124597549438,0.9995508790016174,0.9791666269302368,0.8435428142547607,0.9264526963233948,0.8156774044036865,0.99797523021698,0.7352941036224365,0.9988789558410645,0.9993288516998291,0.997624397277832,0.9950327277183533,0.5,0.9972850680351257,0.9971597194671631,0.9985290765762329,0.997503399848938,0.9993195533752441,0.996939480304718,0.9975141286849976,0.9955892562866211,0.9969387650489807,0.8075803518295288,0.9230769276618958,0.9963784217834473,0.999322772026062,0.8636363744735718,0.9990966320037842,0.9984177350997925,0.971011221408844,0.0,1.5042870044708252
30,0.03190457075834274,0.5,0.9975124597549438,0.9995508790016174,0.9791666269302368,0.839565098285675,0.9241429567337036,0.9209405183792114,0.99797523021698,0.8235294222831726,0.9988789558410645,0.9993288516998291,0.997624397277832,0.9950327277183533,0.5,0.9972850680351257,0.9971597194671631,0.9984159469604492,0.997503399848938,0.9993195533752441,0.997052788734436,0.9972881078720093,0.9955892562866211,0.9970521926879883,0.8460419178009033,0.9230769276618958,0.9964916110038757,0.999322772026062,0.8636363744735718,0.9989837408065796,0.9984177350997925,0.9723595380783081,0.0,1.5015013217926025

31,0.031062442809343338,0.5,0.997625470161438,0.9995508790016174,0.9791666269302368,0.8365155458450317,0.9234135746955872,0.9735721349716187,0.99797523021698,1.0,0.9988789558410645,0.9992170333862305,0.997624397277832,0.9951456189155579,0.5,0.997171938419342,0.9971597194671631,0.9984159469604492,0.997503399848938,0.9992061853408813,0.997052788734436,0.9972881078720093,0.9955892562866211,0.9970521926879883,0.9229649901390076,0.9615384340286255,0.9963784217834473,0.999322772026062,0.8636363744735718,0.9989837408065796,0.9984177350997925,0.9739326238632202,0.0,1.4668805599212646
32,0.03026151843369007,0.5,0.997625470161438,0.9995508790016174,0.9791666269302368,0.8335984945297241,0.9229272603988647,0.9998879432678223,0.99797523021698,1.0,0.9988789558410645,0.9992170333862305,0.9977375268936157,0.9952585101127625,0.5,0.9970588088035583,0.9971597194671631,0.9984159469604492,0.997503399848938,0.9992061853408813,0.996939480304718,0.9972881078720093,0.9955892562866211,0.9971655607223511,0.9614264965057373,0.9615384340286255,0.9963784217834473,0.999322772026062,0.8636363744735718,0.9989837408065796,0.9984177350997925,0.9750561714172363,0.0,1.4798026084899902
33,0.02949877828359604,0.5,0.997625470161438,0.9995508790016174,0.9791666269302368,0.8318748474121094,0.9231704473495483,0.9997758269309998,0.99797523021698,1.0,0.9988789558410645,0.9992170333862305,0.9977375268936157,0.9954843521118164,0.5,0.9970588088035583,0.9970461130142212,0.9984159469604492,0.997503399848938,0.9992061853408813,0.996939480304718,0.9972881078720093,0.9955892562866211,0.9971655607223511,0.9998880624771118,1.0,0.9963784217834473,0.9994356632232666,0.8636363744735718,0.9989837408065796,0.9984177350997925,0.9761797785758972,0.0,1.544679880142212
34,0.028771527111530304,0.5,0.997625470161438,0.9996631145477295,1.0,0.8304163217544556,0.9242645502090454,0.9997758269309998,0.99797523021698,1.0,0.9988789558410645,0.9992170333862305,0.9977375268936157,0.995597243309021,0.5,0.9969457387924194,0.9970461130142212,0.9984159469604492,0.997503399848938,0.9990927577018738,0.996939480304718,0.9972881078720093,0.9954761266708374,0.9971655607223511,0.9998880624771118,1.0,0.9963784217834473,0.9994356632232666,0.8636363744735718,0.9989837408065796,0.9984177350997925,0.9770786762237549,0.0,1.4850006103515625
35,0.028077352792024612,0.5,0.997625470161438,0.9996631145477295,1.0,0.8302837610244751,0.9258449077606201,0.9997758269309998,0.99797523021698,1.0,0.9988789558410645,0.9991051554679871,0.9977375268936157,0.9958230257034302,0.5,0.996719479560852,0.9970461130142212,0.9984159469604492,0.997503399848938,0.9990927577018738,0.996939480304718,0.9972881078720093,0.9954761266708374,0.9971655607223511,0.9998880624771118,1.0,0.9963784217834473,0.9994356632232666,0.9545454978942871,0.9989837408065796,0.9984177350997925,0.9788764119148254,0.0,1.4814188480377197
36,0.027413884177803993,0.5,0.997625470161438,0.9996631145477295,1.0,0.8300185203552246,0.9270605444908142,0.9997758269309998,0.99797523021698,1.0,0.9988789558410645,0.9991051554679871,0.9977375268936157,0.9958230257034302,0.5,0.996719479560852,0.9970461130142212,0.9984159469604492,0.997503399848938,0.9989793300628662,0.9968261122703552,0.9972881078720093,0.9954761266708374,0.9971655607223511,0.9998880624771118,1.0,0.9963784217834473,0.9994356632232666,1.0,0.9989837408065796,0.9984177350997925,0.9802247285842896,0.0,1.489072561264038
37,0.02677902765572071,0.5,0.997286319732666,0.9996631145477295,1.0,0.8298859596252441,0.9291271567344666,0.9997758269309998,0.99797523021698,1.0,0.9988789558410645,0.9989932775497437,0.9977375268936157,0.9960488080978394,0.5,0.9966063499450684,0.9969325065612793,0.9984159469604492,0.997503399848938,0.9989793300628662,0.9967128038406372,0.9974011182785034,0.9954761266708374,0.9970521926879883,0.9998880624771118,1.0,0.9963784217834473,0.9994356632232666,1.0,0.9989837408065796,0.9984177350997925,0.9813482761383057,0.0,1.512291431427002
38,0.02617083489894867,0.5,0.997286319732666,0.9996631145477295,1.0,0.830946683883667,0.9307075142860413,0.9997758269309998,0.99797523021698,1.0,0.9987667798995972,0.9989932775497437,0.997624397277832,0.9959359169006348,0.5,0.9964932203292847,0.9968189001083374,0.9984159469604492,0.997503399848938,0.9989793300628662,0.9964860677719116,0.9974011182785034,0.9954761266708374,0.9970521926879883,0.9998880624771118,1.0,0.9963784217834473,0.9994356632232666,0.9998881220817566,0.998870849609375,0.9984177350997925,0.9824719429016113,0.0,1.517470359802246
39,0.025587281212210655,0.5,0.997286319732666,0.9996631145477295,1.0,0.8312119245529175,0.9333819150924683,0.9997758269309998,0.99797523021698,1.0,0.9987667798995972,0.9989932775497437,0.997624397277832,0.9958230257034302,0.5,0.9964932203292847,0.9968189001083374,0.9984159469604492,0.997503399848938,0.9989793300628662,0.9963726997375488,0.9974011182785034,0.9955892562866211,0.9970521926879883,0.9998880624771118,1.0,0.9966048002243042,0.9994356632232666,0.9998881220817566,0.998870849609375,0.9984177350997925,0.9838201999664307,0.0,1.5070674419403076
40,0.025026679039001465,0.5,0.997286319732666,0.9996631145477295,1.0,0.8321400284767151,0.9356917142868042,0.9997758269309998,0.99797523021698,1.0,0.9987667798995972,0.9989932775497437,0.9973981976509094,0.9958230257034302,0.5,0.9964932203292847,0.9964780807495117,0.9984159469604492,0.997503399848938,0.9989793300628662,0.9963726997375488,0.9974011182785034,0.9955892562866211,0.9969387650489807,0.9998880624771118,1.0,0.9966048002243042,0.9992099404335022,0.9998881220817566,0.998870849609375,0.9983047246932983,0.9849438071250916,0.0,1.503870964050293

41,0.024487612769007683,0.5,0.997286319732666,0.9996631145477295,1.0,0.8330681324005127,0.9375151991844177,0.9997758269309998,0.99797523021698,1.0,0.9987667798995972,0.9989932775497437,0.9973981976509094,0.9959359169006348,0.5,0.9964932203292847,0.9964780807495117,0.9984159469604492,0.997503399848938,0.9989793300628662,0.9963726997375488,0.9974011182785034,0.9955892562866211,0.9968253970146179,0.9998880624771118,1.0,0.9966048002243042,0.9990971088409424,0.9997762441635132,0.998870849609375,0.9983047246932983,0.985617995262146,0.0,1.5283820629119873
42,0.02396867610514164,0.5,0.997286319732666,0.9996631145477295,1.0,0.8353222012519836,0.9399465322494507,0.9997758269309998,0.99797523021698,1.0,0.9987667798995972,0.9989932775497437,0.9973981976509094,0.9959359169006348,0.5,0.9964932203292847,0.9964780807495117,0.9984159469604492,0.9973899126052856,0.9989793300628662,0.9963726997375488,0.9974011182785034,0.9954761266708374,0.9968253970146179,0.9998880624771118,1.0,0.9966048002243042,0.9990971088409424,0.9996643662452698,0.998870849609375,0.9983047246932983,0.985617995262146,0.0,1.517115592956543
43,0.023468635976314545,0.5,0.997286319732666,0.9996631145477295,1.0,0.8365155458450317,0.9416484236717224,0.9997758269309998,0.99797523021698,1.0,0.9987667798995972,0.9989932775497437,0.9973981976509094,0.9959359169006348,0.5,0.996380090713501,0.9963644742965698,0.9983028173446655,0.9973899126052856,0.9988659620285034,0.9961459636688232,0.9974011182785034,0.9954761266708374,0.9967120289802551,0.9998880624771118,1.0,0.9964916110038757,0.9990971088409424,0.9995524883270264,0.998870849609375,0.9983047246932983,0.9862921237945557,0.0,1.522186279296875
44,0.02298622764647007,0.5,0.997286319732666,0.9994385838508606,1.0,0.8378413915634155,0.9444444179534912,0.9997758269309998,0.99797523021698,1.0,0.9987667798995972,0.9989932775497437,0.9973981976509094,0.996161699295044,0.5,0.996380090713501,0.9963644742965698,0.9983028173446655,0.9972764253616333,0.9987525939941406,0.9963726997375488,0.9974011182785034,0.9954761266708374,0.9967120289802551,0.9998880624771118,1.0,0.9964916110038757,0.9990971088409424,0.9995524883270264,0.998870849609375,0.9983047246932983,0.9867415428161621,0.0,1.5009353160858154
45,0.02252049185335636,0.5,0.997286319732666,0.9994385838508606,1.0,0.839565098285675,0.9456601142883301,0.9997758269309998,0.99797523021698,1.0,0.9986547231674194,0.998881459236145,0.9973981976509094,0.9960488080978394,0.5,0.9960407018661499,0.9963644742965698,0.9983028173446655,0.9972764253616333,0.9987525939941406,0.996259331703186,0.9974011182785034,0.9954761266708374,0.9967120289802551,0.9998880624771118,1.0,0.9964916110038757,0.9990971088409424,0.9995524883270264,0.998870849609375,0.9983047246932983,0.9867415428161621,0.0,1.4883129596710205
46,0.022070767357945442,0.5,0.997286319732666,0.9993262887001038,1.0,0.8408910036087036,0.9478483200073242,0.9997758269309998,0.99797523021698,1.0,0.9985426068305969,0.998881459236145,0.9975112676620483,0.996161699295044,0.5,0.9961538314819336,0.9963644742965698,0.9983028173446655,0.9972764253616333,0.9987525939941406,0.9964860677719116,0.9972881078720093,0.9954761266708374,0.9967120289802551,0.9998880624771118,1.0,0.9964916110038757,0.9990971088409424,0.9995524883270264,0.998870849609375,0.9983047246932983,0.9889887571334839,0.0,1.4839308261871338
47,0.02163645438849926,0.5,0.997286319732666,0.9993262887001038,1.0,0.8424820899963379,0.9494286775588989,0.9997758269309998,0.99797523021698,1.0,0.9985426068305969,0.998881459236145,0.9975112676620483,0.996161699295044,0.5,0.9960407018661499,0.9963644742965698,0.9983028173446655,0.9972764253616333,0.9987525939941406,0.9965994358062744,0.9972881078720093,0.9954761266708374,0.9967120289802551,0.9998880624771118,1.0,0.9964916110038757,0.9990971088409424,0.9995524883270264,0.998870849609375,0.9984177350997925,0.9919100999832153,0.0,1.5377421379089355
48,0.02121700718998909,0.5,0.997286319732666,0.9993262887001038,1.0,0.8434102535247803,0.9511305689811707,0.9997758269309998,0.99797523021698,1.0,0.9985426068305969,0.998881459236145,0.9975112676620483,0.996161699295044,0.5,0.9960407018661499,0.9962508678436279,0.9983028173446655,0.997162938117981,0.9985257387161255,0.9965994358062744,0.9971750974655151,0.9954761266708374,0.9967120289802551,0.9998880624771118,1.0,0.9964916110038757,0.9989842176437378,0.9995524883270264,0.998870849609375,0.9984177350997925,0.9939326047897339,0.0,1.5247163772583008
49,0.02081187255680561,0.8333333730697632,0.997286319732666,0.9993262887001038,1.0,0.8448687791824341,0.953197181224823,0.9997758269309998,0.99797523021698,1.0,0.9985426068305969,0.998881459236145,0.997624397277832,0.996161699295044,0.8333333730697632,0.9960407018661499,0.9962508678436279,0.9983028173446655,0.997162938117981,0.9982989430427551,0.9965994358062744,0.9971750974655151,0.9954761266708374,0.9967120289802551,0.9998880624771118,1.0,0.9964916110038757,0.9989842176437378,0.9995524883270264,0.998870849609375,0.9986437559127808,0.9957303404808044,0.0,1.489522933959961

50,0.020420581102371216,0.8333333730697632,0.997286319732666,0.9993262887001038,1.0,0.8461946249008179,0.9542912840843201,0.9997758269309998,0.99797523021698,1.0,0.9985426068305969,0.998881459236145,0.997624397277832,0.996161699295044,0.8333333730697632,0.9960407018661499,0.9962508678436279,0.9983028173446655,0.997162938117981,0.9980721473693848,0.9967128038406372,0.9971750974655151,0.9954761266708374,0.9967120289802551,0.9998880624771118,1.0,0.9964916110038757,0.9989842176437378,0.9994405508041382,0.998870849609375,0.9986437559127808,0.9970786571502686,0.0,1.4265248775482178

51,0.02004249207675457,0.8465924263000488,0.997286319732666,0.9993262887001038,1.0,0.8465924263000488,0.955628514289856,0.9997758269309998,0.99797523021698,1.0,0.9985426068305969,0.998881459236145,0.997624397277832,0.9962745904922485,1.0,0.9960407018661499,0.996137261390686,0.9983028173446655,0.997162938117981,0.9978452920913696,0.9967128038406372,0.9972881078720093,0.9953629970550537,0.9967120289802551,0.9998880624771118,1.0,0.9964916110038757,0.9989842176437378,0.9993287324905396,0.998870849609375,0.9986437559127808,0.9979774951934814,0.0,1.4665448665618896

52,0.019677117466926575,0.8472553491592407,0.997286319732666,0.9993262887001038,1.0,0.8472553491592407,0.9566010236740112,0.9997758269309998,0.99797523021698,1.0,0.9985426068305969,0.998881459236145,0.997624397277832,0.996161699295044,1.0,0.9959275722503662,0.996137261390686,0.9983028173446655,0.997162938117981,0.9978452920913696,0.9965994358062744,0.9972881078720093,0.9953629970550537,0.9967120289802551,0.9998880624771118,1.0,0.9964916110038757,0.9989842176437378,0.9993287324905396,0.998870849609375,0.9986437559127808,0.9986516833305359,0.0,1.4902136325836182
53,0.019323956221342087,0.8475205898284912,0.997286319732666,0.9993262887001038,1.0,0.8475205898284912,0.9579382538795471,0.9997758269309998,0.99797523021698,1.0,0.9985426068305969,0.998881459236145,0.997624397277832,0.996161699295044,1.0,0.9958144426345825,0.996137261390686,0.9983028173446655,0.9970494508743286,0.9978452920913696,0.9965994358062744,0.9972881078720093,0.9953629970550537,0.9967120289802551,0.9998880624771118,1.0,0.9964916110038757,0.9989842176437378,0.9993287324905396,0.998870849609375,0.9986437559127808,0.9993258714675903,0.0,1.481125831604004
54,0.01898251660168171,0.8481835126876831,0.997286319732666,0.9993262887001038,1.0,0.8481835126876831,0.9586676359176636,0.9997758269309998,0.99797523021698,1.0,0.9985426068305969,0.998881459236145,0.997624397277832,0.996161699295044,1.0,0.9957013130187988,0.996137261390686,0.9983028173446655,0.9969359636306763,0.9978452920913696,0.9965994358062744,0.9972881078720093,0.9953629970550537,0.9967120289802551,0.9998880624771118,1.0,0.9964916110038757,0.9989842176437378,0.9993287324905396,0.998870849609375,0.9986437559127808,0.9993258714675903,0.0,1.4816489219665527
55,0.01865231804549694,0.8484486937522888,0.997286319732666,0.9993262887001038,1.0,0.8484486937522888,0.9591538906097412,0.9997758269309998,0.99797523021698,1.0,0.9985426068305969,0.998881459236145,0.997624397277832,0.996161699295044,1.0,0.9957013130187988,0.9960236549377441,0.9983028173446655,0.9969359636306763,0.9978452920913696,0.9965994358062744,0.9972881078720093,0.9953629970550537,0.9967120289802551,0.9998880624771118,1.0,0.9964916110038757,0.9989842176437378,0.9993287324905396,0.998870849609375,0.9986437559127808,0.9995505809783936,0.0,1.4877614974975586
56,0.018332893028855324,0.8487138748168945,0.997286319732666,0.9993262887001038,1.0,0.8487138748168945,0.9593970775604248,0.9997758269309998,0.99797523021698,1.0,0.9985426068305969,0.998881459236145,0.997624397277832,0.996161699295044,1.0,0.9955882430076599,0.9960236549377441,0.9983028173446655,0.9969359636306763,0.9977319240570068,0.9965994358062744,0.9972881078720093,0.9953629970550537,0.9965986013412476,0.9998880624771118,1.0,0.9964916110038757,0.9989842176437378,0.9993287324905396,0.998870849609375,0.9986437559127808,0.9995505809783936,0.0,1.507401466369629
57,0.018023790791630745,0.8491116762161255,0.997286319732666,0.9993262887001038,1.0,0.8491116762161255,0.9597617387771606,0.9997758269309998,0.99797523021698,1.0,0.9984304904937744,0.998881459236145,0.997624397277832,0.996161699295044,1.0,0.9955882430076599,0.9959100484848022,0.9983028173446655,0.9968224763870239,0.9977319240570068,0.9965994358062744,0.9972881078720093,0.9953629970550537,0.9965986013412476,0.9998880624771118,1.0,0.9964916110038757,0.9989842176437378,0.9993287324905396,0.998870849609375,0.9987567663192749,0.9995505809783936,0.0,1.4716932773590088
58,0.01772455871105194,0.8495094180107117,0.9971731901168823,0.9992140531539917,1.0,0.8495094180107117,0.9601263999938965,0.9997758269309998,0.99797523021698,1.0,0.9983183741569519,0.998881459236145,0.997624397277832,0.996161699295044,1.0,0.9955882430076599,0.9959100484848022,0.9983028173446655,0.9968224763870239,0.9977319240570068,0.9965994358062744,0.9972881078720093,0.9953629970550537,0.9965986013412476,0.9998880624771118,1.0,0.9964916110038757,0.9989842176437378,0.9993287324905396,0.998870849609375,0.9987567663192749,0.9995505809783936,0.0,1.4870362281799316
59,0.017434772104024887,0.8500397801399231,0.9970601797103882,0.9992140531539917,1.0,0.8500397801399231,0.9601263999938965,0.9997758269309998,0.99797523021698,1.0,0.9983183741569519,0.998881459236145,0.997624397277832,0.996161699295044,1.0,0.9952488541603088,0.9959100484848022,0.9983028173446655,0.9968224763870239,0.9977319240570068,0.9965994358062744,0.9972881078720093,0.9953629970550537,0.9964852333068848,0.9998880624771118,1.0,0.9964916110038757,0.9989842176437378,0.9993287324905396,0.998870849609375,0.9987567663192749,0.9997752904891968,0.0,1.5156145095825195
60,0.017154017463326454,0.8504375219345093,0.9970601797103882,0.9992140531539917,1.0,0.8504375219345093,0.9602479934692383,0.9997758269309998,0.9978627562522888,1.0,0.9983183741569519,0.998881459236145,0.997624397277832,0.996161699295044,1.0,0.9952488541603088,0.9959100484848022,0.9983028173446655,0.9967089891433716,0.9977319240570068,0.9965994358062744,0.9972881078720093,0.9953629970550537,0.9964852333068848,0.9998880624771118,1.0,0.9964916110038757,0.9989842176437378,0.9993287324905396,0.998870849609375,0.9987567663192749,0.9997752904891968,0.0,1.444380521774292

61,0.016881920397281647,0.8504375219345093,0.9970601797103882,0.9992140531539917,1.0,0.8504375219345093,0.9604911208152771,0.9997758269309998,0.9978627562522888,1.0,0.9983183741569519,0.9986577033996582,0.997624397277832,0.996161699295044,1.0,0.9952488541603088,0.9957964420318604,0.9983028173446655,0.9967089891433716,0.9977319240570068,0.9965994358062744,0.9972881078720093,0.9953629970550537,0.9964852333068848,0.9998880624771118,1.0,0.9964916110038757,0.9989842176437378,0.9993287324905396,0.998870849609375,0.9987567663192749,0.9997752904891968,0.0,1.4727230072021484
62,0.016618091613054276,0.8504375219345093,0.9970601797103882,0.9992140531539917,1.0,0.8504375219345093,0.9604911208152771,0.9997758269309998,0.9978627562522888,1.0,0.9983183741569519,0.9986577033996582,0.997624397277832,0.996161699295044,1.0,0.9952488541603088,0.9957964420318604,0.9983028173446655,0.9967089891433716,0.9977319240570068,0.9965994358062744,0.9972881078720093,0.9953629970550537,0.9964852333068848,0.9998880624771118,1.0,0.9964916110038757,0.9989842176437378,0.9993287324905396,0.998870849609375,0.9987567663192749,0.9997752904891968,0.0,1.7175960540771484
63,0.016362180933356285,0.8504375219345093,0.9970601797103882,0.9992140531539917,1.0,0.8504375219345093,0.9603695869445801,0.9997758269309998,0.9978627562522888,1.0,0.9983183741569519,0.9986577033996582,0.997624397277832,0.996161699295044,1.0,0.9952488541603088,0.9957964420318604,0.9983028173446655,0.9967089891433716,0.9977319240570068,0.9965994358062744,0.9972881078720093,0.9953629970550537,0.9964852333068848,0.9998880624771118,1.0,0.9964916110038757,0.9989842176437378,0.9993287324905396,0.998870849609375,0.9987567663192749,0.9997752904891968,0.0,1.7190625667572021
64,0.016113869845867157,0.8505701422691345,0.9970601797103882,0.9992140531539917,1.0,0.8505701422691345,0.9603695869445801,0.9997758269309998,0.9978627562522888,1.0,0.9983183741569519,0.9986577033996582,0.997624397277832,0.996161699295044,1.0,0.9952488541603088,0.9957964420318604,0.9983028173446655,0.996595561504364,0.9976184964179993,0.9965994358062744,0.9972881078720093,0.9953629970550537,0.9964852333068848,0.9998880624771118,1.0,0.9964916110038757,0.9989842176437378,0.9993287324905396,0.998870849609375,0.9987567663192749,0.9997752904891968,0.0,1.6209921836853027
65,0.01587282307446003,0.8507027626037598,0.9970601797103882,0.998989462852478,1.0,0.8507027626037598,0.9602479934692383,0.9997758269309998,0.9978627562522888,1.0,0.9983183741569519,0.9986577033996582,0.997624397277832,0.996161699295044,1.0,0.9952488541603088,0.9957964420318604,0.9983028173446655,0.996595561504364,0.9976184964179993,0.9965994358062744,0.9972881078720093,0.9953629970550537,0.9964852333068848,0.9998880624771118,1.0,0.9964916110038757,0.9989842176437378,0.9993287324905396,0.998870849609375,0.9987567663192749,0.9997752904891968,0.0,1.5029127597808838
66,0.015638746321201324,0.8507027626037598,0.9970601797103882,0.998989462852478,1.0,0.8507027626037598,0.9602479934692383,0.9997758269309998,0.9978627562522888,1.0,0.9983183741569519,0.9986577033996582,0.997624397277832,0.996161699295044,1.0,0.9952488541603088,0.9957964420318604,0.9983028173446655,0.996595561504364,0.9976184964179993,0.9965994358062744,0.9972881078720093,0.9953629970550537,0.9964852333068848,0.9998880624771118,1.0,0.9964916110038757,0.9989842176437378,0.9993287324905396,0.9987578988075256,0.9987567663192749,0.9997752904891968,0.0,1.5152864456176758
67,0.015411349944770336,0.8505701422691345,0.9970601797103882,0.998989462852478,1.0,0.8505701422691345,0.9602479934692383,0.9997758269309998,0.9978627562522888,1.0,0.9983183741569519,0.9986577033996582,0.997624397277832,0.9962745904922485,1.0,0.9952488541603088,0.9957964420318604,0.9983028173446655,0.996595561504364,0.9975050687789917,0.9965994358062744,0.9972881078720093,0.9953629970550537,0.9964852333068848,0.9998880624771118,1.0,0.9964916110038757,0.9989842176437378,0.9993287324905396,0.9987578988075256,0.9986437559127808,0.9997752904891968,0.0,1.5412569046020508
68,0.01519037690013647,0.8508353233337402,0.9970601797103882,0.998989462852478,1.0,0.8508353233337402,0.9602479934692383,0.9997758269309998,0.9978627562522888,1.0,0.9983183741569519,0.9986577033996582,0.997624397277832,0.9962745904922485,1.0,0.9952488541603088,0.9957964420318604,0.9983028173446655,0.996595561504364,0.9975050687789917,0.9965994358062744,0.9972881078720093,0.9953629970550537,0.9964852333068848,0.9998880624771118,1.0,0.9964916110038757,0.9989842176437378,0.9993287324905396,0.9987578988075256,0.9986437559127808,1.0,0.0,1.5023949146270752
69,0.014975558035075665,0.8505701422691345,0.9970601797103882,0.998989462852478,1.0,0.8505701422691345,0.9602479934692383,0.9997758269309998,0.9978627562522888,1.0,0.9983183741569519,0.9986577033996582,0.997624397277832,0.9962745904922485,1.0,0.9952488541603088,0.9957964420318604,0.9983028173446655,0.996595561504364,0.9975050687789917,0.9967128038406372,0.9972881078720093,0.9953629970550537,0.9964852333068848,0.9998880624771118,1.0,0.9964916110038757,0.9988713264465332,0.9993287324905396,0.9987578988075256,0.9986437559127808,1.0,0.0,1.487173318862915
70,0.01476664561778307,0.8505701422691345,0.9970601797103882,0.998989462852478,1.0,0.8505701422691345,0.9601263999938965,0.9997758269309998,0.9978627562522888,1.0,0.9982062578201294,0.9986577033996582,0.997624397277832,0.9962745904922485,1.0,0.9951357841491699,0.9957964420318604,0.9983028173446655,0.996595561504364,0.9975050687789917,0.9967128038406372,0.9972881078720093,0.9953629970550537,0.9964852333068848,0.9998880624771118,1.0,0.9964916110038757,0.9988713264465332,0.9993287324905396,0.9987578988075256,0.9986437559127808,1.0,0.0,1.5053954124450684

71,0.014563401229679585,0.8504375219345093,0.9970601797103882,0.998989462852478,1.0,0.8504375219345093,0.9600048661231995,0.9997758269309998,0.9978627562522888,1.0,0.9982062578201294,0.9986577033996582,0.997624397277832,0.9962745904922485,1.0,0.9951357841491699,0.9957964420318604,0.9983028173446655,0.996595561504364,0.9975050687789917,0.9965994358062744,0.9972881078720093,0.9953629970550537,0.9964852333068848,0.9998880624771118,1.0,0.9964916110038757,0.9987584352493286,0.9993287324905396,0.9987578988075256,0.9985307455062866,1.0,0.0,1.4676902294158936
72,0.014365612529218197,0.8505701422691345,0.9970601797103882,0.998989462852478,1.0,0.8505701422691345,0.9600048661231995,0.9997758269309998,0.9978627562522888,1.0,0.9982062578201294,0.9986577033996582,0.997624397277832,0.9962745904922485,1.0,0.9951357841491699,0.9957964420318604,0.9983028173446655,0.996595561504364,0.9975050687789917,0.9965994358062744,0.9972881078720093,0.9953629970550537,0.996371865272522,0.9998880624771118,1.0,0.9964916110038757,0.9987584352493286,0.9993287324905396,0.9987578988075256,0.9984177350997925,1.0,0.0,1.4720487594604492
73,0.01417306624352932,0.8504375219345093,0.9971731901168823,0.998989462852478,1.0,0.8504375219345093,0.9600048661231995,0.9997758269309998,0.9978627562522888,1.0,0.9982062578201294,0.9986577033996582,0.997624397277832,0.996161699295044,1.0,0.9951357841491699,0.9957964420318604,0.9983028173446655,0.9964820742607117,0.9973917007446289,0.9964860677719116,0.9972881078720093,0.9953629970550537,0.996371865272522,0.9998880624771118,1.0,0.9964916110038757,0.9987584352493286,0.9993287324905396,0.9987578988075256,0.9984177350997925,1.0,0.0,1.4967973232269287
74,0.013985554687678814,0.8504375219345093,0.9971731901168823,0.998989462852478,1.0,0.8504375219345093,0.9600048661231995,0.9997758269309998,0.9978627562522888,1.0,0.9982062578201294,0.9986577033996582,0.997624397277832,0.996161699295044,1.0,0.9950226545333862,0.9957964420318604,0.9983028173446655,0.9964820742607117,0.9973917007446289,0.9964860677719116,0.9972881078720093,0.9953629970550537,0.996371865272522,0.9998880624771118,1.0,0.9964916110038757,0.9987584352493286,0.9993287324905396,0.9987578988075256,0.9984177350997925,1.0,0.0,1.5135531425476074
75,0.013802897185087204,0.8500397801399231,0.9971731901168823,0.9988771677017212,1.0,0.8500397801399231,0.9598833322525024,0.9997758269309998,0.9978627562522888,1.0,0.9982062578201294,0.9986577033996582,0.997624397277832,0.996161699295044,1.0,0.9950226545333862,0.9957964420318604,0.9983028173446655,0.9964820742607117,0.9973917007446289,0.9964860677719116,0.9972881078720093,0.9953629970550537,0.996371865272522,0.9998880624771118,1.0,0.9964916110038757,0.9987584352493286,0.9993287324905396,0.9987578988075256,0.9984177350997925,1.0,0.0,1.478914737701416
76,0.013624903745949268,0.8500397801399231,0.9971731901168823,0.9988771677017212,1.0,0.8500397801399231,0.9598833322525024,0.9997758269309998,0.9978627562522888,1.0,0.9982062578201294,0.9986577033996582,0.997624397277832,0.996161699295044,1.0,0.9949095249176025,0.9957964420318604,0.9983028173446655,0.9963685870170593,0.9973917007446289,0.9964860677719116,0.9972881078720093,0.9953629970550537,0.9962584972381592,0.9998880624771118,1.0,0.9964916110038757,0.9987584352493286,0.9993287324905396,0.9987578988075256,0.9984177350997925,1.0,0.0,1.5205862522125244
77,0.013451398350298405,0.8500397801399231,0.9971731901168823,0.9988771677017212,1.0,0.8500397801399231,0.9598833322525024,0.9997758269309998,0.9978627562522888,1.0,0.9982062578201294,0.9986577033996582,0.997624397277832,0.996161699295044,1.0,0.9949095249176025,0.9957964420318604,0.9983028173446655,0.9963685870170593,0.9973917007446289,0.9963726997375488,0.9972881078720093,0.9953629970550537,0.9962584972381592,0.9998880624771118,1.0,0.9964916110038757,0.9987584352493286,0.9993287324905396,0.9987578988075256,0.9984177350997925,1.0,0.0,1.4671940803527832
78,0.013282210566103458,0.8497745990753174,0.9971731901168823,0.9988771677017212,1.0,0.8497745990753174,0.9598833322525024,0.9997758269309998,0.9978627562522888,1.0,0.9982062578201294,0.9986577033996582,0.997624397277832,0.996161699295044,1.0,0.9949095249176025,0.9957964420318604,0.9983028173446655,0.9963685870170593,0.9973917007446289,0.9963726997375488,0.9972881078720093,0.9953629970550537,0.9962584972381592,0.9998880624771118,1.0,0.9964916110038757,0.9987584352493286,0.9993287324905396,0.9987578988075256,0.9984177350997925,1.0,0.0,1.4721417427062988
79,0.013117200694978237,0.8496420383453369,0.9971731901168823,0.9988771677017212,1.0,0.8496420383453369,0.9597617387771606,0.9997758269309998,0.9978627562522888,1.0,0.9982062578201294,0.9986577033996582,0.997624397277832,0.996161699295044,1.0,0.9949095249176025,0.9957964420318604,0.9983028173446655,0.9963685870170593,0.9973917007446289,0.9963726997375488,0.9972881078720093,0.9953629970550537,0.9962584972381592,0.9998880624771118,1.0,0.9964916110038757,0.9987584352493286,0.9993287324905396,0.9987578988075256,0.9984177350997925,1.0,0.0,1.4889042377471924
80,0.012956203892827034,0.8497745990753174,0.9971731901168823,0.9988771677017212,1.0,0.8497745990753174,0.9596401453018188,0.9997758269309998,0.9978627562522888,1.0,0.9982062578201294,0.9986577033996582,0.997624397277832,0.996161699295044,1.0,0.9949095249176025,0.9957964420318604,0.9983028173446655,0.9963685870170593,0.9973917007446289,0.9963726997375488,0.9972881078720093,0.9953629970550537,0.9962584972381592,0.9998880624771118,1.0,0.9964916110038757,0.9987584352493286,0.9993287324905396,0.9987578988075256,0.9984177350997925,1.0,0.0,1.4974305629730225

81,0.012799087911844254,0.8497745990753174,0.9971731901168823,0.9987648725509644,1.0,0.8497745990753174,0.9596401453018188,0.9997758269309998,0.9978627562522888,1.0,0.9982062578201294,0.9986577033996582,0.997624397277832,0.996161699295044,1.0,0.9949095249176025,0.9957964420318604,0.9983028173446655,0.9963685870170593,0.9973917007446289,0.9963726997375488,0.9972881078720093,0.9953629970550537,0.9962584972381592,0.9998880624771118,1.0,0.9964916110038757,0.9987584352493286,0.9993287324905396,0.9987578988075256,0.9983047246932983,1.0,0.0,1.4641599655151367
82,0.012645705603063107,0.8497745990753174,0.9970601797103882,0.9987648725509644,1.0,0.8497745990753174,0.9595186114311218,0.9997758269309998,0.9978627562522888,1.0,0.9982062578201294,0.9986577033996582,0.997624397277832,0.9962745904922485,1.0,0.9949095249176025,0.9957964420318604,0.9983028173446655,0.9963685870170593,0.9973917007446289,0.9963726997375488,0.9972881078720093,0.9953629970550537,0.9962584972381592,0.9998880624771118,1.0,0.9964916110038757,0.9987584352493286,0.9993287324905396,0.9987578988075256,0.9983047246932983,1.0,0.0,1.4573478698730469
83,0.01249592937529087,0.8497745990753174,0.9969470500946045,0.9987648725509644,1.0,0.8497745990753174,0.9595186114311218,0.9997758269309998,0.9978627562522888,1.0,0.9982062578201294,0.9986577033996582,0.997624397277832,0.9962745904922485,1.0,0.9949095249176025,0.9957964420318604,0.9983028173446655,0.9963685870170593,0.9973917007446289,0.9963726997375488,0.9972881078720093,0.9953629970550537,0.9962584972381592,0.9998880624771118,1.0,0.9964916110038757,0.9987584352493286,0.9993287324905396,0.9987578988075256,0.9983047246932983,1.0,0.0,1.5646145343780518
84,0.01234963908791542,0.8497745990753174,0.9969470500946045,0.9987648725509644,1.0,0.8497745990753174,0.9593970775604248,0.9997758269309998,0.9978627562522888,1.0,0.9982062578201294,0.9986577033996582,0.997624397277832,0.9962745904922485,1.0,0.9949095249176025,0.9957964420318604,0.9983028173446655,0.9963685870170593,0.9973917007446289,0.9963726997375488,0.9972881078720093,0.9953629970550537,0.9962584972381592,0.9998880624771118,1.0,0.9964916110038757,0.9987584352493286,0.9993287324905396,0.9987578988075256,0.9983047246932983,1.0,0.0,1.5659253597259521
85,0.012206712737679482,0.8499071598052979,0.9969470500946045,0.9987648725509644,1.0,0.8499071598052979,0.9593970775604248,0.9997758269309998,0.9978627562522888,1.0,0.9982062578201294,0.9986577033996582,0.997624397277832,0.9962745904922485,1.0,0.9949095249176025,0.9957964420318604,0.9983028173446655,0.9963685870170593,0.9973917007446289,0.9963726997375488,0.9972881078720093,0.9953629970550537,0.9961451292037964,0.9998880624771118,1.0,0.9964916110038757,0.9987584352493286,0.9993287324905396,0.9987578988075256,0.9983047246932983,1.0,0.0,1.511399507522583
86,0.012067040428519249,0.8500397801399231,0.9969470500946045,0.9987648725509644,1.0,0.8500397801399231,0.9591538906097412,0.9997758269309998,0.9978627562522888,1.0,0.9982062578201294,0.9986577033996582,0.997624397277832,0.9962745904922485,1.0,0.9949095249176025,0.9957964420318604,0.9983028173446655,0.9963685870170593,0.9973917007446289,0.996259331703186,0.9972881078720093,0.9953629970550537,0.9961451292037964,0.9998880624771118,1.0,0.9964916110038757,0.9987584352493286,0.9993287324905396,0.9987578988075256,0.9984177350997925,1.0,0.0,1.543238639831543
87,0.011930502951145172,0.8501724004745483,0.9969470500946045,0.9987648725509644,1.0,0.8501724004745483,0.9591538906097412,0.9997758269309998,0.9978627562522888,1.0,0.9980942010879517,0.9985458850860596,0.997624397277832,0.9962745904922485,1.0,0.9949095249176025,0.9957964420318604,0.9983028173446655,0.9963685870170593,0.9973917007446289,0.996259331703186,0.9972881078720093,0.9953629970550537,0.9961451292037964,0.9998880624771118,1.0,0.9964916110038757,0.9987584352493286,0.9993287324905396,0.9987578988075256,0.9984177350997925,1.0,0.0,1.5383539199829102
88,0.011797008104622364,0.8501724004745483,0.9969470500946045,0.9987648725509644,1.0,0.8501724004745483,0.9591538906097412,0.9997758269309998,0.9978627562522888,1.0,0.9980942010879517,0.9985458850860596,0.997624397277832,0.9962745904922485,1.0,0.9949095249176025,0.9957964420318604,0.9983028173446655,0.9963685870170593,0.9973917007446289,0.996259331703186,0.9972881078720093,0.9953629970550537,0.9961451292037964,0.9998880624771118,1.0,0.9964916110038757,0.9987584352493286,0.9993287324905396,0.9986449480056763,0.9984177350997925,1.0,0.0,1.4868402481079102
89,0.011666452512145042,0.8501724004745483,0.9969470500946045,0.9987648725509644,1.0,0.8501724004745483,0.9591538906097412,0.9997758269309998,0.99797523021698,1.0,0.9980942010879517,0.9985458850860596,0.997624397277832,0.9962745904922485,1.0,0.9949095249176025,0.9957964420318604,0.9983028173446655,0.9963685870170593,0.9973917007446289,0.996259331703186,0.9972881078720093,0.9953629970550537,0.9960317611694336,0.9998880624771118,1.0,0.9964916110038757,0.9987584352493286,0.9993287324905396,0.9986449480056763,0.9984177350997925,1.0,0.0,1.5048844814300537
90,0.011538739316165447,0.8501724004745483,0.9969470500946045,0.9987648725509644,1.0,0.8501724004745483,0.9591538906097412,0.9997758269309998,0.99797523021698,1.0,0.9980942010879517,0.9985458850860596,0.997624397277832,0.9962745904922485,1.0,0.9949095249176025,0.9957964420318604,0.9983028173446655,0.9963685870170593,0.9973917007446289,0.996259331703186,0.9972881078720093,0.9953629970550537,0.9960317611694336,0.9998880624771118,1.0,0.9964916110038757,0.9987584352493286,0.9993287324905396,0.9986449480056763,0.9984177350997925,1.0,0.0,1.4883472919464111

91,0.011413775384426117,0.8501724004745483,0.9969470500946045,0.9987648725509644,1.0,0.8501724004745483,0.9589107632637024,0.9996637105941772,0.9978627562522888,1.0,0.9980942010879517,0.9985458850860596,0.997624397277832,0.9962745904922485,1.0,0.9949095249176025,0.9957964420318604,0.9983028173446655,0.9963685870170593,0.9973917007446289,0.996259331703186,0.9972881078720093,0.9953629970550537,0.9960317611694336,0.9998880624771118,1.0,0.9964916110038757,0.9987584352493286,0.9993287324905396,0.9986449480056763,0.9984177350997925,1.0,0.0,1.4607415199279785
92,0.011291475966572762,0.8499071598052979,0.9969470500946045,0.9987648725509644,1.0,0.8499071598052979,0.9589107632637024,0.9996637105941772,0.9978627562522888,1.0,0.9980942010879517,0.9985458850860596,0.997624397277832,0.9962745904922485,1.0,0.9949095249176025,0.9957964420318604,0.9983028173446655,0.9963685870170593,0.9973917007446289,0.996259331703186,0.9972881078720093,0.9953629970550537,0.9960317611694336,0.9998880624771118,1.0,0.9964916110038757,0.9987584352493286,0.9993287324905396,0.9986449480056763,0.9984177350997925,1.0,0.0,1.4599008560180664
93,0.01117175817489624,0.8497745990753174,0.9969470500946045,0.9987648725509644,1.0,0.8497745990753174,0.9589107632637024,0.9996637105941772,0.9978627562522888,1.0,0.9980942010879517,0.9985458850860596,0.997624397277832,0.9962745904922485,1.0,0.9949095249176025,0.9957964420318604,0.9983028173446655,0.9963685870170593,0.9973917007446289,0.996259331703186,0.9972881078720093,0.9952499866485596,0.9960317611694336,0.9998880624771118,1.0,0.9964916110038757,0.9987584352493286,0.9993287324905396,0.9986449480056763,0.9984177350997925,1.0,0.0,1.5181541442871094
94,0.011054539121687412,0.8495094180107117,0.9969470500946045,0.9987648725509644,1.0,0.8495094180107117,0.9587892293930054,0.9996637105941772,0.9978627562522888,1.0,0.9980942010879517,0.9985458850860596,0.997624397277832,0.9962745904922485,1.0,0.9949095249176025,0.9957964420318604,0.9983028173446655,0.996255099773407,0.9973917007446289,0.996259331703186,0.9972881078720093,0.9951368570327759,0.9960317611694336,0.9998880624771118,1.0,0.9964916110038757,0.9987584352493286,0.9993287324905396,0.9986449480056763,0.9984177350997925,1.0,0.0,1.4627046585083008
95,0.010939745232462883,0.8495094180107117,0.9969470500946045,0.9987648725509644,1.0,0.8495094180107117,0.9587892293930054,0.9996637105941772,0.9978627562522888,1.0,0.9980942010879517,0.9985458850860596,0.997624397277832,0.9962745904922485,1.0,0.9947963953018188,0.9957964420318604,0.9983028173446655,0.996255099773407,0.9973917007446289,0.996259331703186,0.9972881078720093,0.9951368570327759,0.9960317611694336,0.9998880624771118,1.0,0.9964916110038757,0.9987584352493286,0.9993287324905396,0.9986449480056763,0.9984177350997925,1.0,0.0,1.4569344520568848
96,0.010827303864061832,0.8495094180107117,0.9969470500946045,0.9987648725509644,1.0,0.8495094180107117,0.9584245085716248,0.9996637105941772,0.9978627562522888,1.0,0.9980942010879517,0.9985458850860596,0.997624397277832,0.9962745904922485,1.0,0.9947963953018188,0.9957964420318604,0.9983028173446655,0.996255099773407,0.9973917007446289,0.996259331703186,0.9972881078720093,0.9951368570327759,0.9960317611694336,0.9998880624771118,1.0,0.9964916110038757,0.9987584352493286,0.9992167949676514,0.9986449480056763,0.9984177350997925,1.0,0.0,1.4836039543151855
97,0.010717138648033142,0.8495094180107117,0.9969470500946045,0.9987648725509644,1.0,0.8495094180107117,0.9584245085716248,0.9996637105941772,0.9978627562522888,1.0,0.9980942010879517,0.9984340071678162,0.997624397277832,0.9962745904922485,1.0,0.9947963953018188,0.9957964420318604,0.9983028173446655,0.996255099773407,0.9973917007446289,0.996259331703186,0.9972881078720093,0.9951368570327759,0.9960317611694336,0.9998880624771118,1.0,0.9964916110038757,0.9987584352493286,0.9992167949676514,0.9986449480056763,0.9984177350997925,1.0,0.0,1.4643306732177734
98,0.01060918252915144,0.8495094180107117,0.9968340396881104,0.9987648725509644,1.0,0.8495094180107117,0.9583029747009277,0.9996637105941772,0.9978627562522888,0.9998879432678223,0.9980942010879517,0.9984340071678162,0.997624397277832,0.9962745904922485,1.0,0.9946832656860352,0.9957964420318604,0.9983028173446655,0.996255099773407,0.9972783327102661,0.996259331703186,0.9972881078720093,0.9951368570327759,0.9960317611694336,0.9998880624771118,1.0,0.9964916110038757,0.9987584352493286,0.9992167949676514,0.9986449480056763,0.9983047246932983,1.0,0.0,1.4396190643310547
99,0.0105033740401268,0.8496420383453369,0.9968340396881104,0.9987648725509644,1.0,0.8496420383453369,0.9583029747009277,0.9996637105941772,0.9978627562522888,0.9998879432678223,0.9980942010879517,0.9984340071678162,0.997624397277832,0.9962745904922485,1.0,0.9946832656860352,0.9957964420318604,0.9983028173446655,0.996255099773407,0.9972783327102661,0.996259331703186,0.9972881078720093,0.9951368570327759,0.9960317611694336,0.9998880624771118,1.0,0.9964916110038757,0.9987584352493286,0.9991049766540527,0.9986449480056763,0.9980787038803101,1.0,0.0,1.467726230621338
100,0.010399647988379002,0.8497745990753174,0.9968340396881104,0.9987648725509644,1.0,0.8497745990753174,0.9583029747009277,0.9996637105941772,0.9978627562522888,0.9998879432678223,0.9980942010879517,0.9984340071678162,0.997624397277832,0.9962745904922485,1.0,0.9946832656860352,0.9957964420318604,0.9983028173446655,0.996255099773407,0.9972783327102661,0.996259331703186,0.9972881078720093,0.9951368570327759,0.9960317611694336,0.9998880624771118,1.0,0.9964916110038757,0.9987584352493286,0.9991049766540527,0.9986449480056763,0.9980787038803101,1.0,0.0,1.4965314865112305

