epoch,loss,SignClass_A_balanced_accuracy,SignClass_B_balanced_accuracy,SignClass_C_balanced_accuracy,SignClass_D_balanced_accuracy,accuracy,balanced_accuracy,balanced_accuracy_A13,balanced_accuracy_A14,balanced_accuracy_A15b,balanced_accuracy_A16,balanced_accuracy_A17a,balanced_accuracy_A19a,balanced_accuracy_A1a,balanced_accuracy_A1b,balanced_accuracy_A1c,balanced_accuracy_A32,balanced_accuracy_A33,balanced_accuracy_A34,balanced_accuracy_A4b2,balanced_accuracy_A7a,balanced_accuracy_A9,balanced_accuracy_B1,balanced_accuracy_B2a,balanced_accuracy_B3,balanced_accuracy_C13aa,balanced_accuracy_C13bb,balanced_accuracy_C14_100,balanced_accuracy_C14_120,balanced_accuracy_C14_20,balanced_accuracy_C14_30,balanced_accuracy_C14_50,balanced_accuracy_C14_60,balanced_accuracy_C14_70,balanced_accuracy_C14_80,balanced_accuracy_C17a,balanced_accuracy_C17b_80,balanced_accuracy_C17c,balanced_accuracy_C17d,balanced_accuracy_C1a,balanced_accuracy_C2,balanced_accuracy_C3e3,balanced_accuracy_D1a1,balanced_accuracy_D1a4,balanced_accuracy_D1a5,balanced_accuracy_D1a6,balanced_accuracy_D1a7,balanced_accuracy_D2a1,balanced_accuracy_D2a2,balanced_accuracy_D3,balanced_accuracy_invalid,epoch_elapsed,f1,recall
0,2.973214626312256,0.5,0.5,0.5,0.5,0.3086397051811218,0.6476103067398071,0.5,0.5,0.5,0.5,0.5,0.5,0.5,0.5,0.5,0.5,0.5,0.5,0.49843087792396545,0.5,0.5,0.5,0.5,0.5,0.5,0.5,0.46122580766677856,0.5,0.5,0.5,0.49886083602905273,0.4383913278579712,0.5,0.5,0.5,0.5,0.5,0.5,0.5,0.5,0.49710118770599365,0.5,0.5,0.5,0.5,0.5,0.5,0.5,0.5,0.5432051420211792,6.440537452697754,0.015318998135626316,0.3086397051811218
1,2.0473766326904297,0.5251637101173401,0.5,0.5,0.5021503567695618,0.4988970458507538,0.7405993938446045,0.5,0.5,0.5,0.5,0.5,0.5,0.5,0.5,0.5,0.5,0.5,0.5,0.5,0.5,0.5,0.5,0.5,0.5,0.5,0.5,0.5,0.49905088543891907,0.4973165690898895,0.4845539331436157,0.5,0.3766406774520874,0.36356720328330994,0.5220537185668945,0.5,0.5,0.5,0.5,0.5,0.5,0.5,0.5,0.5,0.5,0.5,0.5,0.5,0.5,0.5,0.5,6.784893035888672,0.015129216946661472,0.4988970458507538

2,1.8618826866149902,0.9316007494926453,0.3524525463581085,0.5,0.5052244067192078,0.5056985020637512,0.7991193532943726,0.5,0.5,0.5,0.5,0.5,0.5,0.5,0.5,0.5,0.5,0.5,0.5,0.5,0.5,0.5,0.5,0.5,0.5,0.5,0.5,0.7448781728744507,0.8716281056404114,0.4641975164413452,0.7372055053710938,0.8213082551956177,0.33587610721588135,0.49802708625793457,0.7565432786941528,0.5,0.5,0.5,0.5,0.5,0.5,0.5,0.5,0.5,0.5,0.5,0.5,0.5,0.5,0.5,0.5,6.593318223953247,0.01526620239019394,0.5056985020637512
3,1.7136951684951782,0.8495113849639893,0.18074147403240204,0.5,0.527739942073822,0.5009191036224365,0.8349264860153198,0.5,0.5,0.5,0.5,0.5,0.5,0.5,0.5,0.5,0.5,0.5,0.5,0.5,0.5,0.5,0.5,0.6304347515106201,0.5,0.5,0.4694620966911316,0.8927950263023376,0.8958452343940735,0.6479582190513611,0.8735971450805664,0.8799961805343628,0.5903489589691162,0.5857086181640625,0.8856382966041565,0.5,0.5,0.5,0.5,0.5,0.5,0.44773322343826294,0.5,0.5,0.5,0.5,0.5,0.5,0.5,0.5,0.5010747909545898,6.779027223587036,0.022428665310144424,0.5009191036224365
4,1.432576298713684,0.81648188829422,0.0988357663154602,0.17066647112369537,0.5551853775978088,0.5683823823928833,0.8447567224502563,0.5,0.5,0.5,0.5,0.5,0.5,0.5,0.5,0.5,0.5,0.5,0.5,0.5,0.5,0.5,0.5,0.9927777647972107,0.5,0.5760869383811951,0.5189563035964966,0.840247392654419,0.9197308421134949,0.6546127796173096,0.8911428451538086,0.9126608371734619,0.6219188570976257,0.6279931664466858,0.8987377882003784,0.5,0.5,0.5,0.5,0.5,0.5,0.5913408994674683,0.5,0.5,0.44460994005203247,0.5,0.5,0.5,0.5,0.5,0.5455958247184753,6.700408458709717,0.054849956184625626,0.5683823823928833

5,1.2417793273925781,0.7767399549484253,0.11192268133163452,0.23073115944862366,0.5775594711303711,0.6257352828979492,0.8640047907829285,0.5,0.5,0.5,0.5,0.5,0.5,0.5,0.5,0.5,0.5,0.5,0.5,0.5,0.5,0.5,0.5,0.9685470461845398,0.5,0.9570716619491577,0.8566896915435791,0.901273250579834,0.9349067211151123,0.7076689600944519,0.8954372406005859,0.9170801639556885,0.6361819505691528,0.6887706518173218,0.9249668121337891,0.5,0.5,0.5,0.5,0.5,0.5,0.9225154519081116,0.5,0.5491742491722107,0.6558544635772705,0.6666549444198608,0.5,0.5053943395614624,0.5960966348648071,0.5,0.6323660612106323,6.908878803253174,0.10537878423929214,0.6257352828979492

6,1.03829824924469,0.7535327076911926,0.07158537209033966,0.33249643445014954,0.5708017945289612,0.6865808963775635,0.8813953399658203,0.5,0.5,0.5,0.5,0.5,0.5,0.5,0.5,0.5,0.5,0.5,0.5,0.5,0.5,0.5,0.5,0.9559205770492554,0.5,0.9571535587310791,0.9384125471115112,0.9313020706176758,0.9380345940589905,0.7344939112663269,0.8959954380989075,0.9282310009002686,0.6610572338104248,0.861174464225769,0.9336056113243103,0.5,0.5,0.5,0.5,0.49657344818115234,0.5,0.9309893250465393,0.5340641140937805,0.6973042488098145,0.7741305828094482,0.7916555404663086,0.6904452443122864,0.7884155511856079,0.7828785181045532,0.5865921974182129,0.6739600896835327,6.667641878128052,0.1469666212797165,0.6865808963775635

7,0.8474938869476318,0.7582798004150391,0.12405777722597122,0.3733260929584503,0.5724090337753296,0.757536768913269,0.8923906087875366,0.5,0.5,0.5,0.5,0.5,0.5,0.5,0.5,0.5,0.5,0.5,0.5,0.5,0.5,0.5,0.5,0.9571851491928101,0.5,0.9570655226707458,0.9472258687019348,0.9413995742797852,0.9486935138702393,0.7441176176071167,0.9126471281051636,0.9355700016021729,0.6801896095275879,0.9108704328536987,0.9456974864006042,0.5,0.8625079393386841,0.5,0.5,0.48773500323295593,0.5,0.9257805347442627,0.8385825753211975,0.7647714614868164,0.7790977954864502,0.7838667631149292,0.7964097261428833,0.7677091360092163,0.8200204968452454,0.8216428756713867,0.6839015483856201,6.714401483535767,0.20144914090633392,0.757536768913269

8,0.7261192798614502,0.7538512945175171,0.11398595571517944,0.393928587436676,0.578125,0.7884191274642944,0.8945173621177673,0.5,0.5,0.5,0.5,0.5,0.49981531500816345,0.5,0.5,0.5,0.5,0.5,0.5,0.5,0.5,0.5,0.5,0.9593443274497986,0.5,0.9747946262359619,0.9529763460159302,0.9496688842773438,0.9591021537780762,0.7640771269798279,0.9417808055877686,0.9507994055747986,0.7257300019264221,0.9255419969558716,0.9584047198295593,0.5,0.9680044651031494,0.5,0.9491929411888123,0.7736392021179199,0.5,0.9276794195175171,0.9182331562042236,0.7637883424758911,0.7905505895614624,0.7967501878738403,0.9420856237411499,0.7840402126312256,0.7826733589172363,0.6514877080917358,0.6957751512527466,6.75491189956665,0.25232577323913574,0.7884191274642944

9,0.5676820874214172,0.7420334815979004,0.19853848218917847,0.40281981229782104,0.5570068955421448,0.8428308963775635,0.906715989112854,0.5,0.5,0.5,0.5,0.5,0.9965879917144775,0.5,0.5,0.5,0.5,0.5,0.5,0.5,0.5,0.5,0.8500000238418579,0.9610389471054077,0.5,0.9799515008926392,0.9555203318595886,0.9625332951545715,0.9749049544334412,0.7886785268783569,0.9469984769821167,0.9755517244338989,0.796627938747406,0.9308247566223145,0.9666032791137695,0.5,0.9829335808753967,0.5,0.984046459197998,0.9492578506469727,0.5,0.9361007213592529,0.9286644458770752,0.7606303691864014,0.7954334616661072,0.8056125640869141,0.9452473521232605,0.7727018594741821,0.7780361175537109,0.5940490961074829,0.6975672245025635,6.713362693786621,0.36759915947914124,0.8428308963775635

10,0.4728289544582367,0.7394004464149475,0.4481205940246582,0.4159863293170929,0.5519767999649048,0.8746323585510254,0.9103411436080933,0.4999077618122101,0.5,0.5,0.5,0.5,0.9918804168701172,0.5,0.5,0.5,0.5,0.4999077022075653,0.5,0.5,0.5,0.5,0.9117647409439087,0.9641865491867065,0.4719359576702118,0.9508177042007446,0.9610790014266968,0.9762766361236572,0.9783187508583069,0.833016037940979,0.9460896253585815,0.9910900592803955,0.8432081937789917,0.93431556224823,0.9807141423225403,0.5,0.9803921580314636,0.5,0.9799926280975342,0.9473538398742676,0.5,0.9439775943756104,0.9328497052192688,0.7697380781173706,0.8018009662628174,0.8535906076431274,0.9518195390701294,0.7911322116851807,0.7962894439697266,0.654482901096344,0.7273718118667603,6.677822113037109,0.47187620401382446,0.8746323585510254

11,0.39645010232925415,0.7304713129997253,0.4318971037864685,0.4182983338832855,0.551889181137085,0.9011029601097107,0.913553774356842,0.49880072474479675,0.5,0.5,0.5,0.5,0.9911439418792725,0.5,0.5,0.5,0.5,0.499446302652359,0.5,0.5,0.5,0.5,1.0,0.968830943107605,0.33517494797706604,0.8800873160362244,0.9654463529586792,0.9733941555023193,0.9790953993797302,0.8758076429367065,0.9501616954803467,0.9936541318893433,0.8917173147201538,0.9411596059799194,0.9906578063964844,0.5625,0.9844473600387573,0.5,0.9774699807167053,0.8935484886169434,0.5,0.945306658744812,0.94017094373703,0.766455888748169,0.8074990510940552,0.914142370223999,0.9589524269104004,0.7925195693969727,0.8002601265907288,0.758469820022583,0.7188756465911865,6.670540809631348,0.5782245397567749,0.9011029601097107

12,0.3300134241580963,0.7420818209648132,0.3903128206729889,0.4241337478160858,0.553305983543396,0.9238970875740051,0.9155523180961609,0.49833887815475464,0.5,0.5,0.5,0.5,0.9922552108764648,0.5,0.5,0.5,0.5,0.498616486787796,0.5,0.5,0.5,0.5,0.9722222089767456,0.9715026021003723,0.5678716897964478,0.8039220571517944,0.9743757247924805,0.9744150638580322,0.9777312278747559,0.9166189432144165,0.9601104259490967,0.9894083738327026,0.8895425796508789,0.9468308687210083,0.993280291557312,0.8535444140434265,0.9730652570724487,0.5,0.9791743755340576,0.9298018217086792,0.5,0.9465150833129883,0.9487370252609253,0.7695814371109009,0.8166295289993286,0.965843677520752,0.9594443440437317,0.8137655258178711,0.7930137515068054,0.6908560991287231,0.7412462830543518,6.711707353591919,0.6356320977210999,0.9238970875740051

13,0.3003045618534088,0.7431162595748901,0.44584518671035767,0.43006205558776855,0.5510748028755188,0.935661792755127,0.9147400856018066,0.5605641603469849,0.5,0.5,0.7937488555908203,0.5,0.9885650873184204,0.5,0.4995381534099579,0.5,0.5,0.498616486787796,0.5214622616767883,0.5,0.5,0.5,0.9992619752883911,0.9683966636657715,0.7490329742431641,0.6780118942260742,0.9833769202232361,0.9764115214347839,0.9803119897842407,0.9310836791992188,0.9670089483261108,0.9942092299461365,0.9131753444671631,0.9528481960296631,0.972722053527832,0.8928110599517822,0.9311209917068481,0.49990764260292053,0.9778434038162231,0.9275670647621155,0.5,0.9509602785110474,0.9573125839233398,0.772236704826355,0.8206582069396973,0.971075177192688,0.9718965291976929,0.8125464916229248,0.7951291799545288,0.797956109046936,0.7404805421829224,6.768779754638672,0.7037159204483032,0.935661792755127

14,0.27517908811569214,0.7381109595298767,0.5068687796592712,0.4267347455024719,0.5541466474533081,0.9446691274642944,0.9076927900314331,0.49880141019821167,0.5,0.5,0.9467227458953857,0.5,0.9913364052772522,0.5,0.4988919794559479,0.5383691787719727,0.5,0.49879875779151917,0.5497232675552368,0.5,0.5,0.5,0.9997236728668213,0.9694557189941406,0.7488958239555359,0.5296685695648193,0.9829620122909546,0.9772554636001587,0.9830074310302734,0.948285698890686,0.9734547138214111,0.9931675791740417,0.925820529460907,0.9539859890937805,0.7172291278839111,0.9901200532913208,0.8420274257659912,0.5,0.9770337343215942,0.9338819980621338,0.5,0.9582164883613586,0.9613239169120789,0.7767575979232788,0.8451097011566162,0.9748650193214417,0.9742851853370667,0.8458457589149475,0.7984936237335205,0.8763231039047241,0.7418288588523865,6.542490720748901,0.7456228137016296,0.9446691274642944
15,0.2350148856639862,0.7355522513389587,0.5083043575286865,0.4260883629322052,0.5585224628448486,0.9560661911964417,0.9120917320251465,0.627412736415863,0.5,0.5,0.9988939762115479,0.5,0.9898411631584167,0.5,0.4995390772819519,0.5936578512191772,0.5,0.4977843463420868,0.9984311461448669,0.49990758299827576,0.5,0.5,0.9994463920593262,0.9704848527908325,0.7469624280929565,0.5662650465965271,0.9850578904151917,0.976118266582489,0.9813404083251953,0.9492366313934326,0.9751853942871094,0.9901167154312134,0.9327763319015503,0.9478830099105835,0.7122446298599243,0.9885587692260742,0.8949931859970093,0.5,0.9800921678543091,0.9266666769981384,0.5,0.956867516040802,0.9658985137939453,0.7879265546798706,0.8758127689361572,0.9793680310249329,0.9782487154006958,0.8894678354263306,0.8141797780990601,0.902715802192688,0.7386207580566406,6.695091724395752,0.8059041500091553,0.9560661911964417

16,0.223719984292984,0.7292529344558716,0.5071033835411072,0.4228583872318268,0.5594339370727539,0.9597426652908325,0.9116578102111816,0.6939907073974609,0.5,0.5,0.998062014579773,0.5,0.9144165515899658,0.5,0.49889299273490906,0.5652173757553101,0.5,0.4981556534767151,0.9963052272796631,0.5,0.5,0.5,0.999262273311615,0.9732077121734619,0.7457642555236816,0.5329670310020447,0.9866629242897034,0.9754753112792969,0.9838587045669556,0.9519833326339722,0.9778921604156494,0.9885581731796265,0.9412713050842285,0.9541745781898499,0.6703303456306458,0.9848568439483643,0.8749662637710571,0.5,0.9801514148712158,0.9242817163467407,0.5,0.9606741666793823,0.9689128398895264,0.7873072028160095,0.8897045254707336,0.9794876575469971,0.9801040887832642,0.90925133228302,0.8190343379974365,0.8900966048240662,0.7375214099884033,6.6714088916778564,0.8347402215003967,0.9597426652908325
17,0.18110431730747223,0.7342772483825684,0.5064883828163147,0.42976874113082886,0.5474264025688171,0.9683823585510254,0.9154604077339172,0.6731549501419067,0.5,0.5,0.9951080083847046,0.5,0.8331671357154846,0.5,0.49880072474479675,0.9666666984558105,0.5,0.4991705119609833,0.9965892434120178,0.5,0.5,0.5,0.9998155832290649,0.9698851108551025,0.740699827671051,0.5,0.9822802543640137,0.974126398563385,0.9877585768699646,0.9452916383743286,0.9794000387191772,0.9853219985961914,0.9408622980117798,0.9500476717948914,0.5948770046234131,0.9866359233856201,0.8165680170059204,0.5,0.9796162843704224,0.9182407259941101,0.5,0.9553854465484619,0.968419075012207,0.7877771854400635,0.9192050695419312,0.9796695113182068,0.9795539379119873,0.931277871131897,0.8218144178390503,0.8929170370101929,0.7249010801315308,6.588616847991943,0.8786119222640991,0.9683823585510254

18,0.17003586888313293,0.7308964729309082,0.5086888074874878,0.4219008684158325,0.5628196597099304,0.9740808606147766,0.9065770506858826,0.7229704856872559,0.5,0.5,0.9952943325042725,0.5,0.9714118242263794,0.5,0.49871015548706055,0.6578024625778198,0.5,0.49870848655700684,0.8093657493591309,0.5,0.5,0.5,0.9998154640197754,0.9724431037902832,0.7473781108856201,0.5,0.9881978034973145,0.978579580783844,0.9889910221099854,0.9555217623710632,0.9792578220367432,0.892845869064331,0.9457945823669434,0.9535456895828247,0.519444465637207,0.9862571358680725,0.8110081553459167,0.5,0.9856114983558655,0.9275402426719666,0.5,0.9607916474342346,0.9737817049026489,0.786828875541687,0.9415813684463501,0.9831074476242065,0.9811618328094482,0.9504085779190063,0.825566291809082,0.9231557250022888,0.7426362037658691,6.717698335647583,0.8970341682434082,0.9740808606147766
19,0.15812121331691742,0.7321547269821167,0.5070411562919617,0.42057469487190247,0.56300950050354,0.9772058725357056,0.9083383083343506,0.8911941647529602,0.5,0.5,0.9940937757492065,0.5,0.9925235509872437,0.5,0.4979686141014099,1.0,0.5,0.4993542432785034,0.9767980575561523,0.49990779161453247,0.5,0.5,0.9996311664581299,0.9735136032104492,0.7390904426574707,0.5,0.9897003769874573,0.9768544435501099,0.9938411712646484,0.9572405815124512,0.9824777841567993,0.8578455448150635,0.9533931016921997,0.9495734572410583,0.514611005783081,0.9856088161468506,0.8850351572036743,0.5,0.9863594770431519,0.9277141690254211,0.5,0.9602581262588501,0.9720882773399353,0.7875695824623108,0.9421718120574951,0.9827073216438293,0.9818974733352661,0.9563602209091187,0.835931658744812,0.9334696531295776,0.7396150231361389,6.621205806732178,0.9250537157058716,0.9772058725357056
20,0.1423354595899582,0.733157217502594,0.5085524320602417,0.4163975715637207,0.5589690804481506,0.9783087968826294,0.9134789705276489,0.8664841651916504,0.5,0.5,0.9948301315307617,0.5,0.9608150720596313,0.5,0.49787667393684387,1.0,0.5,0.49824851751327515,0.9961276054382324,0.49963125586509705,0.5,0.5,0.9997231960296631,0.9721141457557678,0.7395066022872925,0.5,0.9911098480224609,0.9732633829116821,0.9919370412826538,0.9536561965942383,0.9836252927780151,0.8908671140670776,0.9526345729827881,0.9494200348854065,0.5062111616134644,0.9825645685195923,0.8640660047531128,0.5,0.9842338562011719,0.917392909526825,0.5,0.9579281806945801,0.9707744121551514,0.7925176620483398,0.9598289132118225,0.9837602376937866,0.9843199253082275,0.9636549949645996,0.8581770658493042,0.9431754946708679,0.7370725870132446,6.712561368942261,0.9307050108909607,0.9783087968826294

21,0.12646423280239105,0.7271376848220825,0.5062529444694519,0.42176154255867004,0.5445017218589783,0.9821690917015076,0.9162106513977051,0.8546516299247742,0.5,0.5,0.9932718873023987,0.5,0.9928888082504272,0.5,0.5,0.9998154640197754,0.5,0.49889278411865234,0.9977847337722778,0.49990782141685486,0.5,0.5,0.9987080097198486,0.9734209775924683,0.7379856109619141,0.5,0.9923306703567505,0.9736089706420898,0.9953519105911255,0.959570050239563,0.9855815172195435,0.9165792465209961,0.9584758281707764,0.9510921239852905,0.5,0.9828413724899292,0.8023327589035034,0.5,0.9848653078079224,0.9212087392807007,0.5,0.9582865834236145,0.9713488817214966,0.7907926440238953,0.9614096879959106,0.9826750755310059,0.98157799243927,0.9639539122581482,0.887599766254425,0.945064127445221,0.7340214252471924,6.768051862716675,0.9490681886672974,0.9821690917015076

22,0.11917256563901901,0.7357723712921143,0.5095056891441345,0.4221842288970947,0.5513898134231567,0.9814338088035583,0.909924328327179,0.9523305892944336,0.5,0.5,0.9953823089599609,0.5,0.9933591485023499,0.5,0.4983385503292084,0.9999077916145325,0.5,0.5,0.8093657493591309,0.4978770613670349,0.5,0.5,0.9999076724052429,0.9724999666213989,0.7403757572174072,0.5,0.9868347644805908,0.9779635667800903,0.9936816692352295,0.9602963924407959,0.9846241474151611,0.9773557186126709,0.9597985148429871,0.9559909105300903,0.5,0.9814506769180298,0.7128928303718567,0.5,0.9854216575622559,0.9213848114013672,0.5,0.9605041742324829,0.9703916907310486,0.7976256608963013,0.9649171829223633,0.985435962677002,0.9874488711357117,0.9648582935333252,0.86981201171875,0.9477014541625977,0.7375261783599854,6.748650074005127,0.9541743993759155,0.9814338088035583
23,0.11654605716466904,0.7285690903663635,0.5092666149139404,0.419967383146286,0.5538185834884644,0.9827206134796143,0.9140902757644653,0.8105612993240356,0.5,0.5,0.9940915703773499,0.5,0.9536354541778564,0.5,0.4995393455028534,1.0,0.5,0.49935340881347656,0.9645468592643738,0.498985230922699,0.5,0.5,0.9996309876441956,0.9706318378448486,0.7410648465156555,0.5,0.9907735586166382,0.9745361804962158,0.9878242015838623,0.9525713920593262,0.9860687255859375,0.843280553817749,0.9599012136459351,0.9528498649597168,0.5125786066055298,0.9847813844680786,0.8509334325790405,0.5,0.9864416122436523,0.9162497520446777,0.5,0.9594316482543945,0.9714338779449463,0.7980625629425049,0.9692778587341309,0.983544111251831,0.9838500022888184,0.9671187400817871,0.898327112197876,0.9496744275093079,0.7299113869667053,6.652446269989014,0.9600281715393066,0.9827206134796143
24,0.10745470225811005,0.7206805348396301,0.5079113841056824,0.4336759150028229,0.5614428520202637,0.9849264621734619,0.9053457975387573,0.859635591506958,0.5,0.5,0.9947407245635986,0.5,0.9652406573295593,0.5,0.49907732009887695,0.9999078512191772,0.5,0.4999077618122101,0.9710094332695007,0.49834132194519043,0.5,0.5,0.9999078512191772,0.9720267057418823,0.7487584948539734,0.5,0.9824406504631042,0.9763398170471191,0.9910765290260315,0.9586023688316345,0.9875237941741943,0.7778236269950867,0.9602402448654175,0.9480531811714172,0.502899169921875,0.98275226354599,0.6739523410797119,0.5,0.9839423894882202,0.9192265272140503,0.5,0.959824800491333,0.972698450088501,0.810758113861084,0.9688196182250977,0.9853296279907227,0.9845495223999023,0.9658119678497314,0.8929236531257629,0.9467669725418091,0.7342910766601562,6.57931113243103,0.9557976722717285,0.9849264621734619
25,0.09409292042255402,0.7254724502563477,0.5094399452209473,0.42489227652549744,0.5597872734069824,0.9858455657958984,0.9094391465187073,0.7090505361557007,0.5,0.5,0.9942888617515564,0.5,0.993723452091217,0.5,0.49935460090637207,0.9999077916145325,0.5,0.4999077618122101,0.9038532376289368,0.49898654222488403,0.5,0.5,0.9998156428337097,0.9679368138313293,0.7413856983184814,0.5,0.9822226166725159,0.972396731376648,0.9859907031059265,0.9574204683303833,0.9889481663703918,0.818854808807373,0.9629489183425903,0.9490591287612915,0.5,0.9829367399215698,0.7944294214248657,0.5,0.9848819971084595,0.9135574102401733,0.5,0.9558988809585571,0.9698806405067444,0.8056432008743286,0.9731462597846985,0.9855921268463135,0.9846910238265991,0.9657419919967651,0.9015066623687744,0.9460238218307495,0.7258028984069824,6.585003852844238,0.9745273590087891,0.9858455657958984
26,0.08852788805961609,0.7307245135307312,0.5106769800186157,0.4173319637775421,0.5627579092979431,0.9891543984413147,0.9103817939758301,0.6543141603469849,0.5,0.5,0.9935400485992432,0.5,0.9949233531951904,0.5,0.49797049164772034,0.9998154640197754,0.5,0.5,0.9967706203460693,0.497787207365036,0.5,0.5,1.0,0.971528947353363,0.7388980984687805,0.5,0.9937441349029541,0.9746907949447632,0.9908933639526367,0.9654712080955505,0.9884228706359863,0.8336232900619507,0.9644486904144287,0.9520599842071533,0.5,0.9820934534072876,0.7465046644210815,0.5,0.9893794059753418,0.9226146340370178,0.5,0.9594443440437317,0.9737379550933838,0.7979910373687744,0.971123456954956,0.9857594966888428,0.983005166053772,0.9706430435180664,0.9073523879051208,0.9474222660064697,0.7344773411750793,6.712800979614258,0.9835765361785889,0.9891543984413147
27,0.0866197943687439,0.7333333492279053,0.5087190866470337,0.41648069024086,0.5588892698287964,0.9871323704719543,0.9142078757286072,0.49824950098991394,0.5,0.5,0.9945611953735352,0.5,0.9458487033843994,0.5,0.4993551969528198,0.9997231364250183,0.5,0.49990779161453247,0.9974198341369629,0.4972340166568756,0.5,0.5,0.9998157024383545,0.971959114074707,0.7443401217460632,0.5,0.9908170700073242,0.9766799807548523,0.9895455241203308,0.9571807384490967,0.9876237511634827,0.7801746726036072,0.9593642950057983,0.9508522748947144,0.5,0.9830101728439331,0.8127690553665161,0.5,0.986067533493042,0.9196776151657104,0.5,0.9608118534088135,0.9716014862060547,0.8051730394363403,0.9721808433532715,0.9838380217552185,0.9845925569534302,0.9685295224189758,0.9270039200782776,0.9474762678146362,0.7258041501045227,6.631636142730713,0.9754864573478699,0.9871323704719543
28,0.07183452695608139,0.7279266119003296,0.5089384317398071,0.4352770745754242,0.556418240070343,0.9898896813392639,0.9046640396118164,0.4982481896877289,0.5,0.5,0.9946464896202087,0.5,0.9935460090637207,0.5,0.4984320104122162,1.0,0.5,0.49990764260292053,0.997787594795227,0.49824756383895874,0.5,0.5,0.9999077916145325,0.9686920642852783,0.7501381635665894,0.5,0.9910095930099487,0.9774500131607056,0.9941904544830322,0.9587216973304749,0.9883787631988525,0.747717022895813,0.961142897605896,0.9515300989151001,0.5,0.9836896657943726,0.8264814615249634,0.5,0.9856984615325928,0.9152323007583618,0.5,0.9582167863845825,0.9709118008613586,0.8145191669464111,0.975204348564148,0.9860646724700928,0.9845350980758667,0.9693251848220825,0.9218953847885132,0.9500651359558105,0.7309354543685913,6.601544618606567,0.987602174282074,0.9898896813392639
29,0.08169738203287125,0.7270539402961731,0.5102121829986572,0.43974071741104126,0.5663483142852783,0.9882352948188782,0.9098089337348938,0.5254723429679871,0.5,0.5,0.9943674802780151,0.5,0.9715964794158936,0.5,0.49852561950683594,1.0,0.5,0.49944546818733215,0.997787594795227,0.4974207878112793,0.5,0.5,0.9999076724052429,0.9713016152381897,0.7501840591430664,0.5,0.9790166616439819,0.9761316180229187,0.9912786483764648,0.9621226787567139,0.9908074140548706,0.8856227397918701,0.9656481742858887,0.9544505476951599,0.5,0.9834809899330139,0.8065880537033081,0.5,0.988365650177002,0.9209405779838562,0.5,0.9601422548294067,0.9746835231781006,0.8113977909088135,0.9741923809051514,0.986900806427002,0.9851300716400146,0.9735474586486816,0.9309576749801636,0.9540133476257324,0.7449329495429993,6.71762490272522,0.9855809807777405,0.9882352948188782
30,0.07401563972234726,0.7288346290588379,0.5085254311561584,0.4195310175418854,0.5641967058181763,0.9891543984413147,0.9124829173088074,0.9266313314437866,0.5,0.5,0.9950175285339355,0.5,0.9916836023330688,0.5,0.4991702139377594,0.9999077320098877,0.5,0.5,0.9977864027023315,0.4976958632469177,0.5,0.5,0.9997232556343079,0.9718062877655029,0.7535898685455322,0.5,0.9914730191230774,0.9720479249954224,0.9895397424697876,0.9657430648803711,0.9886817932128906,0.7868293523788452,0.9655959010124207,0.9586108326911926,0.5,0.9847842454910278,0.7525269985198975,0.5,0.9858934283256531,0.9227281212806702,0.5,0.9609769582748413,0.9739195108413696,0.8070566654205322,0.9749443531036377,0.9866344928741455,0.9847668409347534,0.9741875529289246,0.9428943395614624,0.9547985792160034,0.7365808486938477,6.603565216064453,0.9837503433227539,0.9891543984413147

31,0.06772494316101074,0.7294661998748779,0.5098085999488831,0.4206381142139435,0.5615450739860535,0.9891543984413147,0.9136371612548828,0.6983425617218018,0.5,0.5,0.9940959215164185,0.5,0.9933604001998901,0.5,0.49935460090637207,1.0,0.5,0.5,0.997413158416748,0.49769628047943115,0.5,0.5,0.9999078512191772,0.9712250232696533,0.7460376024246216,0.5,0.9937195777893066,0.9751752614974976,0.99217289686203,0.967836856842041,0.988440990447998,0.8750933408737183,0.9659242630004883,0.9553115367889404,0.5024630427360535,0.9831979274749756,0.6845818758010864,0.5,0.9870967864990234,0.9212474822998047,0.5,0.9612076878547668,0.972496747970581,0.8145011067390442,0.9721397161483765,0.9852148294448853,0.9839577078819275,0.970801591873169,0.9422325491905212,0.9501299858093262,0.7330738306045532,6.671363830566406,0.9821897149085999,0.9891543984413147
32,0.07173410803079605,0.7248716354370117,0.510429859161377,0.4179266393184662,0.562939465045929,0.9886029362678528,0.9090886116027832,0.5852950811386108,0.5,0.5,0.9939215183258057,0.5,0.9930747747421265,0.5,0.7330560684204102,1.0,0.5,0.4999077618122101,0.9978798031806946,0.4968617260456085,0.5,0.5,0.9997233152389526,0.9736355543136597,0.7484803795814514,0.5,0.9926925301551819,0.975146472454071,0.9934523105621338,0.9611237049102783,0.9912530779838562,0.7833028435707092,0.9620505571365356,0.9518716335296631,0.5,0.9843202233314514,0.7166550159454346,0.5,0.986264705657959,0.9195009469985962,0.5,0.958987295627594,0.9736155271530151,0.8134051561355591,0.9775897264480591,0.9853980541229248,0.9838169813156128,0.9714497327804565,0.9424688220024109,0.9570022225379944,0.7308983206748962,6.6836347579956055,0.9816348552703857,0.9886029362678528
33,0.06977205723524094,0.7313988208770752,0.509946346282959,0.41859543323516846,0.5617421269416809,0.9887867569923401,0.9091227650642395,0.4984320104122162,0.5,0.5,0.9944629073143005,0.5,0.994281530380249,0.5,0.49852561950683594,1.0,0.5,0.499538391828537,0.9982462525367737,0.497787207365036,0.5,0.5,0.9999077916145325,0.9748799800872803,0.7516099214553833,0.5,0.987105131149292,0.9709800481796265,0.978787899017334,0.9620205163955688,0.9900914430618286,0.7563451528549194,0.9641839265823364,0.9542508721351624,0.5,0.9857169389724731,0.7268458008766174,0.5,0.9885735511779785,0.9199703931808472,0.5,0.9590671062469482,0.9768069982528687,0.8102678656578064,0.9771503210067749,0.9851384162902832,0.9853132963180542,0.9725417494773865,0.9456400871276855,0.9580237865447998,0.7296208739280701,6.75269079208374,0.9843710660934448,0.9887867569923401
34,0.06645029783248901,0.7218438386917114,0.5103011131286621,0.41927647590637207,0.5677922368049622,0.989338219165802,0.9156143665313721,0.6021356582641602,0.5,0.5,0.9934501647949219,0.5,0.9968652129173279,0.5,0.5,0.9995383024215698,0.5,0.5,0.998062014579773,0.4969557225704193,0.5,0.5,0.9999077320098877,0.9699721932411194,0.7529455423355103,0.5,0.989895224571228,0.974103569984436,0.9956299066543579,0.9615530967712402,0.9932470917701721,0.9578785300254822,0.9690780639648438,0.9531667232513428,0.499904990196228,0.9841328859329224,0.7000378966331482,0.5,0.9882928133010864,0.9162652492523193,0.5,0.954147219657898,0.9720208644866943,0.8134869337081909,0.9762657880783081,0.9857594966888428,0.9838590025901794,0.972867488861084,0.9427325129508972,0.959929347038269,0.7299736738204956,6.661395788192749,0.9835033416748047,0.989338219165802
35,0.05579449236392975,0.722865641117096,0.5101603269577026,0.41812050342559814,0.5625537633895874,0.9909926652908325,0.9149516820907593,0.8074016571044922,0.5,0.5,0.9948368072509766,0.5,0.9934489727020264,0.5,0.6109266877174377,1.0,0.5,0.5,0.9979720115661621,0.4960332214832306,0.5,0.5,1.0,0.9756075143814087,0.7592592239379883,0.5,0.9894471168518066,0.972333550453186,0.9954294562339783,0.9634746313095093,0.9922665357589722,0.8952118754386902,0.9717179536819458,0.9561469554901123,0.5,0.9829335808753967,0.6467821002006531,0.5,0.9854028224945068,0.9234400987625122,0.5,0.9615456461906433,0.9718860387802124,0.8169825077056885,0.9753201007843018,0.9865366816520691,0.9853817224502563,0.9719226360321045,0.9453734755516052,0.9539865851402283,0.7345666885375977,6.649280309677124,0.9883905053138733,0.9909926652908325
36,0.06321598589420319,0.7271902561187744,0.5118178725242615,0.42416903376579285,0.5585252642631531,0.989338219165802,0.9193335175514221,0.7625852823257446,0.5,0.5,0.9938077926635742,0.5,0.992529034614563,0.5,0.7700024843215942,1.0,0.5,0.4999077618122101,0.9976962804794312,0.49557358026504517,0.5,0.5,1.0,0.9711395502090454,0.7551095485687256,0.5,0.9909447431564331,0.9746246337890625,0.998483419418335,0.9606688022613525,0.9916824102401733,0.8119039535522461,0.9705603122711182,0.9525346755981445,0.5,0.9831149578094482,0.8759085536003113,0.5,0.9869806170463562,0.9180859327316284,0.499630868434906,0.9578189253807068,0.9708674550056458,0.8091517686843872,0.9770914316177368,0.9854007959365845,0.9851051568984985,0.9755029678344727,0.9436593651771545,0.9620394706726074,0.7288317084312439,6.829899549484253,0.9825319051742554,0.989338219165802
37,0.0572282113134861,0.7355563044548035,0.5128225684165955,0.41731739044189453,0.5577484369277954,0.9904412031173706,0.9208939075469971,0.7341877222061157,0.5,0.5,0.9931721687316895,0.5,0.9942825436592102,0.5,0.962224006652832,0.9999077320098877,0.5,0.4998154640197754,0.9978793859481812,0.49667713046073914,0.5,0.5,1.0,0.9694218039512634,0.7486172914505005,0.5,0.9914323091506958,0.9696577787399292,0.9978107810020447,0.9611715078353882,0.9916286468505859,0.9583567976951599,0.9669437408447266,0.9588090181350708,0.5,0.9844989776611328,0.7553644180297852,0.5,0.9859907627105713,0.9241104125976562,0.5767383575439453,0.9567370414733887,0.9726715087890625,0.8120244741439819,0.9768415093421936,0.9861189126968384,0.9841196537017822,0.973176121711731,0.9490766525268555,0.9549508094787598,0.726966917514801,6.78890061378479,0.9858386516571045,0.9904412031173706
38,0.05321154370903969,0.7238597273826599,0.5106685757637024,0.40885859727859497,0.5636723637580872,0.9911764860153198,0.9150435924530029,0.49806487560272217,0.5,0.5,0.9941914081573486,0.5,0.9947397708892822,0.5,0.5454545617103577,1.0,0.5,0.5,0.9959372282028198,0.4964912235736847,0.5,0.5,0.9999077320098877,0.9732506275177002,0.7603458166122437,0.5,0.9908411502838135,0.9745423197746277,0.9910789728164673,0.9638988971710205,0.992304801940918,0.8717837333679199,0.9691075086593628,0.9642585515975952,0.5,0.9838650226593018,0.6176905632019043,0.5,0.9858829975128174,0.9292723536491394,0.49990779161453247,0.9600074887275696,0.9750232696533203,0.8176065683364868,0.9762434959411621,0.9854991436004639,0.9847356677055359,0.9728401899337769,0.9519821405410767,0.9539363384246826,0.7291074991226196,6.79457950592041,0.985322117805481,0.9911764860153198
39,0.047871630638837814,0.7234904766082764,0.5148640275001526,0.41568997502326965,0.5673868060112,0.9911764860153198,0.9172857999801636,0.629826545715332,0.5,0.5,0.9950221180915833,0.5,0.9954746961593628,0.5,0.7915743589401245,1.0,0.5,0.5,0.9974179267883301,0.49631065130233765,0.5,0.5,1.0,0.9732605218887329,0.761922299861908,0.5,0.9924924969673157,0.9700968265533447,0.9726426601409912,0.9606037735939026,0.9910765290260315,0.9298861622810364,0.9704040884971619,0.9581276178359985,0.5,0.9819254875183105,0.7130470871925354,0.5,0.9876315593719482,0.9216376543045044,0.8739837408065796,0.9601530432701111,0.9712430238723755,0.8168399333953857,0.9750558137893677,0.9848737716674805,0.9861472845077515,0.9726933836936951,0.9522968530654907,0.9604456424713135,0.7378224730491638,6.695523500442505,0.9844042658805847,0.9911764860153198
40,0.04879782721400261,0.7326238751411438,0.514018714427948,0.42428362369537354,0.5635491609573364,0.9913603067398071,0.9168155789375305,0.5219641923904419,0.5,0.5,0.994927167892456,0.5,0.9969534873962402,0.5,0.6817258596420288,0.9999077320098877,0.5,0.4999077022075653,0.9971423149108887,0.4977867901325226,0.5,0.5,0.9999077320098877,0.9737671613693237,0.7527624368667603,0.5,0.9896907210350037,0.9750950336456299,0.9963067770004272,0.9619916677474976,0.9927839040756226,0.889927864074707,0.9700587391853333,0.9571536779403687,0.5,0.985153079032898,0.7203081846237183,0.5,0.9882049560546875,0.9293518662452698,0.721207857131958,0.9584814310073853,0.9736939668655396,0.8145806193351746,0.9748188257217407,0.9855207204818726,0.9856610894203186,0.9742421507835388,0.952080249786377,0.9596353769302368,0.7329993844032288,6.688889980316162,0.9865055084228516,0.9913603067398071

41,0.05393773317337036,0.7260919809341431,0.5124228596687317,0.41472914814949036,0.5679012537002563,0.9900735020637512,0.9142355918884277,0.8053835034370422,0.5,0.5,0.9924354553222656,0.5,0.9967736005783081,0.5,0.7271804213523865,0.9999078512191772,0.5,0.5,0.9978805780410767,0.495755672454834,0.5,0.5,1.0,0.9716371297836304,0.7596827745437622,0.5,0.9924454689025879,0.9725545644760132,0.9799023866653442,0.9664320945739746,0.9934185743331909,0.9241180419921875,0.9718844890594482,0.9618546962738037,0.5,0.9832041263580322,0.6818349957466125,0.5,0.9846721887588501,0.9316287040710449,0.5,0.9580765962600708,0.9732937812805176,0.8161368370056152,0.9758409261703491,0.9858235120773315,0.9835715293884277,0.9736695289611816,0.95493483543396,0.9563602209091187,0.7264575958251953,6.659581899642944,0.9860849380493164,0.9900735020637512
42,0.049696389585733414,0.7253254055976868,0.5120100975036621,0.4200785160064697,0.56300288438797,0.9900735020637512,0.9154882431030273,0.7168141603469849,0.5,0.5,0.9946514368057251,0.5,0.9966826438903809,0.5,0.65625,0.9999077320098877,0.5,0.4999076724052429,0.9971381425857544,0.5419477224349976,0.5,0.5,0.9999077320098877,0.9728230834007263,0.7557539939880371,0.5,0.9868594408035278,0.9711136817932129,0.9940969944000244,0.9638108015060425,0.9945641756057739,0.8586750030517578,0.971314549446106,0.9604761600494385,0.5,0.984868049621582,0.7175761461257935,0.5,0.9841445684432983,0.9328206181526184,0.5526315569877625,0.9612367153167725,0.9740947484970093,0.8204199075698853,0.9785395860671997,0.9865366816520691,0.9846682548522949,0.9725938439369202,0.9544692635536194,0.9610462188720703,0.7300912141799927,6.63826322555542,0.9844709038734436,0.9900735020637512
43,0.04982882738113403,0.7271746397018433,0.5133638978004456,0.42690470814704895,0.5692175626754761,0.9895220398902893,0.9085884094238281,0.6785225868225098,0.5,0.5,0.9931671619415283,0.5,0.9984328746795654,0.5,1.0,0.9999077320098877,0.5,0.5,0.9977904558181763,0.4964976906776428,0.5,0.5,1.0,0.9729779958724976,0.7575114965438843,0.5,0.9886831045150757,0.9766114950180054,0.9696584939956665,0.9641498327255249,0.9935459494590759,0.7001802325248718,0.9731855392456055,0.9602240324020386,0.5,0.9838501214981079,0.7067313194274902,0.5,0.9863594770431519,0.9326602220535278,0.6249077320098877,0.9606710076332092,0.9730305671691895,0.8205723762512207,0.9748001098632812,0.9864034652709961,0.9851927757263184,0.9729453325271606,0.9537243843078613,0.9609593152999878,0.7367151975631714,6.667773008346558,0.9878465533256531,0.9895220398902893
44,0.047945812344551086,0.7298547029495239,0.5125178098678589,0.4183562099933624,0.5624252557754517,0.9909926652908325,0.9127159118652344,0.8839641809463501,0.5,0.5,0.994378924369812,0.5,0.9952899813652039,0.5,0.9999077320098877,0.9998153448104858,0.5,0.4999077618122101,0.9978770613670349,0.49668020009994507,0.5,0.5,0.9999077320098877,0.9724643230438232,0.7581952214241028,0.5,0.9863065481185913,0.9724962115287781,0.9404150247573853,0.9622247219085693,0.9936214685440063,0.6904286742210388,0.9724118709564209,0.9609464406967163,0.5,0.9844067096710205,0.6156619787216187,0.5,0.9870872497558594,0.9333826899528503,0.5998154878616333,0.9601720571517944,0.9742708206176758,0.8218593597412109,0.9793680310249329,0.9844766855239868,0.9861498475074768,0.9762567281723022,0.9545539021492004,0.9610317349433899,0.7355901598930359,6.875883340835571,0.9863333702087402,0.9909926652908325
45,0.05218115448951721,0.7304506301879883,0.513592541217804,0.4280838072299957,0.5600444078445435,0.9891543984413147,0.9184550046920776,0.6160796880722046,0.5,0.5,0.9954822063446045,0.5,0.9960287809371948,0.5,0.9993528127670288,1.0,0.5,0.4990758001804352,0.9956657886505127,0.6307365894317627,0.5,0.5,0.9998156428337097,0.9725254774093628,0.750184178352356,0.5,0.9916946887969971,0.9695753455162048,0.9949791431427002,0.9598859548568726,0.9935275316238403,0.8342610597610474,0.9724604487419128,0.953612208366394,0.5,0.9816555976867676,0.7706534266471863,0.5,0.9880908727645874,0.9334819912910461,0.8065841197967529,0.9587773084640503,0.9716035723686218,0.8268337845802307,0.9768285751342773,0.985817551612854,0.9873723387718201,0.973762571811676,0.9508364200592041,0.9611090421676636,0.721389889717102,6.689560651779175,0.9835882186889648,0.9891543984413147
46,0.03702772781252861,0.727981448173523,0.512337863445282,0.4182344675064087,0.5663694143295288,0.9931985139846802,0.9206160306930542,0.8380609750747681,0.5,0.5,0.9937245845794678,0.5,0.9962190985679626,0.5,0.9994468092918396,0.9999077320098877,0.5,0.4999077618122101,0.9966802000999451,0.6297388672828674,0.5,0.5,0.9999077320098877,0.9711431860923767,0.7528069019317627,0.5,0.9926043748855591,0.9757077693939209,0.9977173209190369,0.9648154973983765,0.9951686263084412,0.8743307590484619,0.9760774374008179,0.9529768824577332,0.5,0.9824787974357605,0.6172176003456116,0.5,0.9906826615333557,0.9394108057022095,0.6473168134689331,0.9630841016769409,0.9730232954025269,0.8260869979858398,0.9748281240463257,0.9862453937530518,0.986531674861908,0.9719070196151733,0.9494601488113403,0.959286093711853,0.7364288568496704,6.664255857467651,0.9910474419593811,0.9931985139846802

47,0.03518042713403702,0.726966142654419,0.5121932029724121,0.41269442439079285,0.5622115731239319,0.9937499761581421,0.9186495542526245,0.611052393913269,0.5,0.5,0.9952126741409302,0.5,0.9974207878112793,0.5,0.800000011920929,1.0,0.5,0.4999077618122101,0.9974198341369629,0.6002892851829529,0.5,0.5,1.0,0.9708603024482727,0.7529920935630798,0.5,0.9941198825836182,0.9765490889549255,0.9988608360290527,0.9667809009552002,0.9955331683158875,0.7856596112251282,0.9733587503433228,0.9590787887573242,0.5,0.9833886623382568,0.7180516719818115,0.5,0.9875460863113403,0.9359164237976074,0.9031996726989746,0.9599440097808838,0.9728949069976807,0.828810453414917,0.9760356545448303,0.9879450798034668,0.986443817615509,0.972258448600769,0.9467037916183472,0.9625301361083984,0.7339887619018555,6.703598737716675,0.9910745024681091,0.9937499761581421
48,0.03938426822423935,0.7262002825737,0.5115342140197754,0.41482970118522644,0.5592014789581299,0.9931985139846802,0.9185918569564819,0.7206545472145081,0.5,0.5,0.9939136505126953,0.5,0.9965841770172119,0.5,0.9047619104385376,0.9999077916145325,0.5,0.5,0.9964931607246399,0.5579830408096313,0.5,0.5,0.9999077916145325,0.9701312780380249,0.7548315525054932,0.5,0.9927279949188232,0.9765298366546631,0.997723400592804,0.9672896862030029,0.994976282119751,0.8254603743553162,0.97374427318573,0.9582780599594116,0.5,0.9854109287261963,0.5511144399642944,0.5,0.9896621704101562,0.9364006519317627,0.8228840231895447,0.9626447558403015,0.9749860763549805,0.8441510200500488,0.9761462807655334,0.9853980541229248,0.9843053817749023,0.974916398525238,0.9519338011741638,0.9611876010894775,0.7305986881256104,6.669686555862427,0.9871939420700073,0.9931985139846802
49,0.037186335772275925,0.7216785550117493,0.511557936668396,0.4087194502353668,0.5635867714881897,0.9930146932601929,0.9169502258300781,0.5978801846504211,0.5,0.5,0.9940991997718811,0.5,0.996494472026825,0.5,0.5474345088005066,1.0,0.5,0.4999077618122101,0.99639892578125,0.5827106237411499,0.5,0.5,0.9998154640197754,0.9694501161575317,0.7587985992431641,0.5,0.9868690967559814,0.9653147459030151,0.9991454482078552,0.9606945514678955,0.9962042570114136,0.8700058460235596,0.9732890129089355,0.9617877006530762,0.5,0.9846665859222412,0.8795067071914673,0.5,0.9908705353736877,0.9446402192115784,0.764613687992096,0.9606982469558716,0.9740898609161377,0.8462897539138794,0.9740610122680664,0.984188973903656,0.9848793745040894,0.9733617901802063,0.9523809552192688,0.9569493532180786,0.7300567030906677,6.585695266723633,0.9890557527542114,0.9930146932601929
50,0.04136380925774574,0.7277178764343262,0.5132350325584412,0.4037897288799286,0.5617948770523071,0.9904412031173706,0.9186153411865234,0.7977859973907471,0.5,0.5,0.9945551753044128,0.5,0.9943674802780151,0.5,0.6948214769363403,0.9999076128005981,0.5,0.5,0.9973222613334656,0.5263691544532776,0.5,0.5,1.0,0.9718414545059204,0.7576483488082886,0.5,0.9923493266105652,0.9771780371665955,0.9851949214935303,0.9627447128295898,0.9941771626472473,0.760917603969574,0.9708913564682007,0.9568571448326111,0.5,0.9836926460266113,0.8445370197296143,0.5,0.9899464845657349,0.9359496831893921,0.96875,0.9617893695831299,0.973425030708313,0.8588268160820007,0.9787788391113281,0.9849526286125183,0.9853078126907349,0.9734052419662476,0.9594243168830872,0.9683908224105835,0.7214951515197754,6.444856405258179,0.9881886839866638,0.9904412031173706

51,0.04810572415590286,0.7306993007659912,0.512729287147522,0.4149310886859894,0.5628101825714111,0.9898896813392639,0.9222576022148132,0.6773735284805298,0.5,0.5,0.9941796064376831,0.5,0.9953857660293579,0.5,0.5555555820465088,0.8636363744735718,0.5,0.4998154938220978,0.9983391761779785,0.5307527184486389,0.5,0.5,0.9998157024383545,0.9715793132781982,0.7575032114982605,0.5,0.9894431829452515,0.9726481437683105,0.9994264841079712,0.9653398990631104,0.9949514269828796,0.8437607288360596,0.971615731716156,0.9626266360282898,0.5,0.9846281409263611,0.780064046382904,0.5,0.991794228553772,0.9359733462333679,0.9993537664413452,0.9591359496116638,0.9730333089828491,0.8658242225646973,0.9754555225372314,0.9885730147361755,0.9842036962509155,0.9731312990188599,0.9578536748886108,0.9625951051712036,0.7255029678344727,6.533037185668945,0.9862272143363953,0.9898896813392639
52,0.035113271325826645,0.7310299277305603,0.5136975646018982,0.4272499084472656,0.5615331530570984,0.9933823347091675,0.9182668924331665,0.9388715028762817,0.5,0.5,0.9945572018623352,0.5,0.9959387183189392,0.5,0.8124076724052429,0.9998155832290649,0.5,0.5,0.9966777563095093,0.801209568977356,0.5,0.5,0.9999076724052429,0.9733283519744873,0.7591126561164856,0.5,0.9874043464660645,0.977177619934082,0.988095223903656,0.9693741798400879,0.9940794706344604,0.6425548195838928,0.9769392013549805,0.9671913385391235,0.5,0.9844211339950562,0.8344229459762573,0.5,0.9910582304000854,0.9381347894668579,0.9997234344482422,0.9642657041549683,0.9732540845870972,0.8479151129722595,0.977505087852478,0.9858840703964233,0.9834418296813965,0.9743303656578064,0.9581089019775391,0.9635280966758728,0.7269231081008911,6.542394399642944,0.9908635020256042,0.9933823347091675
53,0.031215738505125046,0.7250867486000061,0.513062059879303,0.4168986678123474,0.5618006587028503,0.9928308725357056,0.9191902875900269,0.9144558906555176,0.5,0.5,0.9936382174491882,0.5,0.9973272085189819,0.5,0.7631579041481018,0.9998151659965515,0.5,0.5,0.9977827072143555,0.6535767316818237,0.5,0.5,0.9999077320098877,0.9701796770095825,0.7587509155273438,0.5,0.9929853677749634,0.975152313709259,0.9909345507621765,0.9629946947097778,0.993808388710022,0.7860705852508545,0.9766010046005249,0.9676040410995483,0.5,0.9842308759689331,0.7684259414672852,0.5,0.9924368262290955,0.937465250492096,0.6470588445663452,0.9612439274787903,0.9688429832458496,0.8547247052192688,0.9773532152175903,0.9880930185317993,0.9846483469009399,0.9701894521713257,0.9568177461624146,0.9598736763000488,0.7302218079566956,6.692616939544678,0.9885557889938354,0.9928308725357056
54,0.03136749565601349,0.7257105112075806,0.5125118494033813,0.4074820578098297,0.5634055137634277,0.9930146932601929,0.9195088148117065,0.5750804543495178,0.5,0.5,0.9941892623901367,0.5,0.9976933002471924,0.5,0.8999078273773193,1.0,0.5,0.5,0.9956625699996948,0.4975110590457916,0.5,0.5,1.0,0.9747081995010376,0.760961651802063,0.5,0.9906734228134155,0.9712326526641846,0.9998095035552979,0.965818464756012,0.995914101600647,0.7928081750869751,0.9738599061965942,0.966513991355896,0.5,0.9854351282119751,0.8214839696884155,0.5,0.9913300275802612,0.9409966468811035,0.7938410639762878,0.9605386257171631,0.9744803309440613,0.8660300374031067,0.9795576930046082,0.9873558878898621,0.9864463806152344,0.9754083156585693,0.9594318866729736,0.9637411832809448,0.7293155193328857,6.619481325149536,0.9886859655380249,0.9930146932601929
55,0.03537097945809364,0.7210760712623596,0.5114660859107971,0.4272788166999817,0.562639057636261,0.9930146932601929,0.9231083393096924,0.786706805229187,0.5,0.5,0.994934618473053,0.5,0.9964015483856201,0.5,0.8408167958259583,0.9999077320098877,0.5,0.5,0.9968622922897339,0.8648239374160767,0.5,0.5,1.0,0.9727575778961182,0.7740154266357422,0.5,0.9897350072860718,0.9793775081634521,0.999904990196228,0.9685540199279785,0.99590003490448,0.8750902414321899,0.976321816444397,0.9689099788665771,0.5,0.985487163066864,0.714326024055481,0.5,0.9882906079292297,0.9404805898666382,0.8333333730697632,0.9651031494140625,0.9741779565811157,0.882703423500061,0.9780067205429077,0.9882123470306396,0.9856054782867432,0.9739090204238892,0.964544951915741,0.9623185396194458,0.7303786873817444,6.5693440437316895,0.989441454410553,0.9930146932601929
56,0.032209258526563644,0.727695643901825,0.5139130353927612,0.4226129949092865,0.5602709054946899,0.9930146932601929,0.9230847954750061,0.6489871144294739,0.5,0.5,0.9947426319122314,0.5,0.9955703020095825,0.5,0.7140089273452759,0.9999076128005981,0.5,0.49944618344306946,0.9978762865066528,0.6635313034057617,0.5,0.5,1.0,0.9731630682945251,0.7634973526000977,0.5,0.9903863668441772,0.9616450071334839,0.998670220375061,0.9701974391937256,0.995713472366333,0.9124516248703003,0.9736039638519287,0.967144250869751,0.5,0.9836625456809998,0.5996596813201904,0.5,0.9889339804649353,0.9441774487495422,0.8857176303863525,0.9621013402938843,0.9729704856872559,0.8896936178207397,0.9781314134597778,0.9855099320411682,0.9851245880126953,0.9739389419555664,0.960624098777771,0.9620394706726074,0.7224657535552979,6.655911445617676,0.9897467494010925,0.9930146932601929
57,0.032135095447301865,0.7263681888580322,0.5118651986122131,0.4218991994857788,0.5616916418075562,0.9928308725357056,0.9185789823532104,0.6926001310348511,0.5,0.5,0.9938191771507263,0.5,0.9965810775756836,0.5,0.975267767906189,1.0,0.5,0.4999077022075653,0.9981556534767151,0.9002677798271179,0.5,0.5,0.9999077320098877,0.9732506275177002,0.7620626091957092,0.5,0.9911215305328369,0.967108964920044,0.9942553043365479,0.9712632894515991,0.9969581365585327,0.7914179563522339,0.9774022102355957,0.9693838953971863,0.5,0.9859778881072998,0.7450998425483704,0.5,0.9898542761802673,0.9452676773071289,0.9998155832290649,0.9657688140869141,0.9739776849746704,0.8867398500442505,0.9781116247177124,0.987909197807312,0.9848737716674805,0.9732192754745483,0.9633965492248535,0.9611254930496216,0.7328187227249146,6.576563596725464,0.9856053590774536,0.9928308725357056
58,0.03985898196697235,0.7266942262649536,0.515036404132843,0.42752739787101746,0.5608748197555542,0.9913603067398071,0.923552930355072,0.7479727268218994,0.5,0.5,0.9944700598716736,0.5,0.9955728054046631,0.5,0.7890125513076782,1.0,0.5,0.5,0.9963099956512451,0.9947299957275391,0.5,0.5,1.0,0.9728804230690002,0.7652966976165771,0.5,0.9858023524284363,0.9716514348983765,0.9825621843338013,0.9714557528495789,0.9961998462677002,0.8519067764282227,0.9778072834014893,0.9684778451919556,0.5,0.9825356006622314,0.7784062623977661,0.5,0.9922409057617188,0.9434363842010498,0.9700350761413574,0.9640179872512817,0.9722015857696533,0.9100465178489685,0.9785116314888,0.9861575365066528,0.9860439300537109,0.973943829536438,0.9611461162567139,0.9613809585571289,0.7160788774490356,6.7010838985443115,0.9890002608299255,0.9913603067398071
59,0.033383067697286606,0.7234077453613281,0.5113222599029541,0.4236833453178406,0.565622866153717,0.9933823347091675,0.9247456789016724,0.8214088678359985,0.5,0.5,0.9944700598716736,0.5,0.9947407245635986,0.5,0.9991697072982788,1.0,0.5,0.6393536329269409,0.995292603969574,0.9953882694244385,0.5,0.5,0.9999077320098877,0.9734013080596924,0.7634002566337585,0.5,0.9898073673248291,0.9669649600982666,0.982955813407898,0.9679037928581238,0.9971520900726318,0.883982241153717,0.9743760824203491,0.9702346920967102,0.5,0.9849492311477661,0.7083108425140381,0.5,0.9904946088790894,0.9423254728317261,0.9990774989128113,0.9637924432754517,0.9742612838745117,0.8960497379302979,0.9811513423919678,0.9889404773712158,0.986903190612793,0.9751114845275879,0.9629836082458496,0.963573694229126,0.7192031145095825,6.8812096118927,0.9882973432540894,0.9933823347091675
60,0.03905419260263443,0.7232688665390015,0.5119537711143494,0.41556110978126526,0.5619983077049255,0.9915441274642944,0.9178565144538879,0.9453392624855042,0.5,0.5,0.9947426319122314,0.5,0.9937223196029663,0.5,0.6560656428337097,1.0,0.5,0.6033357977867126,0.9961261749267578,0.9404791593551636,0.5,0.5,0.9998154640197754,0.9722427725791931,0.7692945003509521,0.5,0.981796145439148,0.9611225724220276,0.9648878574371338,0.9696767926216125,0.9958182573318481,0.8192729353904724,0.9752720594406128,0.9734143614768982,0.5,0.9830383062362671,0.6207991242408752,0.5,0.9926076531410217,0.9447943568229675,0.9248155355453491,0.9646521210670471,0.9755621552467346,0.9002612829208374,0.978685736656189,0.9865366816520691,0.9866902828216553,0.9731811285018921,0.9635435938835144,0.9647691249847412,0.7133884429931641,6.660506010055542,0.9846137166023254,0.9915441274642944

61,0.0303086806088686,0.7246100306510925,0.5124921202659607,0.42666757106781006,0.5620707273483276,0.9931985139846802,0.9274795055389404,0.9983385801315308,0.5,0.5,0.9952046871185303,0.5,0.9950101375579834,0.4999076724052429,0.7368420958518982,0.8806755542755127,0.5,0.5,0.9967700242996216,0.8298310041427612,0.5,0.5,0.9999078512191772,0.9720680713653564,0.7665498852729797,0.5,0.9828426837921143,0.9711026549339294,0.9762519001960754,0.9752136468887329,0.9955348968505859,0.9456123113632202,0.9742640256881714,0.9688931703567505,0.5,0.9850471019744873,0.8328475952148438,0.5,0.991511344909668,0.9479243755340576,0.8333333730697632,0.9615097045898438,0.9754098653793335,0.9103782176971436,0.9796581864356995,0.9895156621932983,0.9869863986968994,0.9749070405960083,0.9685990214347839,0.967286229133606,0.71416175365448,7.557537078857422,0.9881709814071655,0.9931985139846802
62,0.024510128423571587,0.7329084873199463,0.5116242170333862,0.4165008068084717,0.5568493008613586,0.9943014979362488,0.9316026568412781,0.7835948467254639,0.5,0.5,0.994276225566864,0.5,0.9975124597549438,0.5,1.0,1.0,0.5,0.4988919794559479,0.9978793859481812,0.9967682361602783,0.5,0.5,1.0,0.9744681119918823,0.7697828412055969,0.5,0.9926209449768066,0.9732244610786438,0.9994289875030518,0.975445568561554,0.9963905811309814,0.9373583793640137,0.9764348268508911,0.9716210961341858,0.5,0.9868056774139404,0.9780997037887573,0.5,0.9927161931991577,0.9515471458435059,0.8600000143051147,0.964592695236206,0.9774079322814941,0.9156593084335327,0.9806799292564392,0.9868005514144897,0.9850773811340332,0.9750741720199585,0.9724438786506653,0.9678915739059448,0.7255477905273438,6.647355079650879,0.989568293094635,0.9943014979362488
63,0.030198389664292336,0.7279946804046631,0.5130558609962463,0.41105490922927856,0.5597348809242249,0.9948529601097107,0.9188055992126465,0.8924310207366943,0.5,0.5,0.9945511817932129,0.5,0.9981556534767151,0.4999076724052429,1.0,0.799907922744751,0.5,0.5680895447731018,0.9961247444152832,0.9970441460609436,0.5,0.5,0.9997230768203735,0.9728703498840332,0.768083930015564,0.5,0.9887211322784424,0.9700132608413696,0.937793493270874,0.9734941720962524,0.9966849684715271,0.7639312744140625,0.9769611358642578,0.9706161022186279,0.5,0.9846778512001038,0.6628149747848511,0.5,0.9910615682601929,0.94828861951828,0.9984273910522461,0.9647147059440613,0.9736010432243347,0.9205094575881958,0.978701651096344,0.9863484501838684,0.9867931604385376,0.9746835231781006,0.9685002565383911,0.9599069356918335,0.7263969779014587,6.727275609970093,0.9920323491096497,0.9948529601097107
64,0.02597520500421524,0.7206759452819824,0.5127982497215271,0.4242664575576782,0.5574605464935303,0.9944853186607361,0.9208810329437256,0.7811318635940552,0.5,0.5,0.9956634044647217,0.5,0.9971439242362976,0.5,1.0,0.9998154640197754,0.5,0.5554631948471069,0.997509241104126,0.9964873790740967,0.5,0.5,0.9999078512191772,0.9710613489151001,0.7603572010993958,0.5,0.9938433170318604,0.9790555834770203,0.999904990196228,0.9735838174819946,0.9960294961929321,0.7193571329116821,0.9748672246932983,0.9724019765853882,0.5,0.9856905341148376,0.7396193742752075,0.5,0.9904005527496338,0.9493811130523682,0.9987996220588684,0.9616174697875977,0.9761683940887451,0.9308006763458252,0.9783457517623901,0.9893400073051453,0.9871104955673218,0.9746471047401428,0.9693650007247925,0.9643188714981079,0.7276541590690613,6.671365261077881,0.9922863841056824,0.9944853186607361
65,0.023858362808823586,0.7368855476379395,0.5128894448280334,0.42537662386894226,0.5587831735610962,0.995036780834198,0.9267014265060425,0.7487099170684814,0.5,0.5,0.995755672454834,0.5,0.9978766441345215,0.5,0.8887968063354492,1.0,0.5,0.4999077618122101,0.9963052272796631,0.8979704976081848,0.5,0.5,0.9999078512191772,0.9705555438995361,0.7649658918380737,0.5,0.989797830581665,0.9790003895759583,0.997142493724823,0.9703357219696045,0.9962736368179321,0.849815845489502,0.9786931872367859,0.9705715179443359,0.5,0.9849824905395508,0.6446197032928467,0.5,0.9879173636436462,0.9529106616973877,0.9990777969360352,0.9629387855529785,0.9741875529289246,0.9335007667541504,0.9773911237716675,0.9861934781074524,0.9878026247024536,0.9759159088134766,0.9715296030044556,0.9670196771621704,0.7136449813842773,6.650126934051514,0.9924753904342651,0.995036780834198
66,0.027795573696494102,0.7346179485321045,0.5110689401626587,0.4206486940383911,0.5605515837669373,0.9933823347091675,0.9260430932044983,0.49871015548706055,0.5,0.5,0.9945511817932129,0.5,0.9980648756027222,0.5,0.6470588445663452,1.0,0.5,0.6041666865348816,0.9930824637413025,0.872599720954895,0.5,0.5,1.0,0.9711271524429321,0.7595870494842529,0.5,0.991870641708374,0.9765965938568115,0.9943516254425049,0.9752278327941895,0.9966685771942139,0.8671689629554749,0.9770137071609497,0.9743881225585938,0.5,0.9879084229469299,0.5925220251083374,0.5,0.9858882427215576,0.9558496475219727,0.9996305704116821,0.9642122983932495,0.9757164120674133,0.9422755241394043,0.9813196659088135,0.9880267381668091,0.9868054389953613,0.9746847152709961,0.9705225825309753,0.9687790274620056,0.7136551141738892,6.7664947509765625,0.9880582690238953,0.9933823347091675
67,0.0274928230792284,0.7263497114181519,0.5128205418586731,0.42372673749923706,0.5615358352661133,0.9935661554336548,0.9254317283630371,0.5224169492721558,0.5,0.5,0.994459867477417,0.5,0.9964081645011902,0.5,0.7142857313156128,1.0,0.5,0.5332411527633667,0.9930812120437622,0.996494472026825,0.5,0.5,0.9999076128005981,0.9689929485321045,0.7672619819641113,0.5,0.984588086605072,0.9759496450424194,0.9966793060302734,0.9687440395355225,0.9956299066543579,0.9509649872779846,0.977988600730896,0.9706830978393555,0.5,0.9870872497558594,0.5628073215484619,0.5,0.9875415563583374,0.9484068155288696,1.0,0.9637179374694824,0.9742085933685303,0.9333828091621399,0.9789502620697021,0.9893182516098022,0.987838864326477,0.9735764861106873,0.9684298634529114,0.9672801494598389,0.7169915437698364,6.821549654006958,0.9890351295471191,0.9935661554336548
68,0.026087701320648193,0.7260138392448425,0.5127615928649902,0.4213730990886688,0.5646352171897888,0.9943014979362488,0.9199320077896118,0.6136341094970703,0.5,0.5,0.9947397708892822,0.5,0.9964028596878052,0.49870824813842773,0.6999078392982483,0.8999999761581421,0.5,0.7499078512191772,0.9969618916511536,0.930752694606781,0.5,0.5,1.0,0.970528244972229,0.7629882097244263,0.5,0.9884960651397705,0.9765164852142334,0.9784946441650391,0.9738388657569885,0.9978173971176147,0.7568898797035217,0.977536678314209,0.9755403995513916,0.5,0.9867280721664429,0.7184609770774841,0.5,0.9905016422271729,0.9501200914382935,0.9999077916145325,0.9667165279388428,0.9751535654067993,0.938265860080719,0.9813405275344849,0.9896916747093201,0.986993670463562,0.9731312990188599,0.9703634977340698,0.9691863656044006,0.7134625315666199,6.723607778549194,0.9888947606086731,0.9943014979362488
69,0.023036004975438118,0.733959436416626,0.5130807161331177,0.40583518147468567,0.5644471049308777,0.9954044222831726,0.9251346588134766,0.608432412147522,0.5,0.5,0.9940025806427002,0.5,0.996129035949707,0.4988919794559479,0.9997234344482422,1.0,0.5,0.7847903966903687,0.9974145889282227,0.9964022040367126,0.5,0.5,0.9998152256011963,0.9732457399368286,0.7667096257209778,0.5,0.9882265329360962,0.9737390875816345,0.9998095035552979,0.9747207164764404,0.9965805411338806,0.8238377571105957,0.9767640233039856,0.9777798652648926,0.5,0.9854978322982788,0.8350733518600464,0.5,0.9893107414245605,0.9528790712356567,1.0,0.9647704362869263,0.9788758754730225,0.9501392841339111,0.9807549715042114,0.9884693622589111,0.985785961151123,0.9732292294502258,0.9704570770263672,0.9689469337463379,0.7257550358772278,6.600467920303345,0.9910563230514526,0.9954044222831726
70,0.02778524160385132,0.7311756610870361,0.5112234950065613,0.4178121089935303,0.5630002021789551,0.9943014979362488,0.919651985168457,0.4981590509414673,0.5,0.5,0.9936347007751465,0.5,0.995844841003418,0.5,0.9368537664413452,0.9374078512191772,0.5,0.6424880623817444,0.9968605637550354,0.9963072538375854,0.5,0.5,0.9999077320098877,0.971939206123352,0.7677585482597351,0.5,0.9873760938644409,0.97597336769104,1.0,0.9707108736038208,0.9965934753417969,0.7184086441993713,0.9774022102355957,0.97646164894104,0.5,0.9861546754837036,0.7490680813789368,0.5,0.9913268089294434,0.9565740823745728,0.9999077916145325,0.965103268623352,0.9780026078224182,0.945114016532898,0.9818283319473267,0.9879932999610901,0.9857780337333679,0.9776951670646667,0.971855878829956,0.9706483483314514,0.7240340113639832,6.5762622356414795,0.990048348903656,0.9943014979362488

71,0.01817726157605648,0.7283776998519897,0.5112990140914917,0.44997933506965637,0.5628963112831116,0.9957720637321472,0.928595244884491,0.5893402099609375,0.5,0.5,0.993639349937439,0.5,0.99704909324646,0.5,0.9230769276618958,1.0,0.5,0.84375,0.9971412420272827,0.9958487153053284,0.5,0.5,1.0,0.9677330255508423,0.7756811380386353,0.5,0.9881507754325867,0.9809606075286865,0.9967705011367798,0.9737645387649536,0.9963878393173218,0.8568904399871826,0.9817407727241516,0.9716037511825562,0.5,0.9871676564216614,0.9927791357040405,0.5,0.9913300275802612,0.9529891014099121,1.0,0.9647874236106873,0.9802607297897339,0.9525493383407593,0.9799666404724121,0.986873984336853,0.9845868349075317,0.9758678674697876,0.9726917743682861,0.9690347909927368,0.7234330177307129,6.611567974090576,0.9937514066696167,0.9957720637321472
72,0.02593383565545082,0.7309728860855103,0.5139306783676147,0.4217246472835541,0.5614064931869507,0.9937499761581421,0.9290804862976074,0.7786149978637695,0.5,0.5,0.9952108860015869,0.5,0.9977835416793823,0.49981531500816345,0.8181818127632141,1.0,0.5,0.5551872849464417,0.9987068176269531,0.9971396923065186,0.5,0.5,1.0,0.9681304693222046,0.7678768634796143,0.5,0.9889678359031677,0.9804331064224243,0.9775876998901367,0.9713958501815796,0.997815728187561,0.902342677116394,0.9788893461227417,0.9716945290565491,0.5,0.9849714040756226,0.7574999928474426,0.5,0.9929980039596558,0.9539570808410645,0.9996311664581299,0.9621198177337646,0.9780954122543335,0.9545539617538452,0.9782568216323853,0.9859050512313843,0.9854884147644043,0.9758755564689636,0.9718348979949951,0.9723767042160034,0.7120609283447266,6.783736705780029,0.9896082878112793,0.9937499761581421
73,0.025457294657826424,0.7249464988708496,0.5127373337745667,0.42226913571357727,0.5580379962921143,0.9943014979362488,0.931408166885376,0.6982472538948059,0.5,0.5,0.9946415424346924,0.5,0.9965848326683044,0.49990779161453247,0.6333333253860474,0.7499076724052429,0.5,0.6153846383094788,0.9363820552825928,0.9657079577445984,0.5,0.5,1.0,0.9724431037902832,0.7657632827758789,0.5,0.9938409924507141,0.9762404561042786,0.9945055246353149,0.973549485206604,0.997440755367279,0.9584948420524597,0.9763981103897095,0.9746473431587219,0.5,0.9842221736907959,0.67995285987854,0.5,0.9899316430091858,0.9567111730575562,0.9997234344482422,0.962980329990387,0.9752603769302368,0.9537003040313721,0.97761470079422,0.9887651205062866,0.9853513836860657,0.9745116233825684,0.9722015857696533,0.9716858863830566,0.7103208303451538,6.583078384399414,0.9881199598312378,0.9943014979362488
74,0.0211167149245739,0.7254788875579834,0.5130786299705505,0.4090987741947174,0.560287356376648,0.9941176176071167,0.9294331073760986,0.581394612789154,0.5,0.5,0.9951070547103882,0.5,0.9968640804290771,0.5,0.6455563902854919,0.8666666746139526,0.5,0.499907910823822,0.9959394931793213,0.9972314834594727,0.5,0.5,1.0,0.9666852355003357,0.7727356553077698,0.5,0.9916744232177734,0.9768369197845459,1.0,0.9699290990829468,0.9975290298461914,0.9465563297271729,0.9784680008888245,0.9698898196220398,0.5,0.9862545728683472,0.7447241544723511,0.5,0.9902268052101135,0.9536865949630737,1.0,0.9593435525894165,0.9758588671684265,0.9516818523406982,0.9798476696014404,0.9864488840103149,0.9860724210739136,0.974981427192688,0.9693440198898315,0.9719288349151611,0.7050654292106628,6.755251169204712,0.9894341826438904,0.9941176176071167
75,0.01644110307097435,0.7360813021659851,0.5107594728469849,0.42468661069869995,0.563183069229126,0.9965073466300964,0.9345802068710327,0.7630462646484375,0.5,0.5,0.9943758249282837,0.5,0.9972304105758667,0.49907732009887695,0.9998155236244202,0.8999999761581421,0.5,0.9996311664581299,0.9941838979721069,0.9968622922897339,0.5,0.5,1.0,0.9714761972427368,0.7684588432312012,0.5,0.9939241409301758,0.9787821173667908,0.9739609956741333,0.9735143184661865,0.9982863664627075,0.9602770805358887,0.9820849895477295,0.9704326391220093,0.5,0.9871605634689331,0.7517595291137695,0.5,0.9871629476547241,0.9553703665733337,0.9992625713348389,0.96617591381073,0.9772981405258179,0.956081748008728,0.9823682308197021,0.9865541458129883,0.9873723387718201,0.9783698320388794,0.9713488817214966,0.9729679226875305,0.7147122025489807,6.60645866394043,0.9933050870895386,0.9965073466300964
76,0.025041967630386353,0.7287392616271973,0.5128853917121887,0.4087327718734741,0.5635520219802856,0.9941176176071167,0.9280074834823608,0.6546828746795654,0.5,0.5,0.9940069913864136,0.5,0.997509241104126,0.49907851219177246,0.78125,0.75,0.5,0.978520393371582,0.9945572018623352,0.9963072538375854,0.5,0.5,0.9999078512191772,0.9713729619979858,0.7756622433662415,0.5,0.9925289154052734,0.9717321395874023,0.979651153087616,0.9696998596191406,0.9976271390914917,0.9389424324035645,0.9768939018249512,0.9727203249931335,0.5,0.9871699810028076,0.844767153263092,0.5,0.9874446392059326,0.9586493968963623,0.9990776777267456,0.9614232182502747,0.9775218367576599,0.9640073776245117,0.9823583960533142,0.9873770475387573,0.9869694709777832,0.9791666269302368,0.9701173305511475,0.9730433225631714,0.7092940211296082,6.510909795761108,0.9887198805809021,0.9941176176071167
77,0.019770313054323196,0.7270471453666687,0.5129829049110413,0.4114185869693756,0.5590254068374634,0.9954044222831726,0.9340757131576538,0.6733394861221313,0.5,0.5,0.9945582151412964,0.5,0.9978766441345215,0.49990788102149963,0.5413902997970581,0.9199999570846558,0.5,0.7793536186218262,0.994270920753479,0.9985212683677673,0.5,0.5,1.0,0.9721089601516724,0.7727524042129517,0.5,0.9935393333435059,0.9757910966873169,0.9857882261276245,0.9685121774673462,0.997435450553894,0.9763340950012207,0.9775377511978149,0.9706106185913086,0.5,0.9872740507125854,0.6827113032341003,0.5,0.9894891977310181,0.9590588808059692,0.9992619752883911,0.9614309668540955,0.9815055727958679,0.9588289856910706,0.9818705916404724,0.9841225743293762,0.9868959188461304,0.9787411689758301,0.9703696966171265,0.969663143157959,0.7049875855445862,6.7559826374053955,0.9910186529159546,0.9954044222831726
78,0.017844505608081818,0.7226283550262451,0.5120405554771423,0.42538532614707947,0.5621988773345947,0.9963235259056091,0.9294031858444214,0.873430609703064,0.5,0.5,0.9892046451568604,0.5,0.9972309470176697,0.5,0.9047619104385376,1.0,0.5,0.8068631291389465,0.9904911518096924,0.9976937174797058,0.5,0.5,1.0,0.9669942855834961,0.7765507102012634,0.5,0.9911853075027466,0.9556854963302612,0.9644970297813416,0.9724552035331726,0.9969546794891357,0.9725015163421631,0.9802393913269043,0.9649639129638672,0.5,0.9862393736839294,0.838129460811615,0.5,0.9861801862716675,0.9533592462539673,1.0,0.9619208574295044,0.9798544645309448,0.9474075436592102,0.9813815355300903,0.9867759346961975,0.9855260848999023,0.9730005264282227,0.970664918422699,0.9672558307647705,0.7040059566497803,6.765162706375122,0.9949200749397278,0.9963235259056091
79,0.020234663039445877,0.7291116118431091,0.5130373239517212,0.41701260209083557,0.5612104535102844,0.9952206015586853,0.9232943058013916,0.8983410596847534,0.5,0.5,0.9897525906562805,0.5,0.9979678392410278,0.5,0.9993544816970825,1.0,0.5,0.6937988996505737,0.993456244468689,0.9960295557975769,0.5,0.5,0.9999077916145325,0.9724482297897339,0.7742084264755249,0.5,0.994959831237793,0.9755865335464478,0.9992396831512451,0.9658443927764893,0.9971531629562378,0.6121541261672974,0.9766685962677002,0.9721797704696655,0.5,0.9845513105392456,0.8824861645698547,0.5,0.9887557625770569,0.9504537582397461,0.9993546009063721,0.9621849060058594,0.9795348644256592,0.9591856002807617,0.9762082099914551,0.982716977596283,0.9859639406204224,0.9722222089767456,0.9691277742385864,0.9657317996025085,0.7037357091903687,6.617701053619385,0.9923400282859802,0.9952206015586853
80,0.023041123524308205,0.7323791980743408,0.5130055546760559,0.41201815009117126,0.5611774921417236,0.9959558844566345,0.9285995364189148,0.7978782653808594,0.5,0.5,0.9913188219070435,0.5,0.997782289981842,0.4978801906108856,0.8153282999992371,0.9073150157928467,0.5,0.8809699416160583,0.9964925050735474,0.9700350761413574,0.5,0.5,1.0,0.9674577713012695,0.7772760391235352,0.5,0.9908581972122192,0.9741837382316589,0.9992383718490601,0.96440190076828,0.9979071617126465,0.8317357897758484,0.9797644019126892,0.9671040177345276,0.5,0.9874793291091919,0.8098771572113037,0.5,0.9901273250579834,0.9512692093849182,0.9990774989128113,0.9593738317489624,0.9807941913604736,0.963076651096344,0.9815847873687744,0.9839279055595398,0.984944224357605,0.9780188798904419,0.9700037240982056,0.9701783657073975,0.7087291479110718,6.717120170593262,0.9905881881713867,0.9959558844566345

81,0.02017374522984028,0.7305135726928711,0.5116977691650391,0.4083009362220764,0.5639673471450806,0.9954044222831726,0.9223516583442688,0.565557599067688,0.5,0.5,0.9937245845794678,0.5,0.9968628883361816,0.49861469864845276,0.9210526347160339,0.925000011920929,0.5,0.7332411408424377,0.9997232556343079,0.997692883014679,0.5,0.5,0.9999078512191772,0.9698907136917114,0.7704147100448608,0.5,0.9914793968200684,0.9771521091461182,0.9984720945358276,0.9736490249633789,0.9978153705596924,0.8061336278915405,0.9800952672958374,0.9693431854248047,0.5,0.9883763790130615,0.8488715887069702,0.5,0.9880051612854004,0.9497590065002441,1.0,0.9611069560050964,0.982921838760376,0.9657572507858276,0.982139527797699,0.9877254962921143,0.986991286277771,0.9778293371200562,0.9717016220092773,0.9726548194885254,0.7063528895378113,6.7258899211883545,0.9922579526901245,0.9954044222831726
82,0.013032286427915096,0.7297275066375732,0.5132932662963867,0.43151724338531494,0.5608247518539429,0.9972426295280457,0.9251004457473755,0.890829861164093,0.5,0.5,0.993823766708374,0.5,0.9958471655845642,0.49907901883125305,0.8477337956428528,0.949999988079071,0.5,0.9986162185668945,0.9990785121917725,0.9978762865066528,0.5,0.5,1.0,0.9707732200622559,0.7674953937530518,0.5,0.9926030039787292,0.9745672941207886,0.9952763915061951,0.9720213413238525,0.9980959892272949,0.7330808043479919,0.9807583093643188,0.9739938974380493,0.5,0.9858986139297485,0.9933345317840576,0.5,0.9878228902816772,0.9520952701568604,0.9997234344482422,0.9646927118301392,0.981360673904419,0.963866651058197,0.9802423119544983,0.9817186594009399,0.9860905408859253,0.975027859210968,0.9703696966171265,0.9697223901748657,0.7119233012199402,6.91213583946228,0.9952890276908875,0.9972426295280457
83,0.01810060441493988,0.7278753519058228,0.5123554468154907,0.43072450160980225,0.5609361529350281,0.9955882430076599,0.9239504933357239,0.8506361842155457,0.5,0.5,0.9928953647613525,0.5,0.9962184429168701,0.4999077320098877,0.8267545700073242,0.8478261232376099,0.5,0.9409223794937134,0.9955711364746094,0.9976941347122192,0.5,0.5,1.0,0.9719184637069702,0.770384669303894,0.5,0.9926209449768066,0.9329925179481506,0.9996212124824524,0.9688867330551147,0.9980064630508423,0.7372603416442871,0.9789724349975586,0.9720213413238525,0.5,0.9848792552947998,0.8514852523803711,0.5,0.9875507354736328,0.9550759792327881,0.999262273311615,0.9636329412460327,0.9809914231300354,0.9631178379058838,0.97919762134552,0.9856215119361877,0.9906185865402222,0.9752603769302368,0.9689412117004395,0.9728926420211792,0.7152798771858215,6.689383268356323,0.9923977851867676,0.9955882430076599
84,0.018082113936543465,0.7269877791404724,0.5132161974906921,0.4196856617927551,0.5621473789215088,0.9965073466300964,0.9240061044692993,0.6566914916038513,0.5,0.5,0.991984486579895,0.5,0.9980612993240356,0.5,0.7139171361923218,1.0,0.5,0.9821118116378784,0.9952108860015869,0.9976028203964233,0.5,0.5,1.0,0.9718830585479736,0.7716890573501587,0.5,0.9942969083786011,0.9772168397903442,0.9923669099807739,0.96840500831604,0.9985725283622742,0.6788781881332397,0.9803381562232971,0.9712250828742981,0.5,0.9854978322982788,0.9569636583328247,0.5,0.994472086429596,0.9519177675247192,0.9978762865066528,0.9627480506896973,0.9795180559158325,0.9688543081283569,0.981040894985199,0.9870914220809937,0.9874558448791504,0.9760752320289612,0.9719791412353516,0.9729981422424316,0.7129312753677368,6.761689186096191,0.992768406867981,0.9965073466300964
85,0.02447902411222458,0.7262555956840515,0.5111709833145142,0.41068506240844727,0.5636893510818481,0.9957720637321472,0.9178051948547363,0.5429628491401672,0.5,0.5,0.993639349937439,0.5,0.9962155818939209,0.49898430705070496,0.7384843230247498,1.0,0.5,0.9226937294006348,0.9948339462280273,0.9970468878746033,0.5,0.5,0.9999076128005981,0.9709205627441406,0.7761001586914062,0.5,0.9915032386779785,0.9771772623062134,0.9825581312179565,0.9677358269691467,0.9981969594955444,0.6109148263931274,0.9788732528686523,0.9779832363128662,0.5,0.9846778512001038,0.7737993001937866,0.5,0.9921499490737915,0.9524999856948853,0.9983407258987427,0.9626963138580322,0.9791473150253296,0.9656616449356079,0.9806475639343262,0.9861729741096497,0.9864109754562378,0.9746800661087036,0.970215916633606,0.9724549055099487,0.7063724398612976,6.705340147018433,0.9940521121025085,0.9957720637321472
86,0.022254960611462593,0.7311328649520874,0.5124802589416504,0.41476866602897644,0.5621907711029053,0.995036780834198,0.9280779361724854,0.5480627417564392,0.5,0.5,0.9926171898841858,0.5,0.9975082874298096,0.5825947523117065,0.9539917707443237,0.7368420958518982,0.5,0.9552295207977295,0.9952011704444885,0.9982459545135498,0.5,0.5,1.0,0.9712569713592529,0.7659730911254883,0.5,0.9951447248458862,0.9668912887573242,0.9999047517776489,0.973147988319397,0.9980984926223755,0.8589633703231812,0.9813348054885864,0.9719688296318054,0.5,0.9869052171707153,0.8322222232818604,0.5,0.9939103126525879,0.958209753036499,0.9979730844497681,0.9618905186653137,0.982653021812439,0.9568933248519897,0.9811918139457703,0.9850232601165771,0.9861704111099243,0.9758857488632202,0.9735425114631653,0.9706701040267944,0.71286940574646,6.7609031200408936,0.992723822593689,0.995036780834198
87,0.021710392087697983,0.7295613288879395,0.5113726258277893,0.4137648046016693,0.560988187789917,0.9957720637321472,0.9273320436477661,0.6025049090385437,0.5,0.5,0.9898467659950256,0.5,0.9972304105758667,0.4990788400173187,0.9986162185668945,0.75,0.5,0.9989840984344482,0.9946484565734863,0.9975036978721619,0.5,0.5,0.9999077916145325,0.9721399545669556,0.7729530930519104,0.5,0.9940332174301147,0.9783020615577698,0.9301084280014038,0.9724229574203491,0.9976240396499634,0.9279503226280212,0.9830009937286377,0.9698202610015869,0.5,0.9880996346473694,0.8108629584312439,0.5,0.9927095174789429,0.9519622325897217,0.9987070560455322,0.9651727676391602,0.9820598363876343,0.9629284739494324,0.9817118644714355,0.9839159250259399,0.9848484992980957,0.9802411794662476,0.9735769033432007,0.9702813625335693,0.7138469815254211,6.598628520965576,0.9936904907226562,0.9957720637321472
88,0.016447581350803375,0.7267836332321167,0.512729287147522,0.41772186756134033,0.5587331652641296,0.9957720637321472,0.9270178079605103,0.6375056505203247,0.5,0.5,0.9920591115951538,0.5,0.996585488319397,0.4997236132621765,0.8180897235870361,0.8157894611358643,0.5,0.8325960040092468,0.996494472026825,0.9964919090270996,0.5,0.5,0.9999078512191772,0.9724847078323364,0.7737306952476501,0.5,0.9942916035652161,0.9744468927383423,0.993818998336792,0.9708507061004639,0.9985768795013428,0.8513500094413757,0.9792972803115845,0.97001713514328,0.5,0.9849547743797302,0.8191419839859009,0.5,0.991779088973999,0.9442282915115356,0.9993542432785034,0.9624391198158264,0.9803611040115356,0.9585579037666321,0.9811197519302368,0.9840297102928162,0.9861652851104736,0.9778728485107422,0.971757709980011,0.9727070331573486,0.6964747309684753,6.639586687088013,0.9900023937225342,0.9957720637321472
89,0.018753809854388237,0.7303435802459717,0.512430727481842,0.429523766040802,0.5606450438499451,0.9965073466300964,0.9309955835342407,0.7480663061141968,0.5,0.5,0.9915974140167236,0.5,0.998060941696167,0.498247891664505,0.9989867210388184,0.9583333730697632,0.5,0.8605577945709229,0.995941698551178,0.9986144304275513,0.5,0.5,1.0,0.9734988808631897,0.7751059532165527,0.5,0.9947565793991089,0.9744956493377686,0.9963301420211792,0.9734092950820923,0.9972349405288696,0.8742314577102661,0.9813439846038818,0.9743930101394653,0.5,0.9853429198265076,0.8948100209236145,0.5,0.992904543876648,0.9498336911201477,0.9994469881057739,0.9664798974990845,0.9805653691291809,0.9645910859107971,0.9815261363983154,0.9849330186843872,0.9863686561584473,0.9779452681541443,0.9715877771377563,0.9708131551742554,0.7027993202209473,6.704283237457275,0.9939969182014465,0.9965073466300964
90,0.0174575038254261,0.7229204773902893,0.5131433010101318,0.43129053711891174,0.5635425448417664,0.9963235259056091,0.931211531162262,0.6346102356910706,0.5,0.5,0.9933615922927856,0.5,0.9969584941864014,0.4993555545806885,0.689922571182251,0.8181818127632141,0.5,0.8421052694320679,0.9973227381706238,0.9977867603302002,0.5,0.5,1.0,0.9688831567764282,0.7755477428436279,0.5,0.9954222440719604,0.9749332666397095,1.0,0.973884105682373,0.9979063272476196,0.9311306476593018,0.9804331064224243,0.9744150638580322,0.5,0.9852343797683716,0.8155584335327148,0.5,0.9916805028915405,0.9473781585693359,0.9999076128005981,0.9631844758987427,0.9803134799003601,0.9660717248916626,0.9815847873687744,0.986504077911377,0.9853377938270569,0.9741971492767334,0.9704406261444092,0.9734834432601929,0.7054247856140137,6.727820634841919,0.9937843084335327,0.9963235259056091

91,0.015052723698318005,0.7268518209457397,0.5120481848716736,0.40950050950050354,0.559209406375885,0.9966911673545837,0.9321648478507996,0.5650076866149902,0.5,0.5,0.9938135147094727,0.5,0.9977835416793823,0.5542645454406738,0.8228840231895447,0.6470588445663452,0.5,0.9700350761413574,0.9985247850418091,0.9977847337722778,0.5,0.5,1.0,0.9728401899337769,0.7709177732467651,0.5,0.994947612285614,0.9771304130554199,1.0,0.9708563089370728,0.998012900352478,0.9808599948883057,0.9804836511611938,0.9701861143112183,0.5,0.9879084229469299,0.8116955757141113,0.5,0.9948387145996094,0.9569922685623169,0.9998154044151306,0.9647322297096252,0.9790009260177612,0.9644448757171631,0.9802154898643494,0.9855760335922241,0.9856957197189331,0.9765843152999878,0.9725275039672852,0.9710789918899536,0.7107455134391785,6.615579843521118,0.9940385818481445,0.9966911673545837
92,0.015371588058769703,0.7228457927703857,0.512920081615448,0.4338759481906891,0.5612472295761108,0.997426450252533,0.9327398538589478,0.6176915764808655,0.5,0.5,0.9928030967712402,0.5,0.9982465505599976,0.4991689622402191,0.9996310472488403,0.6785714626312256,0.5,0.9992635250091553,0.9958456754684448,0.9977855682373047,0.5,0.5,1.0,0.968205451965332,0.7742173075675964,0.5,0.9952372312545776,0.978644609451294,1.0,0.9743222594261169,0.9979174137115479,0.9691721200942993,0.9818785190582275,0.9720432162284851,0.5,0.9837518334388733,0.7959504127502441,0.5,0.991148829460144,0.9523942470550537,1.0,0.9619921445846558,0.9794456958770752,0.9682391881942749,0.9782568216323853,0.9857965111732483,0.9855314493179321,0.9743255376815796,0.9713488817214966,0.970889151096344,0.7050169706344604,6.739561080932617,0.9951947331428528,0.997426450252533
93,0.014704537577927113,0.7303165793418884,0.5126582384109497,0.42616006731987,0.5630761384963989,0.9970588088035583,0.9285118579864502,0.7763945460319519,0.5,0.5,0.9943695664405823,0.5,0.9979715943336487,0.550417959690094,0.8996310234069824,0.8333333730697632,0.5,0.9407496452331543,0.9952890872955322,0.9974203109741211,0.5,0.5,0.9994469881057739,0.9727727174758911,0.7791382670402527,0.5,0.9951246976852417,0.9752746820449829,0.9769231081008911,0.9784884452819824,0.9983843564987183,0.9546555280685425,0.9805281162261963,0.9723541736602783,0.5,0.9854000806808472,0.7375244498252869,0.5,0.9896774291992188,0.959004282951355,0.999630868434906,0.9632062911987305,0.9803193807601929,0.9675288200378418,0.9782931208610535,0.9868959188461304,0.9883160591125488,0.9776577949523926,0.9738064408302307,0.9712932109832764,0.7053428292274475,6.713811159133911,0.9951903223991394,0.9970588088035583
94,0.010749307461082935,0.7282626628875732,0.5129973292350769,0.4178388714790344,0.561607301235199,0.9976102709770203,0.9346998929977417,0.5845566391944885,0.5,0.5,0.9929966926574707,0.5,0.9972355365753174,0.49797049164772034,0.9539917707443237,0.9800000190734863,0.5,0.9959447383880615,0.9992626905441284,0.9982465505599976,0.5,0.5,0.9996305704116821,0.9708225131034851,0.7790461778640747,0.5,0.9955148696899414,0.9760038256645203,0.9894335269927979,0.9786381721496582,0.9984805583953857,0.9812072515487671,0.9811248779296875,0.9737341403961182,0.5,0.9851585626602173,0.8571560382843018,0.5,0.9900369048118591,0.9575611352920532,0.9987096786499023,0.9615241289138794,0.98157799243927,0.9633104205131531,0.9802864193916321,0.9863026142120361,0.9849077463150024,0.9761949181556702,0.9723767042160034,0.971717357635498,0.7059457302093506,6.776174068450928,0.9948360323905945,0.9976102709770203
95,0.01764332689344883,0.7267682552337646,0.5127353072166443,0.4160917103290558,0.5628218650817871,0.9955882430076599,0.9271118640899658,0.7979686260223389,0.5,0.5,0.9952977895736694,0.5,0.9972365498542786,0.499538391828537,0.9369460940361023,0.9375,0.5,0.8113937973976135,0.9985218048095703,0.9980634450912476,0.5,0.5,0.9999077320098877,0.9732308387756348,0.7749953866004944,0.5,0.9949457049369812,0.9761089086532593,0.9202127456665039,0.9781866073608398,0.9984767436981201,0.8124607801437378,0.981590986251831,0.9775099754333496,0.5,0.9843231439590454,0.8295461535453796,0.5,0.9919652938842773,0.9633222818374634,0.9995390176773071,0.9656945466995239,0.9806187152862549,0.9626463651657104,0.9817538261413574,0.9880244731903076,0.9892092943191528,0.9757840037345886,0.9743185639381409,0.9718965291976929,0.7057334184646606,6.746769428253174,0.9933123588562012,0.9955882430076599
96,0.013032804243266582,0.7315475344657898,0.5140053629875183,0.4230923056602478,0.5603715181350708,0.996874988079071,0.9317224025726318,0.7235239744186401,0.5,0.5,0.9954830408096313,0.5,0.9974169731140137,0.4983373284339905,0.884246826171875,0.9347826242446899,0.5,0.9965848326683044,0.9984314441680908,0.996676504611969,0.5,0.5,1.0,0.9724074006080627,0.7756079435348511,0.5,0.9950485825538635,0.9670231342315674,1.0,0.9763891696929932,0.9976226687431335,0.9779044985771179,0.9819185733795166,0.9752559661865234,0.5,0.9846806526184082,0.622965931892395,0.5,0.9921630024909973,0.9627031087875366,0.9985228776931763,0.966442346572876,0.9807621240615845,0.9671627879142761,0.9807978868484497,0.9829059839248657,0.9860543012619019,0.9750139713287354,0.9734002947807312,0.9716331958770752,0.7067555785179138,6.744721412658691,0.9943950176239014,0.996874988079071
97,0.016142401844263077,0.7317957282066345,0.5127595663070679,0.42567265033721924,0.5595340132713318,0.9970588088035583,0.9291124939918518,0.7979705333709717,0.5,0.5,0.9941989183425903,0.5,0.9975110292434692,0.5226349830627441,0.8155127763748169,0.875,0.5,0.8928921818733215,0.9964035749435425,0.9982478618621826,0.5,0.5,1.0,0.9705718755722046,0.7726352214813232,0.5,0.9930931329727173,0.9746096730232239,0.99631667137146,0.975806474685669,0.9991474151611328,0.8173317313194275,0.9808276295661926,0.9733991622924805,0.5,0.9844153523445129,0.9269909858703613,0.5,0.9922423362731934,0.9620007276535034,0.9987096786499023,0.9640718698501587,0.9775813817977905,0.9650968313217163,0.9793871641159058,0.988095223903656,0.9858971834182739,0.9760974645614624,0.9707140326499939,0.9743637442588806,0.7088415026664734,6.940673589706421,0.9959605932235718,0.9970588088035583
98,0.017495369538664818,0.7259671092033386,0.5136932134628296,0.43227559328079224,0.5620275139808655,0.9963235259056091,0.9306835532188416,0.7732747793197632,0.5,0.5,0.9938248991966248,0.5,0.9974145889282227,0.5,0.972761869430542,0.9374078512191772,0.5,0.9982462525367737,0.9961268901824951,0.9971418380737305,0.5,0.5,0.9998152852058411,0.972802996635437,0.7748527526855469,0.5,0.9946927428245544,0.9741837382316589,0.9901334047317505,0.9713393449783325,0.9985725283622742,0.9363605976104736,0.9777208566665649,0.9767863750457764,0.5,0.9840406179428101,0.6906815767288208,0.5,0.9909594058990479,0.9642923474311829,0.9981556534767151,0.9625678062438965,0.9805690050125122,0.9682790637016296,0.9811233282089233,0.9848371744155884,0.9837602376937866,0.9782244563102722,0.9741346836090088,0.9721448421478271,0.6988181471824646,6.67902135848999,0.9932103157043457,0.9963235259056091
99,0.011377536691725254,0.7318023443222046,0.510291337966919,0.414354145526886,0.5642272233963013,0.996874988079071,0.9333875179290771,0.7614054679870605,0.5,0.5,0.9945532083511353,0.5,0.9982495307922363,0.6185863018035889,0.9085893630981445,0.9464285373687744,0.5,0.9974164962768555,0.9954746961593628,0.9981546401977539,0.5,0.5,1.0,0.9738501310348511,0.7808244228363037,0.5,0.9933458566665649,0.9760633111000061,0.9988563060760498,0.9801474809646606,0.9988551735877991,0.9268500804901123,0.9792259931564331,0.979500412940979,0.5,0.9881918430328369,0.7374935746192932,0.5,0.9909627437591553,0.9641534090042114,0.9994460940361023,0.9640321731567383,0.9818739891052246,0.9694826602935791,0.9822918176651001,0.9843895435333252,0.9857010245323181,0.9785674810409546,0.9750882983207703,0.974392294883728,0.7108054757118225,6.752177476882935,0.9950268864631653,0.996874988079071
100,0.01653439551591873,0.7361294627189636,0.5120081901550293,0.40908122062683105,0.5582432746887207,0.9963235259056091,0.931795060634613,0.8479704856872559,0.5,0.5,0.9932644367218018,0.5,0.9968640804290771,0.52472323179245,0.9482471942901611,1.0,0.5,0.9977847337722778,0.99797123670578,0.9979708194732666,0.5,0.5,0.9999077320098877,0.9705936908721924,0.777767539024353,0.5,0.9944849610328674,0.9785456657409668,1.0,0.980015218257904,0.9975086450576782,0.7621305584907532,0.9810417890548706,0.9745489358901978,0.5,0.9854377508163452,0.9014156460762024,0.5,0.9920649528503418,0.9588115215301514,0.9998152852058411,0.9629906415939331,0.9813336133956909,0.9687790274620056,0.9829092025756836,0.9859403967857361,0.9855894446372986,0.9776229858398438,0.9767441749572754,0.9715719223022461,0.692129373550415,6.615835666656494,0.9939460754394531,0.9963235259056091

101,0.009024575352668762,0.7316328287124634,0.512958288192749,0.40849044919013977,0.5618025660514832,0.9977940917015076,0.9336910247802734,0.5905604362487793,0.5,0.5,0.9946514368057251,0.5,0.9963092803955078,0.6071428656578064,0.8167052268981934,0.8235294222831726,0.5,0.9972314834594727,0.9939170479774475,0.9965866804122925,0.5,0.5,1.0,0.9731878638267517,0.7780743837356567,0.5,0.9951419830322266,0.9747947454452515,0.9804309606552124,0.9770572185516357,0.9981966614723206,0.9203643202781677,0.9805972576141357,0.9745956659317017,0.5,0.9854081869125366,0.7717263698577881,0.5,0.9901255369186401,0.9639289379119873,1.0,0.9643658399581909,0.982467532157898,0.9697899222373962,0.9822226762771606,0.9835562705993652,0.9870649576187134,0.977158784866333,0.9780587553977966,0.9698011875152588,0.7097535133361816,6.583638429641724,0.9942901134490967,0.9977940917015076
102,0.013921795412898064,0.7325446605682373,0.5120386481285095,0.4154951870441437,0.5619876980781555,0.9966911673545837,0.9332571029663086,0.7656398415565491,0.5,0.5,0.9939103126525879,0.5,0.9962218999862671,0.526763379573822,0.961207926273346,0.9135159254074097,0.5,0.9722229242324829,0.9941024780273438,0.9981566667556763,0.5,0.5,0.9997230768203735,0.9693518877029419,0.773447573184967,0.5,0.9924299120903015,0.9746004343032837,0.985432505607605,0.977177619934082,0.998384952545166,0.8845584988594055,0.9819862842559814,0.9750332236289978,0.5,0.9884686470031738,0.8235626816749573,0.5,0.9875484108924866,0.9640607833862305,0.9987094402313232,0.9634237289428711,0.9802154898643494,0.9720727205276489,0.9811723232269287,0.987076997756958,0.9866518378257751,0.9784145951271057,0.9736793041229248,0.9750604629516602,0.7052596211433411,6.717169761657715,0.9950054883956909,0.9966911673545837

