,Training Mean,Training Std,Validation Mean,Validation Std
CircularShape,0.4617782787978649,0.3334684026148174,0.463572367336601,0.3286266244931691
DiamondShape,0.5402633215487004,0.24062681906726063,0.5396840709447861,0.24529104227820628
TriangularShape,0.5763467679545283,0.32478982696533404,0.5755699981004,0.32595018344298826
OctagonalShape,0.5121138882637024,0.24987518220087954,0.5100412121415139,0.24890182886724935
RedGround,0.5085755479335785,0.16189188563645307,0.5096591746807099,0.16938882317271317
WhiteGround,0.5224286530911922,0.2355850031079449,0.521852308884263,0.2412453719394564
YellowGround,0.4726447883248329,0.16696729783092867,0.47222749277949333,0.1879842736388332
BlueGround,0.5093961231410503,0.19583481911810507,0.5066187363862992,0.1951189976465133
Border,0.5469002293050289,0.17224348816337484,0.5446265229582786,0.17576682429887167
BlackBorder,0.49141561836004255,0.05077758551259223,0.49096838623285294,0.057127666957244326
RedBorder,0.5359714648127556,0.14112352301262765,0.529731470644474,0.13325749481435384
WhiteBorder,0.49538800448179243,0.24154960436711498,0.49221612095832823,0.2443514122863926
Bar,0.4574998815357685,0.20541549858621946,0.4581116306781769,0.2033099004796105
BlackBar,0.4457969577610493,0.21759555077750448,0.44406630396842955,0.21815234576073328
WhiteBar,0.46955470368266106,0.15093142729229223,0.47068119049072266,0.15959170402738013
Symbol,0.4968427884578705,0.1718945211674818,0.49617575719952584,0.17278450585617858
BlackSymbol,0.5150066587328911,0.16605613979965467,0.5131602621078492,0.17032312476139597
WhiteSymbol,0.45586724728345873,0.2371636593607091,0.45956022083759307,0.2359250249950354
SymbolStop,0.5740323328971862,0.2437234006390136,0.5690409818291664,0.24376131433486786
SymbolNoEntryGoods,0.4926153990626335,0.22936961241736195,0.4920374998450279,0.22922671993169802
SymbolOvertaking,0.45860681116580965,0.22583394723224035,0.4600322356820106,0.2272949147486286
SymbolOvertakingGoods,0.45846892073750495,0.22612574899037993,0.45971680626273154,0.2247102685418864
SymbolSpeed20,0.4674122793972492,0.22004019022645882,0.4705566316843033,0.22306208278639728
SymbolSpeed30,0.4797802627086639,0.22519764228640712,0.47924081057310103,0.22480235296422357
SymbolSpeed50,0.44745864942669866,0.2197170849966789,0.44839846462011335,0.20713711402183388
SymbolSpeed60,0.4537722139060497,0.24348752561811135,0.4561899928748608,0.2435302199792636
SymbolSpeed70,0.4602359268069267,0.21987455556411925,0.4610400722920895,0.22245994741167263
SymbolSpeed80,0.5008407938480377,0.2439981724628801,0.50009361281991,0.24454805877999716
SymbolSpeed100,0.46595112085342405,0.2222179533707489,0.4651206909120083,0.2200522063860823
SymbolSpeed120,0.4768301808834076,0.22936978280416068,0.4741403830051422,0.23149725740379656
SymbolD1a1,0.4314829011261463,0.22274122371022267,0.4329075087606907,0.22246190553482711
SymbolD1a4,0.4676628744602203,0.22735216418826273,0.469913000613451,0.22849485031304315
SymbolD1a5,0.5160405726730823,0.2387342406603145,0.5233653825521469,0.23587657523585423
SymbolD1a6,0.46216768309473993,0.2402930482653313,0.46596611469984056,0.24114839648787076
SymbolD1a7,0.47898872375488283,0.21809046258276912,0.4749450524151325,0.22525527923316582
SymbolD2a1,0.48128090649843214,0.230760219145497,0.4888736213743687,0.22977712825153193
SymbolD2a2,0.4779098291695118,0.2370074688566875,0.48152014255523684,0.23811739897479356
SymbolD3,0.4471393482387066,0.23077487588170317,0.4517353463172913,0.23373543661017876
SymbolSingleLeftBend,0.557738722115755,0.2433466276682362,0.5545192284882069,0.241720151638253
SymbolSingleRightBend,0.5514829702675342,0.23624935899160096,0.5475503645837307,0.2355432413877394
SymbolTwoOrMoreLeftBend,0.5446161869168281,0.2394518997014663,0.5439194139838218,0.2396839326270939
SymbolRightNarrow,0.567607160359621,0.2349659492383808,0.5691071429848671,0.23662864091716854
SymbolRoadDeformities,0.5727016739547253,0.24225628570560523,0.5711263735592366,0.2424430698551969
SymbolSlipperyRoad,0.552623143941164,0.23877319821500395,0.5538598877191544,0.2410357241053095
SymbolChildren,0.5386408053338527,0.23953850010008515,0.5371245418488979,0.23873807434776423
SymbolCyclists,0.5439845889806747,0.24115538321472169,0.5427518285810947,0.24148160872498747
SymbolWildAnimals,0.5593982866406441,0.24259786647821882,0.5566391924023628,0.24130874406043945
SymbolRoadWorks,0.5375311206281185,0.24470259328501215,0.5367490838468075,0.24368365281825316
SymbolVerticalLightSignals,0.5511021092534065,0.24245676150335022,0.5503113517165183,0.23496676560024896
SymbolIntersectionPriority,0.509227369427681,0.23206407864031084,0.5177197779715061,0.2339123314987045
SymbolDanger,0.5750936295092106,0.2371788390963542,0.5743040288984775,0.2299934107321966
SymbolPedestrians,0.5404361698031426,0.24611374666336616,0.5366117182374001,0.24681312437075328
SymbolIceSnow,0.5526067322492599,0.23723154955101042,0.5524221646785736,0.2332238442947389
Mean,0.5050426287464095,0.03060902474823444,0.5050579939343316,0.030527216513613672
