epoch,loss,accuracy,balanced_accuracy,balanced_accuracy_SignClass_A,balanced_accuracy_SignClass_B,balanced_accuracy_SignClass_C,balanced_accuracy_SignClass_D,balanced_accuracy_const_0,elapsed,f1,mean_invalid,recall
0,1.1625996828079224,0.8638306260108948,0.8938350677490234,0.9337131977081299,0.9072632789611816,0.8347346186637878,0.9477313756942749,nan,23.8842830657959,0.7006144523620605,-0.705785740252435,0.8638306260108948
1,0.05905520170927048,0.9835006594657898,0.9681318998336792,0.9925099611282349,0.9737708568572998,0.9701343178749084,0.9895750284194946,nan,23.115082263946533,0.9761826395988464,-1.7089839518609335,0.9835006594657898

2,0.03187667950987816,0.9897624254226685,0.9806182384490967,0.9963721632957458,0.9825851917266846,0.9827730655670166,0.9918570518493652,nan,23.72389268875122,0.7876713871955872,-2.3526601538294627,0.9897624254226685

3,0.023258311673998833,0.9929430484771729,0.987277626991272,0.9968300461769104,0.9836002588272095,0.9878740310668945,0.9951081275939941,nan,23.70016860961914,0.9894428253173828,-2.75439212815376,0.9929430484771729
4,0.018340177834033966,0.9950303435325623,0.9940115213394165,0.9971352815628052,0.9849713444709778,0.9888120889663696,0.9968938827514648,nan,24.24411392211914,0.9920327067375183,-3.1740597617897524,0.9950303435325623
5,0.016218438744544983,0.9948315024375916,0.9956763982772827,0.9972115755081177,0.9915775656700134,0.991118311882019,0.9952073693275452,nan,23.688112258911133,0.9928186535835266,-3.4148440810797784,0.9948315024375916

6,0.00827622227370739,0.9971175789833069,0.9974778890609741,0.9985244274139404,0.9933403730392456,0.9943431615829468,0.9983057379722595,nan,23.33719515800476,0.9954240918159485,-3.7609015812564355,0.9971175789833069
7,0.009819095954298973,0.996720016002655,0.997067928314209,0.9979240894317627,0.9916487336158752,0.9946719408035278,0.9973594546318054,nan,23.70264720916748,0.9944669008255005,-3.8413458595620913,0.996720016002655
8,0.007474171929061413,0.9975151419639587,0.9977139234542847,0.9989417791366577,0.9960290789604187,0.9938209056854248,0.9973594546318054,nan,23.314172744750977,0.996944785118103,-4.045045549146058,0.9975151419639587
9,0.007699458859860897,0.996918797492981,0.9972045421600342,0.9976849555969238,0.9953168630599976,0.9926701784133911,0.9975501298904419,nan,23.435018062591553,0.9959167242050171,-4.0708214483326515,0.996918797492981
10,0.00862065702676773,0.9973163604736328,0.997664213180542,0.9985142946243286,0.9946757555007935,0.9935016632080078,0.998572826385498,nan,23.772813081741333,0.9964284896850586,-4.1802142645348,0.9973163604736328

11,0.02831125818192959,0.9915515184402466,0.9923466444015503,0.9943522214889526,0.987125813961029,0.9807133674621582,0.9923301339149475,nan,24.08598232269287,0.9881385564804077,-4.431527373117975,0.9915515184402466
12,0.006778594106435776,0.9979127049446106,0.997875452041626,0.9987431764602661,0.9950853586196899,0.9944784641265869,0.998198926448822,nan,23.831639766693115,0.9972470998764038,-4.500196512455661,0.9979127049446106
13,0.000993001856841147,0.9996024370193481,0.9994409084320068,0.9997710585594177,0.9990206360816956,0.9981917142868042,0.9993054866790771,nan,24.269981622695923,0.9992334246635437,-4.539179249983305,0.9996024370193481
14,0.0008977707475423813,0.9996024370193481,0.9995899796485901,0.999847412109375,0.9982015490531921,0.9989701509475708,0.99993896484375,nan,24.618377208709717,0.9993041753768921,-4.608894436108925,0.9996024370193481
15,0.0005897920345887542,0.9998012185096741,0.9996645450592041,1.0,0.9997862577438354,0.9985204935073853,0.9996718168258667,nan,24.301013946533203,0.9995103478431702,-4.620679606809351,0.9998012185096741
16,9.021142614074051e-05,1.0,0.99986332654953,0.9999237060546875,0.9998931884765625,0.999671220779419,0.9997557401657104,nan,24.209946870803833,1.0,-4.561149324933337,1.0
17,3.399396518943831e-05,1.0,0.9999751448631287,1.0,0.9999465942382812,0.9999178051948547,1.0,nan,24.39789366722107,1.0,-4.584229885139613,1.0
18,2.592971213744022e-05,1.0,0.9999876022338867,1.0,1.0,0.9999178051948547,1.0,nan,24.3485689163208,1.0,-4.599171405591663,1.0
19,2.1505893528228626e-05,1.0,0.9999876022338867,1.0,1.0,0.9999178051948547,1.0,nan,24.55837845802307,1.0,-4.613995616424867,1.0
20,1.844918733695522e-05,1.0,0.9999876022338867,1.0,1.0,0.9999178051948547,1.0,nan,24.33002233505249,1.0,-4.629155939964944,1.0

21,1.6115751350298524e-05,1.0,0.9999876022338867,1.0,1.0,0.9999178051948547,1.0,nan,24.441736459732056,1.0,-4.644334700386966,1.0
22,1.4267341612139717e-05,1.0,0.9999876022338867,1.0,1.0,0.9999178051948547,1.0,nan,24.765650033950806,1.0,-4.659865818871097,1.0
23,1.2756416253978387e-05,1.0,0.9999876022338867,1.0,1.0,0.9999178051948547,1.0,nan,23.954718828201294,1.0,-4.67594997935688,1.0
24,1.149168201663997e-05,1.0,1.0,1.0,1.0,1.0,1.0,nan,24.665878534317017,1.0,-4.692649887565731,1.0
25,1.0423378626001067e-05,1.0,1.0,1.0,1.0,1.0,1.0,nan,24.237643480300903,1.0,-4.710410970163303,1.0
26,9.503170986135956e-06,1.0,1.0,1.0,1.0,1.0,1.0,nan,24.513247966766357,1.0,-4.728836051987175,1.0

