,Best Without Repeat,Best Without Repeat,Best Without Repeat,Best Without Repeat
,Concept,Rank,Training,Validation
N[0](CircularShape),!DiamondShape,1,0.3393797278404236,0.3184112310409546
N[1](DiamondShape),TriangularShape,0,0.799593985080719,0.8104649782180786
N[2](TriangularShape),YellowGround,2,0.2053313106298446,0.1362234950065612
N[3](OctagonalShape),RedBorder,2,0.3408597111701965,0.3525540232658386
N[4](RedGround),!Symbol,0,0.3984372019767761,0.3854737281799316
N[5](WhiteGround),!BlackBar,4,0.1575195640325546,0.1687412858009338
N[6](YellowGround),!Bar,7,0.1881477385759353,0.1857206225395202
N[7](Blue),D1a6,0,0.6267096996307373,0.6684174537658691
N[8](Border),SymbolSpeed20,2,0.2511914074420929,0.2555187046527862
N[9](BlackBorder),SymbolStop,0,0.410502552986145,0.3587200343608856
N[10](RedBorder),SymbolNoEntryGoods,0,0.5880643129348755,0.633116602897644
N[11](WhiteBorder),!WhiteGround,22,0.083260104060173,0.0504858121275901
N[12](Bar),!WhiteBar,2,0.2717598676681518,0.2246620208024978
N[13](BlackBar),!SymbolSpeed80,1,0.3615742325782776,0.3769521713256836
N[14](WhiteBar),!BlackBorder,15,0.0361661314964294,0.0579928271472454
N[15](Symbol),Border,0,0.4769686758518219,0.4816161692142486
N[16](BlackSymbol),WhiteBorder,0,0.4115339815616607,0.3249591886997223
N[17](WhiteSymbol),!CircularShape,0,0.8453207015991211,0.8397705554962158
N[18](SymbolStop),!Blue,19,0.0715523660182952,0.0596107989549636
N[19](SymbolNoEntryGoods),RedGround,0,0.6897212266921997,0.6510613560676575
N[20](SymbolOvertaking),SymbolOvertakingGoods,0,0.4535820484161377,0.4260229766368866
N[21](SymbolOvertakingGoods),!D1a5,0,0.4476634562015533,0.4874172210693359
N[22](SymbolSpeed20),SymbolSpeed30,0,0.6112855076789856,0.6228282451629639
N[23](SymbolSpeed30),SymbolSpeed50,0,0.6145636439323425,0.6233202815055847
N[24](SymbolSpeed50),SymbolSpeed60,0,0.485633373260498,0.4972717761993408
N[25](SymbolSpeed60),SymbolSpeed70,0,0.5842186212539673,0.6563957929611206
N[26](SymbolSpeed70),OctagonalShape,1,0.4061854481697082,0.3830561637878418
N[27](SymbolSpeed80),SymbolSpeed100,0,0.2896164357662201,0.2583789229393005
N[28](SymbolSpeed100),SymbolSpeed120,0,0.4235711395740509,0.43425452709198
N[29](SymbolSpeed120),SymbolOvertaking,0,0.5257023572921753,0.5680564045906067
N[30](D1a1),!BlackSymbol,0,0.4720898568630218,0.4636556804180145
N[31](D1a4),D1a1,0,0.619767963886261,0.6884249448776245
N[32](D1a5),D1a4,0,0.2393198162317276,0.2198759466409683
N[33](D1a6),D2a2,0,0.6375201344490051,0.6138533353805542
N[34](D1a7),!D1a7,15,0.0853915438055992,0.0743814259767532
N[35](D2a1),D3,0,0.5369549989700317,0.504667341709137
N[36](D2a2),D2a1,0,0.574790358543396,0.6743112802505493
N[37](D3),!WhiteSymbol,12,0.1912546008825302,0.1875172108411789
Mean,,,0.414544889605359,0.413793750989594
