,Best Neuron,Training,Validation
CircularShape,N[0](CircularShape) (negated),0.5360431373119354,0.5338489413261414
DiamondShape,N[0](CircularShape) (negated),0.8939595669507981,0.8884228765964508
TriangularShape,N[0](CircularShape),0.5664412379264832,0.5571531057357788
OctagonalShape,N[0](CircularShape) (negated),0.5096214711666107,0.5062380433082581
RedGround,N[0](CircularShape),0.5335913300514221,0.5307049751281738
WhiteGround,N[0](CircularShape) (negated),0.5394816398620605,0.545309454202652
YellowGround,N[0](CircularShape) (negated),0.8341827094554901,0.8266923725605011
Blue,N[0](CircularShape),0.5422114133834839,0.5353195071220398
Border,N[0](CircularShape) (negated),0.5620569884777069,0.5697571933269501
BlackBorder,N[0](CircularShape) (negated),0.5144917964935303,0.5163694024085999
RedBorder,N[0](CircularShape) (negated),0.5298162698745728,0.5397714674472809
WhiteBorder,N[0](CircularShape) (negated),0.893481582403183,0.8870353400707245
Bar,N[0](CircularShape),0.5031758546829224,0.5144270658493042
BlackBar,N[0](CircularShape) (negated),0.5225782990455627,0.5052169561386108
WhiteBar,N[0](CircularShape),0.585299551486969,0.5824583172798157
Symbol,N[0](CircularShape),0.533935546875,0.5265829563140869
BlackSymbol,N[0](CircularShape) (negated),0.553557962179184,0.5576528906822205
WhiteSymbol,N[0](CircularShape),0.5855885148048401,0.5856679081916809
SymbolStop,N[0](CircularShape) (negated),0.5121381282806396,0.5088074207305908
SymbolNoEntryGoods,N[0](CircularShape),0.5838655233383179,0.581204354763031
SymbolOvertaking,N[0](CircularShape),0.5853561162948608,0.5823565721511841
SymbolOvertakingGoods,N[0](CircularShape) (negated),0.6503190696239471,0.6764978468418121
SymbolSpeed20,N[0](CircularShape) (negated),0.9018156006932259,0.9059276059269906
SymbolSpeed30,N[0](CircularShape) (negated),0.9076974764466286,0.9283110573887825
SymbolSpeed50,N[0](CircularShape) (negated),0.6178842484951019,0.5291447043418884
SymbolSpeed60,N[0](CircularShape) (negated),0.7778965830802917,0.7364205718040466
SymbolSpeed70,N[0](CircularShape) (negated),0.8068712204694748,0.8033527284860611
SymbolSpeed80,N[0](CircularShape),0.5838324427604675,0.5764940977096558
SymbolSpeed100,N[0](CircularShape) (negated),0.5113784670829773,0.528003990650177
SymbolSpeed120,N[0](CircularShape),0.5835388898849487,0.5811057090759277
D1a1,N[0](CircularShape),0.5839639902114868,0.5822044610977173
D1a4,N[0](CircularShape),0.5842497944831848,0.5810564756393433
D1a5,N[0](CircularShape),0.575527548789978,0.5817513465881348
D1a6,N[0](CircularShape),0.5841176509857178,0.5814024209976196
D1a7,N[0](CircularShape),0.584161639213562,0.5813032984733582
D2a1,N[0](CircularShape),0.5840297937393188,0.5821033120155334
D2a2,N[0](CircularShape),0.5842387676239014,0.5814521312713623
D3,N[0](CircularShape),0.5842387676239014,0.5813528299331665
Mean,,0.6164904366198339,0.6131284660414645
