epoch,loss,accuracy,balanced_accuracy,balanced_accuracy_A13,balanced_accuracy_A14,balanced_accuracy_A15b,balanced_accuracy_A16,balanced_accuracy_A17a,balanced_accuracy_A19a,balanced_accuracy_A1a,balanced_accuracy_A1b,balanced_accuracy_A1c,balanced_accuracy_A32,balanced_accuracy_A33,balanced_accuracy_A34,balanced_accuracy_A4b2,balanced_accuracy_A7a,balanced_accuracy_A9,balanced_accuracy_B1,balanced_accuracy_B2a,balanced_accuracy_B3,balanced_accuracy_C13aa,balanced_accuracy_C13bb,balanced_accuracy_C14_100,balanced_accuracy_C14_120,balanced_accuracy_C14_20,balanced_accuracy_C14_30,balanced_accuracy_C14_50,balanced_accuracy_C14_60,balanced_accuracy_C14_70,balanced_accuracy_C14_80,balanced_accuracy_C17a,balanced_accuracy_C17b_80,balanced_accuracy_C17c,balanced_accuracy_C17d,balanced_accuracy_C1a,balanced_accuracy_C2,balanced_accuracy_C3e3,balanced_accuracy_D1a1,balanced_accuracy_D1a4,balanced_accuracy_D1a5,balanced_accuracy_D1a6,balanced_accuracy_D1a7,balanced_accuracy_D2a1,balanced_accuracy_D2a2,balanced_accuracy_D3,balanced_accuracy_const_0,elapsed,f1,mean_invalid,recall
0,104.00203704833984,0.08478282392024994,0.5604128837585449,0.5406474471092224,0.5021362900733948,0.5049853920936584,0.5138788819313049,0.509716808795929,0.508444607257843,0.4992876648902893,0.5048288702964783,0.520959198474884,0.5265003442764282,0.5886152982711792,0.49959295988082886,0.5150577425956726,0.5014159679412842,0.5121529698371887,0.5534179210662842,0.5016153454780579,0.4791891276836395,0.5295544862747192,0.4932820796966553,0.5695446133613586,0.5422245264053345,0.5176528692245483,0.565473735332489,0.5579952001571655,0.5571308732032776,0.5402914881706238,0.5548415184020996,0.5430387854576111,0.5003050565719604,0.5064063668251038,0.5414108633995056,0.5147531032562256,0.5699003338813782,0.5702051520347595,0.7417521476745605,0.7832145690917969,0.697493314743042,0.8025990724563599,0.699928879737854,0.7478564977645874,0.6646217107772827,0.6391404867172241,nan,29.085631132125854,0.09375026077032089,47.429518163233816,0.08478282392024994
1,3.0173654556274414,0.23009641468524933,0.5473067760467529,0.502136766910553,0.49954208731651306,0.49979647994041443,0.5006705522537231,0.4980156719684601,0.49974560737609863,0.49974560737609863,0.4993385672569275,0.5,0.4994403123855591,0.4999491274356842,0.499898225069046,0.499898225069046,0.499898225069046,0.49974560737609863,0.676638126373291,0.49613291025161743,0.5,0.4999491274356842,0.5039173364639282,0.518467366695404,0.5270143747329712,0.5030524134635925,0.5161266326904297,0.5114969611167908,0.5106326937675476,0.502747118473053,0.5223842859268188,0.498473584651947,0.499898225069046,0.5,0.5,0.5127185583114624,0.519993782043457,0.5226897597312927,0.7170820236206055,0.7448093891143799,0.7147935032844543,0.8945862054824829,0.6290689706802368,0.7932932376861572,0.5487367510795593,0.6480460166931152,nan,26.704318046569824,0.2177678793668747,-17.11923041237999,0.23009641468524933

2,2.3764543533325195,0.3531458079814911,0.5582597255706787,0.5020349621772766,0.4994911849498749,0.5039173364639282,0.49755799770355225,0.499185711145401,0.4992876648902893,0.49959295988082886,0.4972524642944336,0.49979647994041443,0.4980156719684601,0.5,0.4991859197616577,0.4994403123855591,0.4999491274356842,0.4994911849498749,0.7455229759216309,0.5019841194152832,0.5,0.5212657451629639,0.6109076142311096,0.5089029669761658,0.5295072793960571,0.4994403123855591,0.5218247771263123,0.502797544002533,0.5032050609588623,0.5032559037208557,0.5209598541259766,0.5016784071922302,0.499898225069046,0.5,0.4999491274356842,0.5949327349662781,0.5568782091140747,0.5457363128662109,0.7900375127792358,0.7160657048225403,0.8261088132858276,0.9318270087242126,0.5932536721229553,0.8089125752449036,0.5287436246871948,0.6448407769203186,nan,26.268542766571045,0.3422434329986572,-18.162241136562088,0.3531458079814911

3,1.9115012884140015,0.4518437385559082,0.5696136951446533,0.503713846206665,0.49633660912513733,0.4996945261955261,0.5050316452980042,0.5533672571182251,0.4973033368587494,0.4991350471973419,0.49328380823135376,0.4963875114917755,0.4944540560245514,0.4992367923259735,0.4958786964416504,0.49608221650123596,0.4991859197616577,0.5008138418197632,0.859991729259491,0.4998471438884735,0.5,0.5876068472862244,0.6623931527137756,0.4993894398212433,0.5097170472145081,0.49979647994041443,0.505036473274231,0.5067662000656128,0.5002541542053223,0.5096153020858765,0.5147026777267456,0.5418694019317627,0.49964383244514465,0.5020858645439148,0.5015261769294739,0.7606328725814819,0.5486873984336853,0.531949520111084,0.7852047681808472,0.6492162942886353,0.9073053598403931,0.8695052862167358,0.68635493516922,0.877492368221283,0.5164828300476074,0.6276450157165527,nan,26.567265510559082,0.4392542541027069,-18.7705653290805,0.4518437385559082

4,1.3191909790039062,0.6031209826469421,0.6396943926811218,0.514957070350647,0.5728011131286621,0.5229439735412598,0.5593594312667847,0.6798422336578369,0.5208578705787659,0.5054430961608887,0.5343396067619324,0.4953692555427551,0.5409024953842163,0.5154658555984497,0.5195858478546143,0.507884681224823,0.6111617684364319,0.4958276152610779,0.9344727993011475,0.513430655002594,0.504273533821106,0.7785916328430176,0.8595337867736816,0.5600314736366272,0.5647115707397461,0.5398855209350586,0.6268300414085388,0.5906581282615662,0.5456843972206116,0.600273609161377,0.6493167281150818,0.734329342842102,0.554080069065094,0.5993079543113708,0.6244906187057495,0.9364060163497925,0.7631758451461792,0.7214587926864624,0.8663504719734192,0.5892854332923889,0.9637767672538757,0.8917883634567261,0.7815929651260376,0.910459041595459,0.5315418243408203,0.66722571849823,nan,26.473661184310913,0.587693989276886,-18.653226154199615,0.6031209826469421

5,0.7289750576019287,0.7794454097747803,0.8033692240715027,0.7449108958244324,0.8969244956970215,0.7585442066192627,0.8110144734382629,0.8175084590911865,0.8070284724235535,0.7484214305877686,0.7452667951583862,0.713112473487854,0.7326998710632324,0.7398235201835632,0.7435367107391357,0.7726376056671143,0.938338577747345,0.6771958470344543,0.9532447457313538,0.6949008703231812,0.5936098098754883,0.8967735767364502,0.9410350322723389,0.754320502281189,0.7080744504928589,0.7963951826095581,0.8469642400741577,0.8052974939346313,0.7897298336029053,0.7760955095291138,0.8057042360305786,0.8486449718475342,0.7803207039833069,0.7957356572151184,0.8169503211975098,0.9495307207107544,0.9299939870834351,0.8962639570236206,0.9093905687332153,0.5856729745864868,0.9742567539215088,0.798890233039856,0.8920421600341797,0.9443414211273193,0.6412278413772583,0.7535600662231445,nan,26.248807907104492,0.761208713054657,-18.978199791877458,0.7794454097747803

6,0.4286485016345978,0.8711857795715332,0.8816498517990112,0.9025193452835083,0.9237340092658997,0.8613100647926331,0.8885629177093506,0.9146277904510498,0.886646032333374,0.9137129783630371,0.890056312084198,0.8575962781906128,0.8378064632415771,0.8900558948516846,0.8987037539482117,0.916001558303833,0.9797502756118774,0.8349575996398926,0.9599594473838806,0.7585954666137695,0.6975968480110168,0.9400159120559692,0.9504965543746948,0.8771309852600098,0.7986806631088257,0.8984480500221252,0.8965145945549011,0.8874077200889587,0.8954465389251709,0.886950671672821,0.8870006799697876,0.9186995029449463,0.8964674472808838,0.9257200956344604,0.9036915302276611,0.9569063782691956,0.941490113735199,0.9177308082580566,0.9018100500106812,0.5286929607391357,0.973645806312561,0.8664522171020508,0.9268398880958557,0.96876060962677,0.7192692160606384,0.8022977113723755,nan,26.74117660522461,0.8514755964279175,-18.959339661669773,0.8711857795715332

7,0.28001517057418823,0.9176025986671448,0.9126907587051392,0.9355875849723816,0.9427608251571655,0.8805399537086487,0.9076259732246399,0.9397079944610596,0.9018052816390991,0.9462730884552002,0.9175279140472412,0.8859834671020508,0.8821172714233398,0.9258196353912354,0.917628824710846,0.93874192237854,0.9696760177612305,0.860343337059021,0.9690656661987305,0.8702651858329773,0.80641770362854,0.9376747608184814,0.9513098001480103,0.9063321352005005,0.8387690186500549,0.9199673533439636,0.9138623476028442,0.9193563461303711,0.9243430495262146,0.9163048267364502,0.905976414680481,0.9334518909454346,0.9415416717529297,0.936097264289856,0.940015435218811,0.9642831087112427,0.9490188956260681,0.9273956418037415,0.9526835680007935,0.5894361138343811,0.9740517139434814,0.9417464733123779,0.943322479724884,0.9645884037017822,0.8175076246261597,0.897840142250061,nan,25.575204133987427,0.9176239967346191,-19.023601659758288,0.9176025986671448

8,0.21354341506958008,0.9362886548042297,0.9201059341430664,0.9307030439376831,0.9356378316879272,0.8889341354370117,0.9145308136940002,0.9382327198982239,0.9141682982444763,0.9543614983558655,0.915389895439148,0.9074528217315674,0.8931569457054138,0.912999153137207,0.9323312044143677,0.9383349418640137,0.9744585752487183,0.9140669703483582,0.9742041826248169,0.8421306014060974,0.8478285074234009,0.9446946978569031,0.948663592338562,0.9093327522277832,0.8757550716400146,0.9245967864990234,0.9196112155914307,0.9201700091362,0.9350265860557556,0.9384357929229736,0.9085706472396851,0.9365038871765137,0.9406758546829224,0.9417949914932251,0.9424566030502319,0.960669755935669,0.9521734714508057,0.928005576133728,0.929789662361145,0.6861494183540344,0.978223443031311,0.9476476907730103,0.9532423615455627,0.958838939666748,0.8124194145202637,0.8976361751556396,nan,26.42499589920044,0.9149727821350098,-18.724356923256416,0.9362886548042297

9,0.10313156247138977,0.9678958058357239,0.9288109540939331,0.9331944584846497,0.9435738325119019,0.8917816877365112,0.920302152633667,0.9356369376182556,0.9235276579856873,0.9536992311477661,0.9193570017814636,0.9190515279769897,0.9045515060424805,0.9306004047393799,0.9161520004272461,0.9339074492454529,0.9647908806800842,0.9217479228973389,0.9678947925567627,0.8770805597305298,0.8994141817092896,0.9339585304260254,0.9471362829208374,0.9133005142211914,0.8803327083587646,0.9172187447547913,0.911520779132843,0.9186936020851135,0.9318211078643799,0.9352296590805054,0.9186433553695679,0.9505957365036011,0.945456862449646,0.9488146901130676,0.9505962133407593,0.9518166184425354,0.9493741989135742,0.927139937877655,0.9613314867019653,0.7499464750289917,0.9691665768623352,0.9721178412437439,0.9512067437171936,0.9569046497344971,0.8991599082946777,0.9382331371307373,nan,25.59968638420105,0.9678755402565002,-18.700306097587433,0.9678958058357239

10,0.06974371522665024,0.9792267084121704,0.9325094223022461,0.9179821014404297,0.9438282251358032,0.911113977432251,0.9210928082466125,0.9337033033370972,0.9250534176826477,0.9503408670425415,0.9273954629898071,0.9235793948173523,0.917422890663147,0.9296339750289917,0.9220525622367859,0.9425055384635925,0.9582273364067078,0.9229679703712463,0.9717614650726318,0.921087384223938,0.909792423248291,0.9285647869110107,0.9437268972396851,0.9080091714859009,0.9006317853927612,0.9197114706039429,0.9210343360900879,0.9179812669754028,0.9318715333938599,0.9323297739028931,0.9238322973251343,0.955581545829773,0.9386895298957825,0.9415899515151978,0.9558359384536743,0.9563956260681152,0.9480514526367188,0.9240360260009766,0.9611786007881165,0.8429458141326904,0.9597537517547607,0.9702352285385132,0.9448975920677185,0.9540044665336609,0.8877121210098267,0.9250044822692871,nan,26.679526805877686,0.9792315363883972,-18.714964593360868,0.9792267084121704

11,0.06516677886247635,0.9794254899024963,0.9293333888053894,0.9217972755432129,0.9347715377807617,0.90999436378479,0.9146825075149536,0.9345682263374329,0.9187953472137451,0.9503411054611206,0.9224593639373779,0.9176772832870483,0.9135050773620605,0.9165074825286865,0.9303960800170898,0.9428616762161255,0.9501884579658508,0.9183887243270874,0.9645366668701172,0.9161520004272461,0.9050605297088623,0.9297348260879517,0.9478988647460938,0.9071444272994995,0.8951369524002075,0.9171674251556396,0.9236289858818054,0.9196094274520874,0.9257153272628784,0.9360435605049133,0.9269868731498718,0.9424549341201782,0.9321770668029785,0.9483057260513306,0.9594993591308594,0.9571079611778259,0.9493741989135742,0.9192023873329163,0.9552764892578125,0.8092657327651978,0.9581255912780762,0.9573119282722473,0.9423024654388428,0.9478986263275146,0.8892374038696289,0.9217475056648254,nan,26.490182876586914,0.9572657346725464,-18.950302350000932,0.9794254899024963
12,0.1084420382976532,0.9661067724227905,0.9262198209762573,0.914318323135376,0.9339574575424194,0.9105031490325928,0.9179385304450989,0.9316171407699585,0.9168621301651001,0.9478988647460938,0.8965640068054199,0.9213913679122925,0.911113977432251,0.9341105222702026,0.926733136177063,0.9290740489959717,0.9499847292900085,0.9100961685180664,0.9696245193481445,0.8867471218109131,0.8879658579826355,0.9299381375312805,0.9514095783233643,0.9095354080200195,0.8937125205993652,0.9080603122711182,0.9152337312698364,0.9096371531486511,0.9200676083564758,0.9216961860656738,0.9135549068450928,0.9427603483200073,0.9535465240478516,0.9463213682174683,0.959957480430603,0.948865532875061,0.9476953148841858,0.9170143604278564,0.9454067945480347,0.823408842086792,0.9623994827270508,0.96799635887146,0.9443376660346985,0.9489673376083374,0.8717881441116333,0.916762113571167,nan,26.398905992507935,0.9442026019096375,-20.299728601332653,0.9661067724227905

13,0.07022701948881149,0.9766424894332886,0.9254420399665833,0.9095858335494995,0.9191515445709229,0.9058724641799927,0.9133089184761047,0.9297344088554382,0.917065441608429,0.9442863464355469,0.9327874183654785,0.9166588187217712,0.8966657519340515,0.9238836169242859,0.923069953918457,0.9346190690994263,0.9357891082763672,0.9137586355209351,0.9695227146148682,0.8964107036590576,0.884199857711792,0.9260201454162598,0.9397584199905396,0.9066856503486633,0.9000207781791687,0.9135038256645203,0.9142670631408691,0.9074490666389465,0.9162006974220276,0.9221532344818115,0.914826512336731,0.9426581859588623,0.9299888014793396,0.9358909130096436,0.9537500739097595,0.955021858215332,0.9435738325119019,0.9177775382995605,0.9497811794281006,0.8870024085044861,0.9490689039230347,0.9655542969703674,0.9220523834228516,0.9361453056335449,0.8915252685546875,0.9192541837692261,nan,26.542813777923584,0.9766420125961304,-19.500980102308535,0.9766424894332886
14,0.0510961152613163,0.9834012389183044,0.925778329372406,0.9017502665519714,0.9274449944496155,0.9007846117019653,0.902879536151886,0.930039644241333,0.9131474494934082,0.9453037977218628,0.924239993095398,0.9164044260978699,0.920576810836792,0.925663948059082,0.9239344596862793,0.9346189498901367,0.950646162033081,0.9078565835952759,0.9623994827270508,0.9107569456100464,0.9037361145019531,0.9158443212509155,0.943980872631073,0.9052101373672485,0.8927960395812988,0.9101457595825195,0.9012421369552612,0.8999696969985962,0.9172687530517578,0.9195076823234558,0.9113666415214539,0.9447442889213562,0.9365015029907227,0.9386386871337891,0.9555306434631348,0.9444388151168823,0.9360437393188477,0.9093823432922363,0.9509514570236206,0.9133548736572266,0.9469319581985474,0.9689630270004272,0.9330422878265381,0.9397578239440918,0.8804851770401001,0.9222554564476013,nan,26.112664222717285,0.961095929145813,-19.225969806531232,0.9834012389183044
15,0.031000390648841858,0.9911539554595947,0.924421489238739,0.9024626016616821,0.9193547964096069,0.8947294354438782,0.9034900665283203,0.9284623861312866,0.9050574898719788,0.9413350820541382,0.9213904738426208,0.9203215837478638,0.925613284111023,0.9304976463317871,0.9059228897094727,0.9348733425140381,0.9528849124908447,0.90923011302948,0.9707438945770264,0.9058735370635986,0.8948827981948853,0.9076523780822754,0.9326347708702087,0.9034801721572876,0.8957977294921875,0.9149282574653625,0.9122318029403687,0.9039381742477417,0.9194056987762451,0.9263763427734375,0.9180828332901001,0.9459145069122314,0.9356365203857422,0.938078761100769,0.9516637921333313,0.9438284635543823,0.9305484890937805,0.9101455211639404,0.9498320817947388,0.8926485776901245,0.9400631189346313,0.9598554968833923,0.9289716482162476,0.9345173835754395,0.9088232517242432,0.9089250564575195,nan,26.291248321533203,0.9911524057388306,-19.293886928408583,0.9911539554595947
16,0.027183616533875465,0.9917502999305725,0.9250513911247253,0.8971710205078125,0.9227129220962524,0.9034299850463867,0.9104598760604858,0.934262752532959,0.9110106825828552,0.9419456720352173,0.9206777215003967,0.9196094274520874,0.9135044813156128,0.9288185834884644,0.9141141772270203,0.9269362092018127,0.9478477239608765,0.9115195274353027,0.9666225910186768,0.9163029193878174,0.8851643800735474,0.9100437164306641,0.9340592622756958,0.9025644063949585,0.8933045864105225,0.9110105037689209,0.9048541784286499,0.907397985458374,0.9216444492340088,0.9286150336265564,0.9143177270889282,0.9509514570236206,0.9277501106262207,0.9402668476104736,0.9419460892677307,0.944184422492981,0.9373155832290649,0.9087717533111572,0.9489670991897583,0.8999244570732117,0.9472880959510803,0.9586343765258789,0.9395036101341248,0.9480512738227844,0.9042952060699463,0.9130458831787109,nan,25.719264268875122,0.9917485117912292,-18.878964665940593,0.9917502999305725
17,0.02997627668082714,0.9909551739692688,0.922274112701416,0.9019538164138794,0.9123333692550659,0.9063804149627686,0.9095950126647949,0.927393913269043,0.9046504497528076,0.9411824941635132,0.9198636412620544,0.9226620197296143,0.91304612159729,0.9284623861312866,0.9160476326942444,0.9275465607643127,0.9453037977218628,0.9146738648414612,0.9686068892478943,0.9136571288108826,0.8900488615036011,0.9089245796203613,0.9358909130096436,0.8989518880844116,0.8892850875854492,0.9115192890167236,0.8945766091346741,0.9028696417808533,0.9142159223556519,0.9235779047012329,0.9053118824958801,0.9377225637435913,0.9250534176826477,0.9324819445610046,0.9412844181060791,0.9384858012199402,0.9381805658340454,0.9051085710525513,0.945659875869751,0.9030777215957642,0.93980872631073,0.9559377431869507,0.9326345920562744,0.9381805658340454,0.8988001346588135,0.9060250520706177,nan,26.08452272415161,0.9684855937957764,-19.3778243516551,0.9909551739692688
18,0.028755752369761467,0.9907563924789429,0.9212362766265869,0.9069909453392029,0.9123842716217041,0.8971205949783325,0.9050671458244324,0.9244428873062134,0.9123333692550659,0.9395543336868286,0.9154371023178101,0.9186427593231201,0.9103492498397827,0.9194056987762451,0.917675793170929,0.9242393374443054,0.9362979531288147,0.9147756099700928,0.9601607918739319,0.9207285642623901,0.8926433324813843,0.9166581630706787,0.9249519109725952,0.9020047187805176,0.8913708925247192,0.9058717489242554,0.9037854671478271,0.9038363695144653,0.9192022085189819,0.9167090654373169,0.9106543064117432,0.9264271855354309,0.9138088822364807,0.928360641002655,0.9351277351379395,0.943777322769165,0.932939887046814,0.9124860167503357,0.9404700994491577,0.9158477783203125,0.936755895614624,0.9532411098480225,0.9413859844207764,0.9381805658340454,0.8929990530014038,0.9084157943725586,nan,26.01567506790161,0.9682884216308594,-19.309522141378025,0.9907563924789429
19,0.017795084044337273,0.9943345785140991,0.9228924512863159,0.9026660919189453,0.9210847616195679,0.9151826500892639,0.8992674350738525,0.924341082572937,0.9107052087783813,0.9384349584579468,0.9188971519470215,0.9141652584075928,0.9110614061355591,0.9238322973251343,0.9215426445007324,0.9303449392318726,0.932736337184906,0.9083138704299927,0.9648417234420776,0.9093831777572632,0.9028702974319458,0.9109596014022827,0.928564190864563,0.8989518880844116,0.8952376246452332,0.9083138704299927,0.9050066471099854,0.9116210341453552,0.9191513061523438,0.9196600914001465,0.9096876382827759,0.928564190864563,0.9101455211639404,0.9269868731498718,0.9380278587341309,0.9442352652549744,0.9436755776405334,0.9162511825561523,0.9424035549163818,0.9412846565246582,0.9389437437057495,0.9560903310775757,0.9370611906051636,0.9377225637435913,0.8923380374908447,0.9053627848625183,nan,26.721184730529785,0.9943333268165588,-19.430751256447003,0.9943345785140991
20,0.026748748496174812,0.9922472834587097,0.9207682013511658,0.908568263053894,0.9264271855354309,0.9110614061355591,0.9008445143699646,0.9247990250587463,0.912943959236145,0.9311590194702148,0.9173198342323303,0.9172689914703369,0.9141148328781128,0.9293782711029053,0.9246463775634766,0.9278009533882141,0.9356365203857422,0.9099422097206116,0.9679454565048218,0.911773681640625,0.900478720664978,0.9118756055831909,0.9260712265968323,0.8987992405891418,0.8849095702171326,0.9074488878250122,0.9067367315292358,0.9139106273651123,0.9076526165008545,0.9145721197128296,0.9093823432922363,0.9269868731498718,0.9228147268295288,0.9276483058929443,0.9310064315795898,0.9529866576194763,0.9405719041824341,0.9123333692550659,0.9333977699279785,0.9337030649185181,0.9273430109024048,0.9407244920730591,0.9263254404067993,0.919965386390686,0.8725963830947876,0.8981378078460693,nan,26.101476907730103,0.9922483563423157,-19.681439711291397,0.9922472834587097

21,0.0758126750588417,0.9775370359420776,0.9221204519271851,0.910603404045105,0.9218988418579102,0.8982908725738525,0.9001322984695435,0.9266307353973389,0.9169125556945801,0.9278009533882141,0.9125375151634216,0.9146742820739746,0.9248498678207397,0.9226622581481934,0.9026660919189453,0.9258676767349243,0.9385366439819336,0.9027684926986694,0.9631627202033997,0.9162517786026001,0.888573169708252,0.9217970967292786,0.9398597478866577,0.9065330028533936,0.8960518836975098,0.9063804149627686,0.9049561619758606,0.913809061050415,0.9096884727478027,0.9124860167503357,0.9125370979309082,0.9447949528694153,0.9188969135284424,0.9363996982574463,0.9384858012199402,0.941437304019928,0.9476442337036133,0.9194568395614624,0.9443879127502441,0.9067398309707642,0.9383336305618286,0.9479495286941528,0.9346704483032227,0.9258166551589966,0.8860287666320801,0.9121811389923096,nan,26.569514989852905,0.9775359630584717,-19.472831502371665,0.9775370359420776
22,0.11211880296468735,0.9673988819122314,0.9168456196784973,0.9055663347244263,0.9194059371948242,0.8962565064430237,0.910510778427124,0.9147756099700928,0.8991556167602539,0.932532787322998,0.9076526165008545,0.91365647315979,0.9098407030105591,0.9222550392150879,0.8975274562835693,0.9276992082595825,0.9214409589767456,0.8957465887069702,0.9456092119216919,0.9005817770957947,0.8950345516204834,0.912333607673645,0.9340083599090576,0.9012923240661621,0.8885222673416138,0.8991556167602539,0.9062788486480713,0.9038876891136169,0.9111124277114868,0.894983172416687,0.90928053855896,0.9232726097106934,0.9060244560241699,0.9218988418579102,0.9303958415985107,0.948153018951416,0.9362979531288147,0.9017504453659058,0.9406736493110657,0.9321775436401367,0.9430650472640991,0.9579220414161682,0.9332455396652222,0.9357382655143738,0.8663909435272217,0.8997155427932739,nan,26.08125329017639,0.9454623460769653,-19.2102649955268,0.9673988819122314
23,0.09534278512001038,0.9719709753990173,0.9140360355377197,0.9043458104133606,0.9137071371078491,0.8990545272827148,0.8994709253311157,0.921135663986206,0.8896408081054688,0.9323292970657349,0.9097384810447693,0.9089248180389404,0.9097895622253418,0.9264780282974243,0.9001222848892212,0.9179303646087646,0.9227129220962524,0.9014958739280701,0.947542667388916,0.9022597074508667,0.8833329677581787,0.9132492542266846,0.9364508390426636,0.9013432264328003,0.8978326916694641,0.8993593454360962,0.918032169342041,0.9087210893630981,0.9058207273483276,0.8941182494163513,0.9131983518600464,0.9176249504089355,0.904752254486084,0.9157423377037048,0.9296326637268066,0.9411824941635132,0.9398595690727234,0.8884711861610413,0.9301414489746094,0.9095375537872314,0.9337539672851562,0.9472880959510803,0.9154376983642578,0.9242901802062988,0.8738683462142944,0.8812459707260132,nan,25.920339822769165,0.9719583988189697,-18.74339242413271,0.9719709753990173
24,0.055716484785079956,0.9837988018989563,0.911956787109375,0.8974254727363586,0.9174214005470276,0.9212374091148376,0.8937220573425293,0.9164037704467773,0.8940165042877197,0.9213900566101074,0.9170143604278564,0.9150300025939941,0.9111122488975525,0.932380199432373,0.8893864154815674,0.9275465607643127,0.9144703149795532,0.8868426084518433,0.9582273364067078,0.8813475370407104,0.888674259185791,0.9122315645217896,0.9275974035263062,0.9072453379631042,0.8862320184707642,0.8896918296813965,0.9141141772270203,0.9024628400802612,0.9055154323577881,0.8974254727363586,0.9051592350006104,0.9094842672348022,0.8887758255004883,0.9038872718811035,0.9178793430328369,0.9554798007011414,0.9284114837646484,0.8939146995544434,0.9322783946990967,0.9234769940376282,0.9322783946990967,0.946830153465271,0.9138597846031189,0.9195583462715149,0.8600286841392517,0.8792612552642822,nan,26.01689314842224,0.983790397644043,-17.97959063785615,0.9837988018989563

25,0.033862266689538956,0.989464282989502,0.9079834222793579,0.8940674066543579,0.9313625693321228,0.9052101373672485,0.9033373594284058,0.9142159223556519,0.8963569402694702,0.9100946187973022,0.9276485443115234,0.911773681640625,0.9014958739280701,0.9321766495704651,0.8952376246452332,0.9229164123535156,0.9182354807853699,0.887961745262146,0.9759336709976196,0.8805841207504272,0.879770040512085,0.9095858335494995,0.9202197790145874,0.8991044759750366,0.8845527768135071,0.8863844871520996,0.8985447883605957,0.9000205993652344,0.9009361863136292,0.8913198709487915,0.8980869054794312,0.9170652627944946,0.8827210664749146,0.9029713869094849,0.9118754863739014,0.9444896578788757,0.9243919849395752,0.8951358795166016,0.9124860167503357,0.900530219078064,0.921288251876831,0.9406228065490723,0.906227707862854,0.8957972526550293,0.8374378681182861,0.8912180662155151,nan,25.56120753288269,0.9670682549476624,-17.76215526420427,0.989464282989502
26,0.01109981071203947,0.9966205954551697,0.9063757658004761,0.8691869378089905,0.9210338592529297,0.8992571830749512,0.8979446887969971,0.9178284406661987,0.8764119148254395,0.9050066471099854,0.909127950668335,0.9148774147033691,0.9078558683395386,0.9245954751968384,0.8953393697738647,0.9172687530517578,0.9035310745239258,0.890607476234436,0.9736440181732178,0.8765645623207092,0.8850107192993164,0.9073470830917358,0.928716778755188,0.894830584526062,0.8881652355194092,0.8821613788604736,0.8986465930938721,0.9003258347511292,0.9076014757156372,0.8932024240493774,0.8985447883605957,0.9148774147033691,0.8885214328765869,0.9091787934303284,0.9334486722946167,0.9390454888343811,0.9351785778999329,0.8865370750427246,0.9097384810447693,0.9136053323745728,0.9159967303276062,0.9360435605049133,0.9031749367713928,0.8958481550216675,0.8425257205963135,0.8807367086410522,nan,25.746299743652344,0.9966205358505249,-17.68728789509723,0.9966205954551697
27,0.01777675747871399,0.9953284859657288,0.9036239385604858,0.8657779693603516,0.9185916185379028,0.9094840884208679,0.8879222869873047,0.8974254727363586,0.8827210664749146,0.9094331860542297,0.9026660919189453,0.9039381742477417,0.891777753829956,0.9169634580612183,0.8939656019210815,0.9207285642623901,0.8945761919021606,0.8724941611289978,0.969319224357605,0.8871476650238037,0.8737152814865112,0.9059226512908936,0.9252060651779175,0.9007835388183594,0.8819578886032104,0.8883179426193237,0.8895899057388306,0.902411699295044,0.9102981686592102,0.8873511552810669,0.9043451547622681,0.9023099541664124,0.8874020576477051,0.9073470830917358,0.9256131052970886,0.94362473487854,0.9276992082595825,0.8890302181243896,0.9069401025772095,0.9204233288764954,0.9170652627944946,0.9376717209815979,0.8980871438980103,0.8989009857177734,0.8313829302787781,0.8833825588226318,nan,25.87343430519104,0.9953294992446899,-17.5770180773017,0.9953284859657288
28,0.03020484559237957,0.9907563924789429,0.9074054956436157,0.884756326675415,0.9134018421173096,0.9027678966522217,0.8930606842041016,0.9217970967292786,0.8889793157577515,0.9205759763717651,0.9091787934303284,0.8975272178649902,0.9065332412719727,0.9060242176055908,0.8958481550216675,0.9170652627944946,0.9019029140472412,0.8846036195755005,0.9628576040267944,0.8838913440704346,0.9023106098175049,0.9144703149795532,0.9176249504089355,0.8969675302505493,0.8807367086410522,0.8915742635726929,0.9021573066711426,0.9076014757156372,0.9064821004867554,0.8873511552810669,0.9034801721572876,0.9181337356567383,0.8899969458580017,0.9124351143836975,0.9224076271057129,0.9469828009605408,0.9286150336265564,0.9063295125961304,0.9158440828323364,0.916149377822876,0.9124351143836975,0.9377734661102295,0.906431257724762,0.9010379314422607,0.8500050902366638,0.8764123916625977,nan,26.40185022354126,0.9907560348510742,-17.480904053935543,0.9907563924789429
29,0.016405368223786354,0.9949309229850769,0.9070032835006714,0.8865879774093628,0.9124351143836975,0.9032766819000244,0.8906695246696472,0.9169634580612183,0.8920830488204956,0.9232217073440552,0.9032766819000244,0.9027678966522217,0.9114683866500854,0.9121807217597961,0.8966113328933716,0.9151826500892639,0.8955428600311279,0.886435329914093,0.9682507514953613,0.872901201248169,0.9035310745239258,0.9157931804656982,0.919812798500061,0.8918795585632324,0.885468602180481,0.8920321464538574,0.8910654187202454,0.9017502665519714,0.9041925668716431,0.8935585618019104,0.9031749367713928,0.9203215837478638,0.8856720924377441,0.9038363695144653,0.9309555292129517,0.9430141448974609,0.9339574575424194,0.8982395529747009,0.9183881282806396,0.9142670631408691,0.9166581630706787,0.9418438673019409,0.902411699295044,0.9014958739280701,0.8426783084869385,0.8885214328765869,nan,25.902742862701416,0.9949306845664978,-16.63934291289443,0.9949309229850769
30,0.009788335300981998,0.9971175789833069,0.9041786789894104,0.8814999461174011,0.9095858335494995,0.9095349311828613,0.8850224018096924,0.9121298789978027,0.8830772638320923,0.9196600914001465,0.8802788257598877,0.9047013521194458,0.9093314409255981,0.9072961807250977,0.8932533264160156,0.9136562347412109,0.8929988741874695,0.8879108428955078,0.9473898410797119,0.8782944679260254,0.8668973445892334,0.9107052087783813,0.9245954751968384,0.9028187990188599,0.890454888343811,0.8942199945449829,0.9117227792739868,0.9003258347511292,0.9028696417808533,0.8932533264160156,0.91045081615448,0.9111630916595459,0.8909127712249756,0.9036328792572021,0.9276483058929443,0.9357891082763672,0.9519690275192261,0.9022082090377808,0.9060242176055908,0.9071435928344727,0.9118245840072632,0.9307520389556885,0.9001221060752869,0.8913198709487915,0.8387605547904968,0.8755978345870972,nan,26.123849153518677,0.9971175193786621,-17.07059567254979,0.9971175789833069

31,0.0056339749135077,0.9984096884727478,0.9050073623657227,0.8814491033554077,0.9210338592529297,0.9116210341453552,0.8886345028877258,0.9127912521362305,0.8819578886032104,0.9230691194534302,0.8950340747833252,0.9038872718811035,0.9040907621383667,0.9103490114212036,0.8902515172958374,0.9133509397506714,0.8966622352600098,0.8795156478881836,0.952376127243042,0.8790577054023743,0.8667446970939636,0.9112139940261841,0.9223058819770813,0.8941182494163513,0.8848071694374084,0.8937112092971802,0.8984939455986023,0.8940165042877197,0.901699423789978,0.8902004957199097,0.8990536332130432,0.926223635673523,0.8871476650238037,0.9034801721572876,0.9282588958740234,0.9407244920730591,0.9408771991729736,0.9083138704299927,0.9185407161712646,0.9101455211639404,0.9117227792739868,0.9473389387130737,0.895186722278595,0.9019538164138794,0.8419151306152344,0.8827210664749146,nan,25.997321605682373,0.9984098672866821,-16.70608713877816,0.9984096884727478
32,0.025841811671853065,0.9918497204780579,0.9050836563110352,0.8791085481643677,0.9074997901916504,0.9034804105758667,0.9012006521224976,0.9071435928344727,0.8953393697738647,0.9197618961334229,0.8888267278671265,0.8957972526550293,0.9115701913833618,0.906431257724762,0.8881652355194092,0.9140633344650269,0.8965096473693848,0.8904039859771729,0.9522234797477722,0.8772768974304199,0.8945252895355225,0.9159967303276062,0.9193547964096069,0.8972219228744507,0.8825175762176514,0.8944743871688843,0.900529146194458,0.8941690921783447,0.900376558303833,0.8854176998138428,0.8986974954605103,0.9173704981803894,0.8919304013252258,0.9101455211639404,0.9228655695915222,0.9360944032669067,0.9331942796707153,0.8964587450027466,0.9181846380233765,0.9093314409255981,0.9092296361923218,0.9390454888343811,0.8983412981033325,0.9072961807250977,0.8482242822647095,0.8882161378860474,nan,25.781846284866333,0.9918518662452698,-17.14860164004213,0.9918497204780579
33,0.05519414320588112,0.9849915504455566,0.9061318635940552,0.902564525604248,0.9166581630706787,0.8982395529747009,0.898962140083313,0.9168617129325867,0.8931515216827393,0.9193547964096069,0.8980869054794312,0.9081103205680847,0.9054645299911499,0.9099420309066772,0.8934568166732788,0.9226111769676208,0.9028187990188599,0.8920830488204956,0.9628065824508667,0.8751909732818604,0.8855705261230469,0.9131474494934082,0.9233235120773315,0.894830584526062,0.8827210664749146,0.8905566334724426,0.9036837220191956,0.897425651550293,0.9105017185211182,0.8844001293182373,0.9015467166900635,0.9098402261734009,0.8913707137107849,0.9111630916595459,0.931057333946228,0.935585618019104,0.9388928413391113,0.8931006193161011,0.9198636412620544,0.9102474451065063,0.9008853435516357,0.9434211850166321,0.8995628356933594,0.9090770483016968,0.8330119848251343,0.8705099821090698,nan,26.521201610565186,0.9850007891654968,-15.961380482620468,0.9849915504455566
34,0.12127862125635147,0.9672994613647461,0.8984716534614563,0.8821104764938354,0.9006817936897278,0.9031751155853271,0.8810032606124878,0.9019029140472412,0.8836371302604675,0.91426682472229,0.888267457485199,0.8832305073738098,0.8992064595222473,0.9016485214233398,0.8889284729957581,0.9228149056434631,0.8962043523788452,0.8580954670906067,0.9465757608413696,0.8570265769958496,0.8675589561462402,0.9174214005470276,0.9154374599456787,0.8846036195755005,0.8776841163635254,0.8805841207504272,0.8975272178649902,0.9066856503486633,0.8896408081054688,0.8839930891990662,0.8991556167602539,0.9141650199890137,0.8812455534934998,0.902411699295044,0.9165055751800537,0.9303958415985107,0.9419965744018555,0.8992571830749512,0.9109086990356445,0.9088226556777954,0.9003256559371948,0.9335504174232483,0.9038872718811035,0.8972219228744507,0.8334692120552063,0.8668975234031677,nan,26.517621517181396,0.9454108476638794,-15.534229987966956,0.9672994613647461
35,0.021728001534938812,0.9932412505149841,0.8942612409591675,0.8654217720031738,0.9105525612831116,0.9061768651008606,0.8764244914054871,0.9112648963928223,0.8806350231170654,0.8963569402694702,0.8774295449256897,0.8693904876708984,0.8949323296546936,0.8952884674072266,0.8828228712081909,0.921491801738739,0.8594688177108765,0.8519893884658813,0.952732264995575,0.8504630327224731,0.872901201248169,0.9096876382827759,0.9193547964096069,0.8975781202316284,0.8809402585029602,0.8876055479049683,0.891167163848877,0.9051083326339722,0.899206280708313,0.88373863697052,0.9047013521194458,0.9004274010658264,0.865472674369812,0.8929988741874695,0.9172178506851196,0.9440317153930664,0.9449985027313232,0.8918795585632324,0.899562418460846,0.8892339468002319,0.8809402585029602,0.9318714141845703,0.8782944679260254,0.8892337083816528,0.835962176322937,0.8664902448654175,nan,27.38398575782776,0.9932383894920349,-15.53986505831275,0.9932412505149841
36,0.00912709441035986,0.9974157810211182,0.8918399810791016,0.8637936115264893,0.9107561111450195,0.9141141772270203,0.8696072101593018,0.9080085754394531,0.860130250453949,0.8890302181243896,0.8830263614654541,0.8779383301734924,0.8883179426193237,0.9070417881011963,0.8776839375495911,0.917319655418396,0.862419843673706,0.8514806032180786,0.9432685375213623,0.8435941934585571,0.8556528091430664,0.9097893238067627,0.9214409589767456,0.8897425532341003,0.8720871210098267,0.8850107192993164,0.8834334015846252,0.9044978022575378,0.8925409317016602,0.8808385133743286,0.8940674066543579,0.8994606733322144,0.867202639579773,0.8956955671310425,0.9025135040283203,0.9336521625518799,0.9425053596496582,0.897323727607727,0.8962043523788452,0.8952884674072266,0.9001729488372803,0.928920328617096,0.8852651119232178,0.8808894157409668,0.8308232426643372,0.8584003448486328,nan,26.266592264175415,0.9747954607009888,-16.35684419614327,0.9974157810211182
37,0.001725219888612628,0.9995030164718628,0.8908900022506714,0.8747837543487549,0.9033275842666626,0.9093823432922363,0.8870574235916138,0.9047013521194458,0.8697974681854248,0.9027678966522217,0.8819578886032104,0.878040075302124,0.8882670402526855,0.9095858335494995,0.8783453702926636,0.9193547964096069,0.8720362186431885,0.8634374737739563,0.9482548236846924,0.8500559329986572,0.8466978669166565,0.9043451547622681,0.9130457043647766,0.8760557770729065,0.8613513708114624,0.8886740207672119,0.8818052411079407,0.9007835388183594,0.8829245567321777,0.8761066198348999,0.8871476650238037,0.9109086990356445,0.8707642555236816,0.8855195045471191,0.8955937623977661,0.9170143604278564,0.9242901802062988,0.8965604901313782,0.899358868598938,0.8911163210868835,0.9027678966522217,0.9295817613601685,0.8784471750259399,0.8783962726593018,0.8263967037200928,0.8557037115097046,nan,26.90726399421692,0.9995031356811523,-16.93101719100887,0.9995030164718628
38,0.0005547104519791901,0.9999005794525146,0.8903583288192749,0.8715274333953857,0.9047013521194458,0.9069401025772095,0.8702177405357361,0.9078558683395386,0.8690342903137207,0.8932024240493774,0.8761066198348999,0.8840439319610596,0.8868423700332642,0.9067365527153015,0.8565686345100403,0.9150809049606323,0.8668973445892334,0.8551440238952637,0.9459143280982971,0.8563650846481323,0.8462908267974854,0.9057698249816895,0.9108577966690063,0.8812963962554932,0.8695430755615234,0.8869441747665405,0.8845527768135071,0.8956955671310425,0.8846036195755005,0.8809911608695984,0.8853159546852112,0.9110614061355591,0.8726468086242676,0.8917268514633179,0.9135544896125793,0.9244428873062134,0.9227638244628906,0.8963569402694702,0.8997659683227539,0.8948814868927002,0.9049557447433472,0.9225603342056274,0.8827210664749146,0.8830772638320923,0.8241070508956909,0.8493945598602295,nan,26.22707986831665,0.9999006390571594,-16.917255193454206,0.9999005794525146
39,0.00012791053450200707,1.0,0.8904531002044678,0.8731555938720703,0.9033784866333008,0.904752254486084,0.8726089000701904,0.9094840884208679,0.8763101696968079,0.8945761919021606,0.8784980177879333,0.8841457366943359,0.8878599405288696,0.9061768651008606,0.8566703796386719,0.9155387878417969,0.872901201248169,0.8543807864189148,0.9477460384368896,0.8598758578300476,0.8433398008346558,0.9054645299911499,0.9065330028533936,0.8791594505310059,0.8652691841125488,0.8866897225379944,0.8829245567321777,0.8935585618019104,0.8852651119232178,0.8760557770729065,0.8827719688415527,0.9115701913833618,0.8735626339912415,0.89386385679245,0.91045081615448,0.9238322973251343,0.9236288070678711,0.8932024240493774,0.8987992405891418,0.8928462266921997,0.9090770483016968,0.9230691194534302,0.8840948343276978,0.8840439319610596,0.8233438730239868,0.853261411190033,nan,26.59035348892212,1.0,-16.8859488188942,1.0
40,7.537532655987889e-05,1.0,0.8905224800109863,0.8724432587623596,0.9031749367713928,0.9055154323577881,0.8732702732086182,0.9095858335494995,0.8745293617248535,0.8946779370307922,0.8810420036315918,0.8841457366943359,0.8891828656196594,0.9063295125961304,0.8572300672531128,0.9169125556945801,0.8733082413673401,0.8541263937950134,0.9507988095283508,0.8583494424819946,0.844306468963623,0.9053118824958801,0.9070926904678345,0.8795156478881836,0.8649129867553711,0.8857229948043823,0.8834334015846252,0.8937112092971802,0.8850615620613098,0.8763101696968079,0.8830772638320923,0.9120789766311646,0.8718327283859253,0.8927444815635681,0.9102981686592102,0.9240357875823975,0.9258166551589966,0.8928971290588379,0.8990536332130432,0.8915742635726929,0.9082629680633545,0.9235270023345947,0.8831790089607239,0.8832807540893555,0.8225806355476379,0.8525999784469604,nan,26.372498989105225,1.0,-16.856622105765183,1.0

41,6.16991164861247e-05,1.0,0.8904612064361572,0.8719853162765503,0.9025135040283203,0.9056680202484131,0.8726089000701904,0.9084664583206177,0.8732064962387085,0.8949323296546936,0.8794647455215454,0.8827210664749146,0.8883179426193237,0.9054136276245117,0.8589091300964355,0.9169125556945801,0.8722906112670898,0.8539228439331055,0.9500864744186401,0.8578915596008301,0.8453240990638733,0.9056171774864197,0.9079067707061768,0.8805841207504272,0.8656253218650818,0.8861809372901917,0.8834334015846252,0.8948814868927002,0.8862317800521851,0.8776330947875977,0.8845018744468689,0.9113157987594604,0.8718835711479187,0.8918286561965942,0.9105017185211182,0.9234252572059631,0.9271395206451416,0.8937112092971802,0.8984939455986023,0.8902004957199097,0.9079576730728149,0.923018217086792,0.88226318359375,0.8828228712081909,0.8227332830429077,0.8536175489425659,nan,27.338767766952515,1.0,-16.87952692372912,1.0
42,5.306100138113834e-05,1.0,0.8904473781585693,0.8717818260192871,0.902055561542511,0.9057189226150513,0.8719475269317627,0.9079067707061768,0.8725959062576294,0.8949323296546936,0.8789559602737427,0.8819069862365723,0.8881652355194092,0.904752254486084,0.8596723079681396,0.9169634580612183,0.8717309236526489,0.8536175489425659,0.9497811794281006,0.857433557510376,0.8461890816688538,0.9058207273483276,0.9087717533111572,0.8814999461174011,0.8661341071128845,0.8861809372901917,0.8834842443466187,0.8954920172691345,0.8868423700332642,0.8783962726593018,0.8850615620613098,0.9111122488975525,0.8722906112670898,0.8918795585632324,0.9107561111450195,0.9234760999679565,0.9280553460121155,0.8939656019210815,0.8985447883605957,0.8890302181243896,0.9079067707061768,0.9227129220962524,0.8811947107315063,0.882619321346283,0.8228350877761841,0.8537193536758423,nan,26.04354238510132,1.0,-16.889259957921233,1.0
43,4.6678822400281206e-05,1.0,0.8904485106468201,0.8716291785240173,0.901699423789978,0.9059224724769592,0.8716931343078613,0.9078558683395386,0.8721888661384583,0.894830584526062,0.8781927227973938,0.8814999461174011,0.8883179426193237,0.9042942523956299,0.8603846430778503,0.917116105556488,0.8714765310287476,0.8534649610519409,0.949323296546936,0.857433557510376,0.8467996120452881,0.9059733152389526,0.9092296361923218,0.8819578886032104,0.8662867546081543,0.8861809372901917,0.8835351467132568,0.8957464098930359,0.8872494101524353,0.8789559602737427,0.8856720924377441,0.9109596014022827,0.8719344735145569,0.8917268514633179,0.9109086990356445,0.9233744144439697,0.9291238784790039,0.8942708969116211,0.8984939455986023,0.8883687853813171,0.9075506329536438,0.9223058819770813,0.8805841207504272,0.8824666738510132,0.8230385780334473,0.8540246486663818,nan,26.867056131362915,1.0,-16.893648744186343,1.0
44,4.162449840805493e-05,1.0,0.8904727697372437,0.8716291785240173,0.9012923240661621,0.906075119972229,0.8714896440505981,0.9074997901916504,0.8719853162765503,0.8947287797927856,0.8778365850448608,0.8809402585029602,0.8884196281433105,0.9041416645050049,0.8614022731781006,0.9172687530517578,0.8712730407714844,0.8537702560424805,0.9490180015563965,0.8571283221244812,0.8472575545310974,0.906075119972229,0.9100946187973022,0.882415771484375,0.8664902448654175,0.8860791921615601,0.88373863697052,0.8957972526550293,0.8875547051429749,0.8793120980262756,0.8859773874282837,0.9109086990356445,0.8717309236526489,0.8915233612060547,0.9110105037689209,0.9236288070678711,0.9295308589935303,0.8948814868927002,0.8983922004699707,0.887961745262146,0.9072961807250977,0.9221532344818115,0.8801261782646179,0.8821613788604736,0.8230385780334473,0.8541263937950134,nan,25.44646668434143,1.0,-16.89549085053828,1.0

45,3.7494784919545054e-05,1.0,0.8904508352279663,0.8716291785240173,0.9009870886802673,0.9061260223388672,0.8713369965553284,0.907397985458374,0.8717818260192871,0.8947287797927856,0.8775821924209595,0.8802788257598877,0.8884196281433105,0.9040398597717285,0.8620128631591797,0.9172178506851196,0.871171236038208,0.8537193536758423,0.9487636089324951,0.8571283221244812,0.8477154970169067,0.9061260223388672,0.9106543064117432,0.8829245567321777,0.866999089717865,0.8858247995376587,0.8836877942085266,0.8957464098930359,0.8881143927574158,0.8795156478881836,0.8863335847854614,0.9108069539070129,0.8714765310287476,0.8914215564727783,0.9111630916595459,0.9235270023345947,0.9297344088554382,0.8950340747833252,0.8981378078460693,0.8872494101524353,0.9069401025772095,0.9219497442245483,0.8797191381454468,0.8819069862365723,0.8229367733001709,0.8543807864189148,nan,26.640252351760864,1.0,-16.896900266103817,1.0
46,3.403731534490362e-05,1.0,0.8904589414596558,0.8714765310287476,0.9007326364517212,0.9063804149627686,0.8711843490600586,0.9071435928344727,0.8716800212860107,0.8947796821594238,0.8774803876876831,0.87992262840271,0.8883687853813171,0.9037854671478271,0.8625724911689758,0.9173704981803894,0.8712730407714844,0.8536684513092041,0.9485601186752319,0.8573318719863892,0.8482751846313477,0.9061768651008606,0.9110105037689209,0.8834334015846252,0.867202639579773,0.8856212496757507,0.8837895393371582,0.8960008025169373,0.8882670402526855,0.8797191381454468,0.8865879774093628,0.9106543064117432,0.8710694909095764,0.8915233612060547,0.9113157987594604,0.9233744144439697,0.930243194103241,0.8951358795166016,0.8978325128555298,0.886791467666626,0.9063295125961304,0.921847939491272,0.8791594505310059,0.8821104764938354,0.8228859305381775,0.8547369241714478,nan,25.966797351837158,1.0,-16.897364146334315,1.0
47,3.102824848610908e-05,1.0,0.8904970288276672,0.8715274333953857,0.9007326364517212,0.9064821004867554,0.8712352514266968,0.9069909453392029,0.8717818260192871,0.8949323296546936,0.8773786425590515,0.8794647455215454,0.8884196281433105,0.9034801721572876,0.8630813360214233,0.9173704981803894,0.871171236038208,0.8536684513092041,0.9486618638038635,0.8575862646102905,0.848885715007782,0.906227707862854,0.9112139940261841,0.8836877942085266,0.867355227470398,0.885468602180481,0.8837895393371582,0.8958481550216675,0.8885723352432251,0.879770040512085,0.8866897225379944,0.9106543064117432,0.871018648147583,0.8913198709487915,0.9115192890167236,0.9235779047012329,0.9308028817176819,0.8953393697738647,0.8977816104888916,0.8863335847854614,0.9063295125961304,0.921695351600647,0.8789559602737427,0.8821613788604736,0.8227841854095459,0.8549404740333557,nan,26.905872583389282,1.0,-16.89740722310459,1.0
48,2.841301102307625e-05,1.0,0.8905409574508667,0.8716800212860107,0.9006817936897278,0.9065330028533936,0.871286153793335,0.9067365527153015,0.8717818260192871,0.895186722278595,0.8774803876876831,0.8789559602737427,0.8884705305099487,0.9029713869094849,0.8634883165359497,0.917675793170929,0.8709677457809448,0.8535667061805725,0.9485601186752319,0.8579424023628235,0.8496997952461243,0.9063295125961304,0.9115192890167236,0.8838913440704346,0.8675078749656677,0.8852651119232178,0.883942186832428,0.8959499597549438,0.8890302181243896,0.8799735307693481,0.886791467666626,0.9108069539070129,0.8709677457809448,0.8913707137107849,0.9115701913833618,0.9236288070678711,0.9312608242034912,0.8955937623977661,0.8974254727363586,0.8857738971710205,0.9062786102294922,0.9215935468673706,0.8786506652832031,0.882059633731842,0.8225806355476379,0.8555001616477966,nan,25.983292818069458,1.0,-16.897448202379064,1.0
49,2.6114716092706658e-05,1.0,0.890579104423523,0.8716291785240173,0.9004782438278198,0.9064821004867554,0.8713369965553284,0.9068382978439331,0.8720362186431885,0.895186722278595,0.8773786425590515,0.8787524104118347,0.8884705305099487,0.9029713869094849,0.8637427091598511,0.9177775382995605,0.8708659410476685,0.8534649610519409,0.9486618638038635,0.8577388525009155,0.8500559329986572,0.9064821004867554,0.9118245840072632,0.8844510316848755,0.8676605224609375,0.8852651119232178,0.883942186832428,0.8959499597549438,0.8893355131149292,0.8803297281265259,0.8873002529144287,0.91045081615448,0.8709168434143066,0.8914215564727783,0.9116210341453552,0.9236288070678711,0.9321258068084717,0.8956955671310425,0.8972728252410889,0.885468602180481,0.9057189226150513,0.9213391542434692,0.8782944679260254,0.882059633731842,0.8225806355476379,0.855754554271698,nan,26.004951000213623,1.0,-16.897955664416784,1.0
50,2.405879604339134e-05,1.0,0.890650749206543,0.8716800212860107,0.9004274010658264,0.9066348075866699,0.87143874168396,0.9067873954772949,0.8721380233764648,0.8954920172691345,0.8774295449256897,0.8783962726593018,0.8885723352432251,0.9028187990188599,0.8643532991409302,0.9177775382995605,0.8709677457809448,0.8534140586853027,0.9484074115753174,0.8580441474914551,0.8505138754844666,0.9063804149627686,0.9119771718978882,0.8846545219421387,0.8678640127182007,0.8850615620613098,0.8839930891990662,0.8960517048835754,0.8895899057388306,0.8804823160171509,0.8875038027763367,0.91045081615448,0.8708659410476685,0.8914724588394165,0.9117227792739868,0.9238831996917725,0.9324819445610046,0.8959499597549438,0.8969675302505493,0.8851633071899414,0.9057189226150513,0.921288251876831,0.8780909776687622,0.882059633731842,0.8226315379142761,0.8562633991241455,nan,25.356398105621338,1.0,-16.898107581958065,1.0

51,2.2216836441657506e-05,1.0,0.8906958103179932,0.8715783357620239,0.9000203609466553,0.9068382978439331,0.87143874168396,0.9068382978439331,0.8721888661384583,0.8954920172691345,0.8772768974304199,0.8780909776687622,0.8886231780052185,0.9026152491569519,0.8647603392601013,0.9180319309234619,0.8711203932762146,0.8534649610519409,0.9484583139419556,0.8585529327392578,0.8508700132369995,0.9063804149627686,0.9124351143836975,0.8848580121994019,0.8678131699562073,0.8851124048233032,0.883942186832428,0.8958481550216675,0.8897933959960938,0.8805332183837891,0.8878599405288696,0.91045081615448,0.8709168434143066,0.8915742635726929,0.9118245840072632,0.9238831996917725,0.9328889846801758,0.896153450012207,0.896713137626648,0.8848580121994019,0.9056680202484131,0.921135663986206,0.8778365850448608,0.8822122812271118,0.8225806355476379,0.8564668893814087,nan,25.95571279525757,1.0,-16.898336233266626,1.0

