epoch,loss,balanced_accuracy,balanced_accuracy_Bar,balanced_accuracy_Black_Bar,balanced_accuracy_Black_Border,balanced_accuracy_Black_Symbol,balanced_accuracy_Blue,balanced_accuracy_Border,balanced_accuracy_Circular_Shape,balanced_accuracy_D1a1,balanced_accuracy_D1a4,balanced_accuracy_D1a5,balanced_accuracy_D1a6,balanced_accuracy_D1a7,balanced_accuracy_D2a1,balanced_accuracy_D2a2,balanced_accuracy_D3,balanced_accuracy_Diamond_Shape,balanced_accuracy_Octagonal_Shape,balanced_accuracy_Red_Border,balanced_accuracy_Red_Ground,balanced_accuracy_Symbol,balanced_accuracy_Symbol_NoEntryGoods,balanced_accuracy_Symbol_Overtaking,balanced_accuracy_Symbol_OvertakingGoods,balanced_accuracy_Symbol_Speed100,balanced_accuracy_Symbol_Speed120,balanced_accuracy_Symbol_Speed20,balanced_accuracy_Symbol_Speed30,balanced_accuracy_Symbol_Speed50,balanced_accuracy_Symbol_Speed60,balanced_accuracy_Symbol_Speed70,balanced_accuracy_Symbol_Speed80,balanced_accuracy_Symbol_Stop,balanced_accuracy_Triangular_Shape,balanced_accuracy_White_Bar,balanced_accuracy_White_Border,balanced_accuracy_White_Ground,balanced_accuracy_White_Symbol,balanced_accuracy_Yellow_Ground,epoch_elapsed
0,0.23142491281032562,0.49307531118392944,0.5177182555198669,0.4956724941730499,0.5317568182945251,0.6906741857528687,0.6823196411132812,0.7110286355018616,0.6907060742378235,0.5107913613319397,0.537664532661438,0.4998692274093628,0.5014939308166504,0.5049980282783508,0.5167794227600098,0.5009254813194275,0.5020519495010376,0.531592845916748,0.5106635689735413,0.6944314241409302,0.6708849668502808,0.5391577482223511,0.4999348223209381,0.501891553401947,0.49652621150016785,0.5019112825393677,0.5041074156761169,0.5085855722427368,0.4985920488834381,0.5134491920471191,0.5067837834358215,0.49844473600387573,0.49307531118392944,0.5133602619171143,0.7001463174819946,0.5359084606170654,0.5239462852478027,0.6930409073829651,0.7141400575637817,0.5597454905509949,9.88818883895874
1,0.1625976711511612,0.49928179383277893,0.7948359847068787,0.8242261409759521,0.809641420841217,0.8764543533325195,0.819493293762207,0.9646039009094238,0.9524484276771545,0.6263505816459656,0.6831172704696655,0.5885145664215088,0.7566853761672974,0.6830496788024902,0.6905721426010132,0.6440485715866089,0.6905983686447144,0.9092098474502563,0.7463966608047485,0.9402598142623901,0.9893693923950195,0.7329733967781067,0.5227004885673523,0.555081844329834,0.6254184246063232,0.5111995339393616,0.5316834449768066,0.5110424160957336,0.5130386352539062,0.49928179383277893,0.5025843977928162,0.4998043477535248,0.5023697018623352,0.825862467288971,0.9554623961448669,0.7478970289230347,0.8833333253860474,0.9511809349060059,0.9467039704322815,0.8803240656852722,9.76139497756958
2,0.1296328902244568,0.5020146369934082,0.915237545967102,0.9334133863449097,0.8746263384819031,0.929444432258606,0.847428560256958,0.9778831005096436,0.9701270461082458,0.872148871421814,0.8897851705551147,0.8451787233352661,0.9600000381469727,0.8712468147277832,0.8616878390312195,0.819368839263916,0.8950303792953491,0.9449241161346436,0.9357973337173462,0.9519660472869873,0.9911364316940308,0.82891845703125,0.6673721671104431,0.6506388187408447,0.7950692176818848,0.5555968284606934,0.5439136028289795,0.5828179717063904,0.513496458530426,0.5020146369934082,0.5169429779052734,0.5056769847869873,0.5796499848365784,0.9320757389068604,0.9621543884277344,0.8424121141433716,0.9498691558837891,0.9672870635986328,0.9657498002052307,0.8907647132873535,10.42121171951294
3,0.11006259173154831,0.5212389230728149,0.9335284233093262,0.9519299268722534,0.8922998905181885,0.9608893990516663,0.8575174808502197,0.9833427667617798,0.976783037185669,0.8969283699989319,0.919000506401062,0.9210213422775269,0.9827917814254761,0.9326993227005005,0.939858615398407,0.8705750107765198,0.9273539185523987,0.964154839515686,0.9704837203025818,0.9606456756591797,0.9953675866127014,0.9003732204437256,0.8251366019248962,0.7301298975944519,0.8465081453323364,0.5890557765960693,0.5601122975349426,0.6747351884841919,0.5268621444702148,0.5316936373710632,0.537645697593689,0.5212389230728149,0.6426886320114136,0.9700373411178589,0.9686035513877869,0.8782643675804138,0.96647047996521,0.9774961471557617,0.976325273513794,0.9077860116958618,9.814359188079834

4,0.09705689549446106,0.531058669090271,0.9422640800476074,0.9544939994812012,0.9032143354415894,0.970973789691925,0.868196964263916,0.9846673011779785,0.9782727956771851,0.9283105134963989,0.9460657835006714,0.9490458965301514,0.9827917814254761,0.9467312097549438,0.9487753510475159,0.8812622427940369,0.9327302575111389,0.9752746820449829,0.9863870143890381,0.9620197415351868,0.9968671202659607,0.9310644268989563,0.8972443342208862,0.8072519302368164,0.8828717470169067,0.616360068321228,0.6053240895271301,0.7418397068977356,0.5902278423309326,0.5643013119697571,0.5492892265319824,0.531058669090271,0.6640077829360962,0.9726600646972656,0.9731016159057617,0.89322829246521,0.9750000238418579,0.9846786260604858,0.981242299079895,0.9144325256347656,9.796029090881348
5,0.08750619739294052,0.5702531933784485,0.9544669389724731,0.9624701738357544,0.8973703384399414,0.9768697023391724,0.8758081793785095,0.9865307807922363,0.9824998378753662,0.9501148462295532,0.9651097059249878,0.9630908370018005,0.9828571081161499,0.9524486064910889,0.9639412760734558,0.9107012748718262,0.938041090965271,0.9862637519836426,0.9891358613967896,0.9638331532478333,0.9954344630241394,0.9503660202026367,0.9234298467636108,0.8437662720680237,0.9015171527862549,0.658789873123169,0.6177489757537842,0.774966835975647,0.6455872058868408,0.5912473797798157,0.5702531933784485,0.5975143313407898,0.6948291659355164,0.9833472967147827,0.9771546721458435,0.9095739126205444,0.9861111044883728,0.9865705370903015,0.9847187995910645,0.9209471940994263,9.996273040771484

6,0.08012253046035767,0.6178722381591797,0.9609719514846802,0.967312216758728,0.9011731147766113,0.9792909622192383,0.8810253739356995,0.987617015838623,0.983507513999939,0.9501148462295532,0.9730656147003174,0.9687741994857788,0.985518217086792,0.9691429734230042,0.9727927446365356,0.9268957376480103,0.9408602118492126,0.9890109896659851,0.9917536377906799,0.9662715196609497,0.9954344630241394,0.9655404686927795,0.9463257789611816,0.8668914437294006,0.8996989727020264,0.7097335457801819,0.6383057236671448,0.8114105463027954,0.7035934925079346,0.6179323196411133,0.6178722381591797,0.6544111371040344,0.7262487411499023,0.9914773106575012,0.9797807335853577,0.9220957159996033,0.9861111044883728,0.9879429936408997,0.9881799221038818,0.9294579029083252,9.935015439987183

7,0.0742415264248848,0.6338828206062317,0.9623563289642334,0.9688781499862671,0.9078328013420105,0.9815360903739929,0.8886339664459229,0.9872283935546875,0.985566258430481,0.9562608003616333,0.9759358167648315,0.9743267893791199,0.9913632273674011,0.9718708395957947,0.9786501526832581,0.9322066307067871,0.9542356729507446,0.9862637519836426,0.9892013072967529,0.9658473134040833,0.9956351518630981,0.9702261686325073,0.956324577331543,0.89667809009552,0.9124924540519714,0.7513799667358398,0.6338828206062317,0.8562994003295898,0.7149008512496948,0.6605013608932495,0.6742239594459534,0.7110470533370972,0.7528508305549622,0.9888545870780945,0.9817447066307068,0.9275663495063782,0.9916012287139893,0.9888972043991089,0.9892477989196777,0.9273301959037781,9.817469358444214

8,0.0693483054637909,0.6811330318450928,0.9650306701660156,0.9709432125091553,0.9099160432815552,0.9853030443191528,0.894196629524231,0.9896534085273743,0.9869463443756104,0.9594968557357788,0.9810870289802551,0.9773319363594055,0.9913632273674011,0.9747295379638672,0.9879586696624756,0.9459092617034912,0.962300181388855,0.9916927814483643,0.9918845891952515,0.9690597057342529,0.9942024946212769,0.9758313298225403,0.9561290740966797,0.9126113057136536,0.9181456565856934,0.7604813575744629,0.7038794755935669,0.8956671357154846,0.7424823641777039,0.6811330318450928,0.7246885895729065,0.7649098038673401,0.7742365002632141,0.9889200925827026,0.9818955063819885,0.940088152885437,0.9916012287139893,0.9892417192459106,0.9910417795181274,0.9314537644386292,10.083401679992676

9,0.06520742923021317,0.7293636798858643,0.9711925983428955,0.9696611166000366,0.9173340797424316,0.9855390787124634,0.8904322981834412,0.9905383586883545,0.9884132146835327,0.9750900268554688,0.9838262796401978,0.9828845262527466,0.988440752029419,0.9804469347000122,0.9849646091461182,0.9565964937210083,0.962300181388855,0.9972527027130127,0.9917536377906799,0.971696674823761,0.9955013990402222,0.9776515960693359,0.9462606310844421,0.9247827529907227,0.9289885759353638,0.7969523668289185,0.7449280023574829,0.9236000776290894,0.7756849527359009,0.7293636798858643,0.7692661285400391,0.7999807596206665,0.7860535383224487,0.9916082620620728,0.9839643239974976,0.9438456892967224,0.9943790435791016,0.9893264770507812,0.9921250343322754,0.9375731945037842,15.137855052947998

10,0.06151778623461723,0.7531896233558655,0.9730473756790161,0.9778525829315186,0.926674485206604,0.9886614084243774,0.8976993560791016,0.9926966428756714,0.9902526140213013,0.9688136577606201,0.991978645324707,0.9971910119056702,0.9914286136627197,0.9888268113136292,0.9847687482833862,0.9647265076637268,0.9703646898269653,0.9944400787353516,0.9945024251937866,0.9734107851982117,0.9955682754516602,0.9854913949966431,0.9495501518249512,0.9408485889434814,0.9306743144989014,0.8211140632629395,0.7531896233558655,0.9349040985107422,0.80637127161026,0.7649653553962708,0.826140284538269,0.8283965587615967,0.8108060359954834,0.9916082620620728,0.9845472574234009,0.9473381042480469,0.9972221851348877,0.9926073551177979,0.9929662942886353,0.944219708442688,12.123269081115723

11,0.05823696032166481,0.7731621265411377,0.9757484197616577,0.9786355495452881,0.9377497434616089,0.991519570350647,0.9028276205062866,0.990941047668457,0.991369903087616,0.9625371694564819,0.9971952438354492,0.9915076494216919,0.9914286136627197,0.9887614250183105,0.9907568097114563,0.9700373411178589,0.9783636927604675,1.0,0.9971857070922852,0.9757498502731323,0.9968671202659607,0.9836175441741943,0.962968647480011,0.9481068849563599,0.939765214920044,0.841871976852417,0.7731621265411377,0.9517292380332947,0.849149763584137,0.8012852668762207,0.8560327291488647,0.8631414771080017,0.8233542442321777,0.9916082620620728,0.9874215722084045,0.9545881152153015,0.9972221851348877,0.9932962656021118,0.9932736158370972,0.9570515155792236,10.977173805236816

12,0.055234864354133606,0.8372787237167358,0.9755737781524658,0.9792055487632751,0.9435937404632568,0.9948778748512268,0.9126574993133545,0.9932441115379333,0.9923981428146362,0.9779999256134033,0.9971952438354492,0.9886986613273621,0.9941549897193909,0.9943480491638184,0.9878281354904175,0.9809209704399109,0.9757410287857056,1.0,0.9946334362030029,0.9802024364471436,0.9971346855163574,0.9928447008132935,0.966388463973999,0.9537495970726013,0.9469054937362671,0.8481572270393372,0.8433535695075989,0.9629678130149841,0.8826138973236084,0.8372787237167358,0.8976341485977173,0.8760605454444885,0.8441416621208191,0.9943618774414062,0.9876183271408081,0.9599924683570862,0.9971567988395691,0.9942284822463989,0.994049608707428,0.9654304385185242,10.875216484069824

13,0.05248766764998436,0.8491894006729126,0.9807950854301453,0.986682653427124,0.9541289806365967,0.9953652024269104,0.9217164516448975,0.9941431879997253,0.9931658506393433,0.984276294708252,0.9973261952400208,0.9971910119056702,0.9942203760147095,0.9971413612365723,0.9939466714859009,0.986493706703186,0.9892473220825195,0.9971219301223755,0.9972512125968933,0.9831892251968384,0.9953675866127014,0.9923581480979919,0.9730325937271118,0.9640401601791382,0.9420469403266907,0.8873138427734375,0.8600715398788452,0.9801199436187744,0.8797053098678589,0.8491894006729126,0.9035865068435669,0.9013118147850037,0.8677092790603638,0.9916737079620361,0.990807056427002,0.9651317000389099,0.9943790435791016,0.9939687252044678,0.9945989847183228,0.9611751437187195,10.191577196121216

14,0.050001148134469986,0.8856399059295654,0.9862649440765381,0.9872527122497559,0.9537498354911804,0.9951009750366211,0.9254757165908813,0.994503378868103,0.9944362640380859,0.9875124096870422,0.9946523904800415,0.9942512512207031,0.9912978410720825,0.9859027862548828,0.9908874034881592,0.9808555245399475,0.986493706703186,1.0,0.9946988821029663,0.9829064011573792,0.9970009326934814,0.9923581480979919,0.9631641507148743,0.9604109525680542,0.9545755386352539,0.8965458869934082,0.8888899087905884,0.9857065677642822,0.9132348895072937,0.8856399059295654,0.909734845161438,0.9046720266342163,0.8895602226257324,0.9943618774414062,0.9903546571731567,0.9708675146102905,0.9972221851348877,0.9953576922416687,0.9953749179840088,0.9739410877227783,10.382362365722656

15,0.0477694496512413,0.8762661218643188,0.9835700392723083,0.989317774772644,0.9529188275337219,0.9968870878219604,0.9283840656280518,0.9946253299713135,0.9959466457366943,0.9813011884689331,0.9972606897354126,0.9942512512207031,0.9942203760147095,0.9944133758544922,0.993881344795227,0.9809209704399109,0.9890509843826294,0.9972527027130127,0.9946988821029663,0.9840052127838135,0.9955013990402222,0.9941062927246094,0.9697431325912476,0.9622255563735962,0.9568573236465454,0.9023088216781616,0.8968918919563293,0.9858373403549194,0.9128424525260925,0.8762661218643188,0.9455143809318542,0.9361871480941772,0.8992618322372437,0.9943618774414062,0.9916841983795166,0.9617055654525757,1.0,0.996131420135498,0.9972187876701355,0.9740728139877319,10.398364305496216
16,0.04572680592536926,0.9001529216766357,0.989013135433197,0.9925938844680786,0.9558178186416626,0.9961167573928833,0.9281351566314697,0.9951075315475464,0.9954873323440552,0.9874471426010132,0.9945214986801147,0.9971256256103516,0.9971428513526917,0.9972066879272461,0.9969407320022583,0.986493706703186,0.9891164302825928,0.9944400787353516,0.9973167181015015,0.9846129417419434,0.9940018057823181,0.9896906018257141,0.9730977416038513,0.9659873247146606,0.962311863899231,0.9207074642181396,0.9007955193519592,0.9970759153366089,0.9410126209259033,0.9001529216766357,0.9396926164627075,0.9455504417419434,0.9079779386520386,0.994492769241333,0.9932032227516174,0.9764044284820557,0.9972221851348877,0.9953576922416687,0.9966848492622375,0.9695540070533752,10.384098529815674

17,0.04387173056602478,0.8882421851158142,0.9816886186599731,0.9888209104537964,0.9605550765991211,0.997081995010376,0.9381301403045654,0.9946111440658569,0.995181143283844,0.9811707735061646,0.9999345541000366,0.9913768768310547,0.9971428513526917,0.9970759153366089,0.9878933429718018,0.9863628149032593,0.9918700456619263,0.9943092465400696,0.9973167181015015,0.9856276512145996,0.9955013990402222,0.9940341711044312,0.9664536714553833,0.9747285842895508,0.9622456431388855,0.9482076168060303,0.9546583890914917,0.994282603263855,0.9467644095420837,0.8882421851158142,0.9397578835487366,0.9520751237869263,0.9260632991790771,0.9970500469207764,0.9920833110809326,0.9744261503219604,1.0,0.9963009357452393,0.9963775277137756,0.9763322472572327,10.02750277519226
18,0.04217236861586571,0.9255803823471069,0.9884688258171082,0.993804931640625,0.9603521227836609,0.9956575632095337,0.9355722665786743,0.9945969581604004,0.9948086738586426,0.984341561794281,0.9973261952400208,0.9942512512207031,0.9941549897193909,0.9914893507957458,1.0,0.9916737079620361,0.9864282608032227,0.9945055246353149,0.9947643876075745,0.9862352609634399,0.9970009326934814,0.997188150882721,0.9730325937271118,0.9783577919006348,0.971468985080719,0.9453261494636536,0.9255803823471069,0.9913585186004639,0.9328101277351379,0.936276912689209,0.9363245964050293,0.9681587815284729,0.9259968400001526,0.9998036623001099,0.9919784665107727,0.9763381481170654,0.9971567988395691,0.9963856935501099,0.9986900687217712,0.980455756187439,9.920899391174316

19,0.0406341478228569,0.9225635528564453,0.988294243812561,0.9957989454269409,0.9616771936416626,0.9948180317878723,0.9384793043136597,0.9954960346221924,0.9969542026519775,0.9968291521072388,0.9945214986801147,0.9971910119056702,0.9999346733093262,0.994282603263855,1.0,0.9727910161018372,0.9972463846206665,1.0,0.9973167181015015,0.9822738766670227,0.9985004663467407,0.9923581480979919,0.9731628894805908,0.9641727805137634,0.9718000888824463,0.9484034776687622,0.971051812171936,0.994282603263855,0.9354571104049683,0.9518999457359314,0.9724960327148438,0.9553701281547546,0.9225635528564453,0.988985538482666,0.9911012649536133,0.9853011965751648,0.9972221851348877,0.9956119060516357,0.9979140758514404,0.9740069508552551,10.356091737747192
20,0.039200663566589355,0.912259578704834,0.9906461238861084,0.9925228357315063,0.969152569770813,0.9944281578063965,0.9448027610778809,0.9952805042266846,0.9962322115898132,0.9906831979751587,0.988912045955658,0.9886332750320435,0.9999346733093262,0.9915547370910645,0.9940119981765747,0.9891818761825562,0.9890509843826294,0.9916927814483643,0.9973821640014648,0.9856200218200684,0.9970678091049194,0.9968459606170654,0.9764523506164551,0.9729140400886536,0.9569235444068909,0.9480770826339722,0.9504951238632202,0.9971413612365723,0.9578754901885986,0.912259578704834,0.9635673761367798,0.9649941921234131,0.9363631010055542,0.9944273233413696,0.9920244216918945,0.9837206602096558,0.9942482113838196,0.9969051480293274,0.9976720809936523,0.9718793034553528,10.756181240081787

21,0.037874169647693634,0.9390813112258911,0.992279052734375,0.9930219650268555,0.966835618019104,0.9987611770629883,0.9390813112258911,0.9964604377746582,0.9948749542236328,0.9842110872268677,0.9891738891601562,0.9971910119056702,0.9971428513526917,0.9971413612365723,0.9970059990882874,0.9891164302825928,0.9972463846206665,1.0,0.9973821640014648,0.985386848449707,0.9985004663467407,0.9961429834365845,0.9765175580978394,0.9746623039245605,0.9730222821235657,0.9571132063865662,0.9462669491767883,0.9916201233863831,0.9746729731559753,0.9456506967544556,0.9728878140449524,0.9837859272956848,0.9546478986740112,0.9944273233413696,0.9924437403678894,0.9890587329864502,1.0,0.9974191188812256,0.9987707138061523,0.9782623052597046,10.581264972686768

22,0.03659713640809059,0.9505279064178467,0.991116464138031,0.9957989454269409,0.9660773277282715,0.9971606731414795,0.9505279064178467,0.9963526129722595,0.9975688457489014,0.9937888383865356,0.9945869445800781,0.9971256256103516,0.9971428513526917,0.9970759153366089,0.9969407320022583,0.9809209704399109,0.9946236610412598,0.9944400787353516,0.9973167181015015,0.9869595766067505,0.9971346855163574,0.997260332107544,0.9798070192337036,0.9853507280349731,0.967832624912262,0.9724998474121094,0.9545285701751709,0.9972066879272461,0.9775815606117249,0.9515734910964966,0.969846248626709,0.961829662322998,0.9597313404083252,0.9944273233413696,0.994185209274292,0.9925511479377747,1.0,0.9971593618392944,0.9986900687217712,0.9783940315246582,9.871020793914795

23,0.03539641946554184,0.9517040252685547,0.9952490925788879,0.9971519708633423,0.9795997142791748,0.9977454543113708,0.9534261226654053,0.9966617822647095,0.9958391785621643,0.9905527830123901,1.0,0.9971256256103516,1.0,0.9943480491638184,0.9999346733093262,0.9945582151412964,0.9919354915618896,0.9999345541000366,0.9946334362030029,0.9871182441711426,0.9956351518630981,0.9974767565727234,0.9864511489868164,0.9675366282463074,0.9732871651649475,0.9630720615386963,0.9793134927749634,0.9998692274093628,0.9858494997024536,0.9517040252685547,0.978840172290802,0.9839815497398376,0.9646153450012207,0.9943618774414062,0.9948399066925049,0.9909043312072754,1.0,0.9980233311653137,0.9996119737625122,0.9869046807289124,9.864858150482178
24,0.03426903486251831,0.9577949643135071,0.9921311140060425,0.9923809766769409,0.9812617301940918,0.9981070756912231,0.9577949643135071,0.997963547706604,0.9974157810211182,0.9937888383865356,0.9971952438354492,0.9969948530197144,1.0,0.9972066879272461,1.0,0.9863628149032593,0.9972463846206665,0.9972527027130127,0.9973821640014648,0.9890978932380676,0.9985673427581787,0.9984498023986816,0.9930952191352844,0.979973316192627,0.9806923270225525,0.9696183800697327,0.9751502275466919,0.994282603263855,0.9804247617721558,0.9697334170341492,0.9790360927581787,0.9809474945068359,0.9659996032714844,0.9944273233413696,0.996568500995636,0.9905067086219788,0.9972221851348877,0.9983677864074707,0.9996119737625122,0.9934852719306946,9.722475051879883
25,0.033227987587451935,0.9582991600036621,0.9932197332382202,0.9950869679450989,0.9681032299995422,0.9968870878219604,0.9582991600036621,0.9980571866035461,0.9975482821464539,0.9937235713005066,0.991978645324707,0.9971910119056702,0.9999346733093262,0.9943480491638184,0.9970059990882874,0.9946236610412598,0.9972463846206665,0.9944400787353516,0.9973821640014648,0.9908789396286011,0.9984335899353027,0.9979633092880249,0.996449887752533,0.9729140400886536,0.9790728092193604,0.9783281087875366,0.9750852584838867,0.9915547370910645,0.9802939891815186,0.9877628087997437,0.9908102750778198,0.974553108215332,0.9597977995872498,0.9944273233413696,0.9956784844398499,0.9872793555259705,1.0,0.997933030128479,0.9990780353546143,0.9848428964614868,10.017300367355347
26,0.03226129710674286,0.9592440128326416,0.994308352470398,0.9971519708633423,0.9716724157333374,0.9975411295890808,0.9592440128326416,0.9969567060470581,0.9964309930801392,0.9937235713005066,0.9945214986801147,0.9971256256103516,0.9941549897193909,0.9914239645004272,1.0,0.9945582151412964,0.9999345541000366,0.9972527027130127,0.9999344944953918,0.9891400337219238,0.9956351518630981,0.995097815990448,0.9865162372589111,0.9855496883392334,0.9811559319496155,0.9817971587181091,0.9792485237121582,0.9942172169685364,0.9830716848373413,0.9634189605712891,0.9877034425735474,0.9806213974952698,0.972999095916748,0.9999345541000366,0.9954816699028015,0.9907717704772949,1.0,0.9975038766860962,0.9983827471733093,0.9934194087982178,9.912588357925415
27,0.031327005475759506,0.9624089002609253,0.9930718541145325,0.9943749904632568,0.9801243543624878,0.9979121685028076,0.9624089002609253,0.9975183010101318,0.9977447986602783,0.9968291521072388,0.9971952438354492,0.9999346137046814,0.9999346733093262,0.9970759153366089,1.0,0.9971809387207031,0.9918700456619263,0.9971873164176941,1.0,0.9927765727043152,0.9985004663467407,0.9952236413955688,0.9866465926170349,0.9943573474884033,0.9812883734703064,0.9753813743591309,0.9709219932556152,0.9998692274093628,0.9775161743164062,0.9695375561714172,0.9968279600143433,0.980686604976654,0.9794667959213257,0.9943618774414062,0.9965887665748596,0.9908380508422852,0.994182825088501,0.9976788759231567,0.999224066734314,0.978459894657135,10.242493391036987

28,0.030431415885686874,0.9620647430419922,0.9941604733467102,0.99629807472229,0.9889554381370544,0.9964091181755066,0.9620647430419922,0.998337984085083,0.9979847073554993,0.9998695254325867,0.9999345541000366,1.0,0.9999346733093262,1.0,1.0,0.9945582151412964,1.0,0.9945055246353149,0.9973821640014648,0.9941085577011108,0.9985673427581787,0.9945391416549683,0.9965802431106567,0.9892451763153076,0.9867429733276367,0.984613299369812,0.9752150774002075,0.9999346137046814,0.9887580871582031,0.969864010810852,0.9785789251327515,0.9935404658317566,0.9745827913284302,0.9918045997619629,0.9968241453170776,0.9908380508422852,0.9971567988395691,0.9994860291481018,0.9996926784515381,0.9869705438613892,10.011293888092041
29,0.029567154124379158,0.9698423147201538,0.9963377118110657,0.9965819716453552,0.9897711277008057,0.997443675994873,0.9698423147201538,0.9991292953491211,0.9985330700874329,0.9779999256134033,0.9972606897354126,0.9971256256103516,0.9971428513526917,0.9943480491638184,0.9938161373138428,0.9891164302825928,0.9972463846206665,1.0,0.9999344944953918,0.9954060316085815,0.9985004663467407,0.9984498023986816,0.9865814447402954,0.9909934401512146,0.9905779361724854,0.9907679557800293,0.9711167812347412,0.9999346137046814,0.9859148859977722,0.9787807464599609,0.9816857576370239,0.9935404658317566,0.9761664867401123,1.0,0.9973610639572144,0.9963749647140503,0.9999345541000366,0.9988818168640137,0.9995313286781311,0.9868388175964355,9.906438112258911
30,0.02878474071621895,0.9653997421264648,0.9909685850143433,0.9950869679450989,0.9847581386566162,0.9983806610107422,0.9653997421264648,0.9984173774719238,0.9963647127151489,0.9967639446258545,0.9973261952400208,0.9943820238113403,0.9942857027053833,0.9970759153366089,0.9968754053115845,0.9972463846206665,0.9973118305206299,0.9999345541000366,1.0,0.995448112487793,0.9985673427581787,0.9965037107467651,0.9832919836044312,0.9839341640472412,0.9868091344833374,0.9785239696502686,0.9669535160064697,0.9970759153366089,0.9888888597488403,0.9758520126342773,0.9787095785140991,0.9935404658317566,0.983165979385376,0.9971809387207031,0.9980028867721558,0.990572988986969,1.0,0.9984525442123413,1.0,0.9870364665985107,9.83359432220459

