,CircularShape,DiamondShape,TriangularShape,OctagonalShape,RedGround,WhiteGround,YellowGround,BlueGround,Border,BlackBorder,RedBorder,WhiteBorder,Bar,BlackBar,WhiteBar,Symbol,BlackSymbol,WhiteSymbol,SymbolStop,SymbolNoEntryGoods,SymbolOvertaking,SymbolOvertakingGoods,SymbolSpeed20,SymbolSpeed30,SymbolSpeed50,SymbolSpeed60,SymbolSpeed70,SymbolSpeed80,SymbolSpeed100,SymbolSpeed120,SymbolD1a1,SymbolD1a4,SymbolD1a5,SymbolD1a6,SymbolD1a7,SymbolD2a1,SymbolD2a2,SymbolD3,SymbolSingleLeftBend,SymbolSingleRightBend,SymbolTwoOrMoreLeftBend,SymbolRightNarrow,SymbolRoadDeformities,SymbolSlipperyRoad,SymbolChildren,SymbolCyclists,SymbolWildAnimals,SymbolRoadWorks,SymbolVerticalLightSignals,SymbolIntersectionPriority,SymbolDanger,SymbolPedestrians,SymbolIceSnow,SignClass_A,SignClass_B,SignClass_C,SignClass_D
N[0](CircularShape),0.9928339719772339,0.20491762459278107,0.05744213983416557,0.2049962282180786,0.44830620288848877,0.34500810503959656,0.29632216691970825,0.6415400505065918,0.2539169490337372,0.4487771689891815,0.3203279972076416,0.20503561198711395,0.7315123081207275,0.7259054780006409,0.7175481915473938,0.48441267013549805,0.38408827781677246,0.6874246001243591,0.20295971632003784,0.7139308452606201,0.7175706624984741,0.717391312122345,0.7146490216255188,0.7144091129302979,0.7141479849815369,0.7142784595489502,0.7121815085411072,0.718517005443573,0.7139742374420166,0.7132174968719482,0.714714527130127,0.714714527130127,0.714714527130127,0.714714527130127,0.7125269174575806,0.7015887498855591,0.708151638507843,0.714714527130127,0.20280858874320984,0.2049962282180786,0.20280858874320984,0.20280858874320984,0.20280858874320984,0.20280858874320984,0.20280858874320984,0.20280858874320984,0.20280858874320984,0.20283882319927216,0.20280858874320984,0.20280858874320984,0.20280858874320984,0.20280858874320984,0.20280858874320984,0.05447704717516899,0.18794743716716766,0.8468683362007141,0.7543811798095703
N[1](DiamondShape),0.5601838827133179,0.863377571105957,0.36612266302108765,0.8632850646972656,0.651376485824585,0.07905488461256027,0.7502456903457642,0.7954853177070618,0.22208517789840698,0.4352604150772095,0.26723021268844604,0.8632386922836304,0.4439293444156647,0.4016859829425812,0.579444169998169,0.40692323446273804,0.13778957724571228,0.9507681727409363,0.8652868270874023,0.3566771149635315,0.3516188859939575,0.3561210632324219,0.35361137986183167,0.35842210054397583,0.35395312309265137,0.35863855481147766,0.3560234010219574,0.35869157314300537,0.35407158732414246,0.35458770394325256,0.865472674369812,0.865472674369812,0.865472674369812,0.865472674369812,0.865472674369812,0.865472674369812,0.865472674369812,0.865472674369812,0.36888015270233154,0.4016946256160736,0.3732554018497467,0.3623172342777252,0.36012962460517883,0.3666924834251404,0.3841935694217682,0.3557543456554413,0.41919568181037903,0.39092716574668884,0.4016946256160736,0.3907564580440521,0.3929440975189209,0.37763068079948425,0.3951317369937897,0.3241330683231354,0.8837482929229736,0.28505939245224,0.9385761022567749
N[2](TriangularShape),0.017722658812999725,0.7895861864089966,0.9327647686004639,0.7895087003707886,0.5460834503173828,0.6323541402816772,0.6981444954872131,0.36574435234069824,0.7297900915145874,0.5478736162185669,0.6670904159545898,0.789469838142395,0.2652217149734497,0.2708859145641327,0.2797497510910034,0.5255721211433411,0.6012861132621765,0.3400752544403076,0.7915480136871338,0.280594140291214,0.2768612205982208,0.2770451307296753,0.2798575758934021,0.2801036536693573,0.28037145733833313,0.2802376449108124,0.2823295593261719,0.27589064836502075,0.28054964542388916,0.2813257873058319,0.29729142785072327,0.29072853922843933,0.31916776299476624,0.2841656506061554,0.36729565262794495,0.33885645866394043,0.3301059305667877,0.28635329008102417,0.791696310043335,0.791696310043335,0.791696310043335,0.791696310043335,0.791696310043335,0.791696310043335,0.791696310043335,0.791696310043335,0.791696310043335,0.7916666269302368,0.791696310043335,0.791696310043335,0.791696310043335,0.791696310043335,0.791696310043335,0.9375,0.7993916273117065,0.14425447583198547,0.2770901620388031
N[3](OctagonalShape),0.6894975900650024,0.7999169826507568,0.244187131524086,0.7998373508453369,0.553032636642456,0.19478967785835266,0.6948902606964111,0.7580488324165344,0.3466000556945801,0.48922431468963623,0.35642489790916443,0.799797534942627,0.3548756241798401,0.32785242795944214,0.47074341773986816,0.41558557748794556,0.22818392515182495,0.844162106513977,0.8018714189529419,0.5356001257896423,0.4759509861469269,0.44079890847206116,0.5028583407402039,0.5320652723312378,0.5999515056610107,0.608046293258667,0.5884405970573425,0.4471958875656128,0.6479413509368896,0.6335544586181641,0.7823363542556763,0.7779610753059387,0.7888992428779602,0.8020250201225281,0.7254579067230225,0.7932745218276978,0.7976497411727905,0.7429589033126831,0.2966819703578949,0.2944943308830261,0.3054324984550476,0.2901190519332886,0.29230672121047974,0.3054324984550476,0.30980777740478516,0.29230672121047974,0.30105724930763245,0.3077147901058197,0.3163706362247467,0.307620108127594,0.30980777740478516,0.30105724930763245,0.2988695800304413,0.20293369889259338,0.8171278834342957,0.4860765337944031,0.8315911293029785
N[4](RedGround),0.7545672655105591,0.7681800127029419,0.19043415784835815,0.7724636197090149,0.7745856046676636,0.6201326251029968,0.7299836874008179,0.3321835398674011,0.5196303129196167,0.5638418197631836,0.4773889183998108,0.7680423259735107,0.7256133556365967,0.7604775428771973,0.5940979719161987,0.20047599077224731,0.5457051396369934,0.28493842482566833,0.7723250389099121,0.7714691162109375,0.7760878801345825,0.7758603096008301,0.7723804712295532,0.7720760107040405,0.7717446088790894,0.7719101905822754,0.7698659896850586,0.7772887349128723,0.77152419090271,0.7705638408660889,0.2693081796169281,0.2605576515197754,0.26274529099464417,0.2605576515197754,0.2671205699443817,0.2605576515197754,0.297747403383255,0.26274529099464417,0.2605576515197754,0.2605576515197754,0.2605576515197754,0.2605576515197754,0.2605576515197754,0.2605576515197754,0.2605576515197754,0.2605576515197754,0.2605576515197754,0.26058200001716614,0.2605576515197754,0.2605576515197754,0.2605576515197754,0.2605576515197754,0.2605576515197754,0.1408730149269104,0.786088228225708,0.9401611089706421,0.2211952656507492
N[5](WhiteGround),0.24758020043373108,0.23064950108528137,0.8074938654899597,0.22636613249778748,0.22421959042549133,0.3750069737434387,0.26883792877197266,0.6694432497024536,0.47657448053359985,0.434855192899704,0.5199019908905029,0.23078757524490356,0.2730628252029419,0.2382521629333496,0.4047163724899292,0.8008147478103638,0.45077353715896606,0.7207716703414917,0.22650529444217682,0.2273648977279663,0.22272633016109467,0.2229548692703247,0.2264496386051178,0.22675541043281555,0.22708819806575775,0.2269219011068344,0.22896505892276764,0.2215203046798706,0.22730959951877594,0.22827404737472534,0.7338968515396118,0.7382720708847046,0.7382720708847046,0.7382720708847046,0.7382720708847046,0.7382720708847046,0.7382720708847046,0.7382720708847046,0.7382720708847046,0.7382720708847046,0.7382720708847046,0.7382720708847046,0.7382720708847046,0.7382720708847046,0.7382720708847046,0.7382720708847046,0.7382720708847046,0.736051082611084,0.7382720708847046,0.7382720708847046,0.7382720708847046,0.7382720708847046,0.7382720708847046,0.8571529984474182,0.21268297731876373,0.05794838070869446,0.7852760553359985
N[6](YellowGround),0.19961291551589966,0.454580157995224,0.7958582639694214,0.688666045665741,0.4608287811279297,0.7992979288101196,0.4576866924762726,0.2756979465484619,0.7594836950302124,0.4939747750759125,0.7345566749572754,0.457889199256897,0.38709723949432373,0.4584246277809143,0.2075541466474533,0.6087014675140381,0.7501888275146484,0.19722548127174377,0.6903269290924072,0.3465653657913208,0.4461260437965393,0.4401535987854004,0.6019251346588135,0.5406247973442078,0.5013464689254761,0.4331966042518616,0.49935320019721985,0.5033096671104431,0.4777023196220398,0.3825065493583679,0.19863641262054443,0.19863641262054443,0.19863641262054443,0.19863641262054443,0.19863641262054443,0.19863641262054443,0.19863641262054443,0.19863641262054443,0.7105423808097839,0.7105423808097839,0.7105423808097839,0.7105423808097839,0.7105423808097839,0.7105423808097839,0.7105423808097839,0.7105423808097839,0.7105423808097839,0.7105209827423096,0.7105423808097839,0.7105423808097839,0.7105423808097839,0.7105423808097839,0.7105423808097839,0.8157814741134644,0.5365428924560547,0.41915586590766907,0.13835632801055908
N[7](BlueGround),0.9309228658676147,0.24160973727703094,0.108904629945755,0.24168086051940918,0.47377336025238037,0.2975761890411377,0.3127800524234772,0.6721363067626953,0.2475174516439438,0.45316317677497864,0.311010479927063,0.24171653389930725,0.6815546751022339,0.6521666049957275,0.7389565706253052,0.4934951961040497,0.34926486015319824,0.735833466053009,0.2396257072687149,0.7376018762588501,0.6561444997787476,0.5866372585296631,0.6051082611083984,0.6813355088233948,0.6918256282806396,0.700756847858429,0.6410552859306335,0.678670346736908,0.6612577438354492,0.6541406512260437,0.7513992190361023,0.7513992190361023,0.7513992190361023,0.7513992190361023,0.7513992190361023,0.7513992190361023,0.7513992190361023,0.7513992190361023,0.2394932359457016,0.24168086051940918,0.24386849999427795,0.24168086051940918,0.2394932359457016,0.24168086051940918,0.2394932359457016,0.24168086051940918,0.2394932359457016,0.23951974511146545,0.2394932359457016,0.2394932359457016,0.2394932359457016,0.2394932359457016,0.2394932359457016,0.11059243232011795,0.22646650671958923,0.7531266212463379,0.8016852140426636
N[8](Border),0.15469947457313538,0.6783850789070129,0.8169342279434204,0.7086604833602905,0.6010652780532837,0.7331147789955139,0.6416209936141968,0.27603018283843994,0.6788128614425659,0.5153394937515259,0.6420041918754578,0.6844463348388672,0.5259947776794434,0.5704506635665894,0.3885272741317749,0.46374011039733887,0.6779848337173462,0.20660144090652466,0.7084110975265503,0.27137491106987,0.4265768527984619,0.4930717945098877,0.4227292537689209,0.3338574171066284,0.34155744314193726,0.31611958146095276,0.368743360042572,0.5016417503356934,0.3191220462322235,0.33478081226348877,0.20331738889217377,0.20331738889217377,0.20331738889217377,0.20331738889217377,0.20331738889217377,0.20331738889217377,0.20331738889217377,0.20331738889217377,0.7152233719825745,0.7152233719825745,0.7152233719825745,0.7152233719825745,0.7152233719825745,0.7152233719825745,0.7152233719825745,0.7152233719825745,0.7152233719825745,0.7152014970779419,0.7152233719825745,0.7152233719825745,0.7152233719825745,0.7152233719825745,0.7152233719825745,0.8228021860122681,0.680810809135437,0.3697567284107208,0.14397361874580383
N[9](BlackBorder),0.7562000751495361,0.7384868860244751,0.1922432780265808,0.7665623426437378,0.7726997137069702,0.627862274646759,0.7072498798370361,0.3306472897529602,0.5219250917434692,0.5614761710166931,0.48109275102615356,0.7379393577575684,0.7288365364074707,0.7635704278945923,0.59698486328125,0.20959648489952087,0.5533050298690796,0.2795177102088928,0.7662358283996582,0.7743080258369446,0.7789750099182129,0.7787451148033142,0.7752288579940796,0.7749212384223938,0.7745864391326904,0.7747536897659302,0.7727121114730835,0.7801884412765503,0.77436363697052,0.7733932733535767,0.26559460163116455,0.2634069323539734,0.2634069323539734,0.2634069323539734,0.2634069323539734,0.2634069323539734,0.26559460163116455,0.2634069323539734,0.2634069323539734,0.2634069323539734,0.2634069323539734,0.2634069323539734,0.2634069323539734,0.2634069323539734,0.2634069323539734,0.2634069323539734,0.2634069323539734,0.26343101263046265,0.26559460163116455,0.2634069323539734,0.2634069323539734,0.2634069323539734,0.2634069323539734,0.14536531269550323,0.7638127207756042,0.9447641372680664,0.21673884987831116
N[10](RedBorder),0.09074092656373978,0.32696661353111267,0.949744462966919,0.32049456238746643,0.32032349705696106,0.7325973510742188,0.3585016429424286,0.35898011922836304,0.7511613368988037,0.5281214714050293,0.7158802151679993,0.32710322737693787,0.31126755475997925,0.31617268919944763,0.31812557578086853,0.695527195930481,0.7167883515357971,0.28010815382003784,0.32058584690093994,0.32372570037841797,0.3209647536277771,0.3226366341114044,0.320549339056015,0.3207499384880066,0.32096824049949646,0.3208591341972351,0.32528120279312134,0.3211747109889984,0.3211134672164917,0.32174617052078247,0.32049456238746643,0.32049456238746643,0.32049456238746643,0.32049456238746643,0.32049456238746643,0.32049456238746643,0.3226822018623352,0.32049456238746643,0.8324005603790283,0.8324005603790283,0.8324005603790283,0.8324005603790283,0.8324005603790283,0.8324005603790283,0.8324005603790283,0.8324005603790283,0.8324005603790283,0.8323667049407959,0.8324005603790283,0.8324005603790283,0.8324005603790283,0.8324005603790283,0.8324005603790283,0.9985500574111938,0.31304967403411865,0.213337704539299,0.2849172353744507
N[11](WhiteBorder),0.7537345886230469,0.768434464931488,0.1912582963705063,0.7727180123329163,0.7748453617095947,0.6216632127761841,0.7302398681640625,0.32909637689590454,0.5208622217178345,0.5641250610351562,0.47833502292633057,0.7682967185974121,0.726322591304779,0.7607536911964417,0.5957884788513184,0.20019541680812836,0.546862006187439,0.2831653654575348,0.7725793123245239,0.7717225551605225,0.7763456106185913,0.7761178612709045,0.7726348042488098,0.7723300457000732,0.771998405456543,0.7721641063690186,0.7701201438903809,0.7775475978851318,0.7717777490615845,0.7708165049552917,0.2651873230934143,0.26081204414367676,0.26081204414367676,0.26081204414367676,0.26956257224082947,0.26081204414367676,0.273937851190567,0.2761254906654358,0.26081204414367676,0.26081204414367676,0.26081204414367676,0.26081204414367676,0.26081204414367676,0.26081204414367676,0.26081204414367676,0.26081204414367676,0.26081204414367676,0.2630331814289093,0.26299968361854553,0.26081204414367676,0.26081204414367676,0.26081204414367676,0.26081204414367676,0.14169219136238098,0.7863553762435913,0.9405720829963684,0.21920348703861237
N[12](Bar),0.9902878403663635,0.20583365857601166,0.05994782596826553,0.20591206848621368,0.4492412805557251,0.34993335604667664,0.29895123839378357,0.6387914419174194,0.25716492533683777,0.4488738775253296,0.32309281826019287,0.20595136284828186,0.7325483560562134,0.7268996238708496,0.7184761166572571,0.4834025502204895,0.3875505328178406,0.6816978454589844,0.2038750946521759,0.7148433327674866,0.7184986472129822,0.7183185815811157,0.7155646085739136,0.7153236269950867,0.7150614261627197,0.715192437171936,0.7130963206291199,0.7194490432739258,0.7148869037628174,0.7141269445419312,0.7156304121017456,0.7090674638748169,0.7134427428245544,0.7156304121017456,0.7025046348571777,0.6806282997131348,0.7003169655799866,0.7156304121017456,0.2037244290113449,0.20591206848621368,0.2037244290113449,0.20591206848621368,0.2037244290113449,0.20591206848621368,0.2037244290113449,0.2037244290113449,0.20591206848621368,0.20375457406044006,0.20591206848621368,0.2037244290113449,0.2037244290113449,0.2037244290113449,0.20591206848621368,0.05694468691945076,0.18890906870365143,0.8483478426933289,0.7479327917098999
N[13](BlackBar),0.9633398056030273,0.4429449439048767,0.0638333186507225,0.20886138081550598,0.4415765404701233,0.32949820160865784,0.4669325351715088,0.640286386013031,0.267582505941391,0.4603622853755951,0.31233468651771545,0.43963927030563354,0.7160869836807251,0.7111037969589233,0.7037323713302612,0.38221728801727295,0.3460548222064972,0.6785935759544373,0.20720483362674713,0.7003447413444519,0.7037533521652222,0.7035853862762451,0.7010172605514526,0.7007926106452942,0.7005480527877808,0.7006702423095703,0.6985608339309692,0.7046396136283875,0.700385332107544,0.6996766328811646,0.7010786533355713,0.7010786533355713,0.7010786533355713,0.7010786533355713,0.7010786533355713,0.7010786533355713,0.7010786533355713,0.7010786533355713,0.1891726851463318,0.1891726851463318,0.1891726851463318,0.1891726851463318,0.1891726851463318,0.1891726851463318,0.1891726851463318,0.1891726851463318,0.1891726851463318,0.18920432031154633,0.1891726851463318,0.1891726851463318,0.1891726851463318,0.1891726851463318,0.1891726851463318,0.03380647301673889,0.37270522117614746,0.8246318101882935,0.7412992715835571
N[14](WhiteBar),0.9862570762634277,0.20690235495567322,0.06416389346122742,0.20698055624961853,0.4503321647644043,0.35731929540634155,0.29832032322883606,0.6409775018692017,0.26316037774086,0.4542171359062195,0.32598447799682617,0.20701974630355835,0.7329141497612,0.7275081872940063,0.7181259393692017,0.48222410678863525,0.39319995045661926,0.6731770634651184,0.20494304597377777,0.7159079313278198,0.7195813655853271,0.7194004058837891,0.7166327238082886,0.7163906097412109,0.7161270380020142,0.7162587642669678,0.7141636610031128,0.720536470413208,0.7159517407417297,0.7151879668235779,0.7035731077194214,0.7145112752914429,0.7145112752914429,0.7145112752914429,0.6904473304748535,0.6751338839530945,0.6663833260536194,0.7101359963417053,0.20698055624961853,0.22448161244392395,0.20698055624961853,0.20698055624961853,0.20479291677474976,0.20698055624961853,0.20698055624961853,0.20479291677474976,0.20479291677474976,0.20482295751571655,0.20698055624961853,0.20479291677474976,0.20698055624961853,0.20479291677474976,0.2091681808233261,0.06117289140820503,0.1900309920310974,0.8500739336013794,0.7383859753608704
N[15](Symbol),0.24949884414672852,0.22998793423175812,0.8058123588562012,0.22570468485355377,0.2259417474269867,0.375069260597229,0.26817187666893005,0.6688416004180908,0.4761558771133423,0.43504175543785095,0.5194858312606812,0.23012620210647583,0.27484333515167236,0.23918795585632324,0.40834447741508484,0.7990915775299072,0.45066386461257935,0.7199525833129883,0.22584418952465057,0.226705864071846,0.2234850525856018,0.22374515235424042,0.2257883995771408,0.22609491646289825,0.22888308763504028,0.2310362607240677,0.22830435633659363,0.22470618784427643,0.2266504466533661,0.22761721909046173,0.7332354187965393,0.7376106977462769,0.7376106977462769,0.7376106977462769,0.7376106977462769,0.7376106977462769,0.7376106977462769,0.7376106977462769,0.7376106977462769,0.7354230284690857,0.7376106977462769,0.7376106977462769,0.7376106977462769,0.7376106977462769,0.7310477495193481,0.7376106977462769,0.7376106977462769,0.7353897094726562,0.7376106977462769,0.7376106977462769,0.7376106977462769,0.7376106977462769,0.7376106977462769,0.8552857041358948,0.21198846399784088,0.060413919389247894,0.7844823002815247
N[16](BlackSymbol),0.24926909804344177,0.22746215760707855,0.8142600059509277,0.2275361567735672,0.3118871748447418,0.7935513257980347,0.2626926302909851,0.3103557527065277,0.8148874044418335,0.5735594630241394,0.7567570209503174,0.22757326066493988,0.2794979214668274,0.26085183024406433,0.3578367829322815,0.7028516530990601,0.7823004722595215,0.2076319307088852,0.22548820078372955,0.30362942814826965,0.2645642161369324,0.4058802127838135,0.6574288606643677,0.5580047369003296,0.513260543346405,0.5219223499298096,0.615461528301239,0.4263005256652832,0.5553364157676697,0.5538313388824463,0.24284958839416504,0.26253828406333923,0.2537877559661865,0.2275361567735672,0.2537877559661865,0.23409906029701233,0.22972379624843597,0.43536123633384705,0.7372545003890991,0.7372545003890991,0.7372545003890991,0.7372545003890991,0.7372545003890991,0.7372545003890991,0.7350668907165527,0.7372545003890991,0.7372545003890991,0.7372303605079651,0.7350668907165527,0.7372545003890991,0.7372545003890991,0.7372545003890991,0.7372545003890991,0.8554079532623291,0.2116144895553589,0.4174051880836487,0.22094686329364777
N[17](WhiteSymbol),0.5766364336013794,0.8732503056526184,0.3474504351615906,0.8731558322906494,0.6734417676925659,0.0643593966960907,0.7550646066665649,0.8052327632904053,0.21520066261291504,0.43009787797927856,0.2629443109035492,0.873108446598053,0.4403444230556488,0.3897989094257355,0.5980417728424072,0.40437543392181396,0.13072824478149414,0.9629909992218018,0.875152587890625,0.3639359176158905,0.3616209626197815,0.3646549582481384,0.3634791374206543,0.3752494156360626,0.36870700120925903,0.37326374650001526,0.36359015107154846,0.363591730594635,0.3639083206653595,0.36438965797424316,0.8753434419631958,0.8753434419631958,0.8753434419631958,0.8753434419631958,0.8753434419631958,0.8753434419631958,0.8753434419631958,0.8753434419631958,0.3656251132488251,0.3700003921985626,0.3656251132488251,0.3656251132488251,0.3656251132488251,0.3634374737739563,0.36781272292137146,0.3634374737739563,0.372188001871109,0.36784493923187256,0.3743756413459778,0.3700003921985626,0.3743756413459778,0.3743756413459778,0.3700003921985626,0.30305397510528564,0.8941125869750977,0.2947688400745392,0.9504213333129883
N[18](SymbolStop),0.36330446600914,0.8521119356155396,0.5650763511657715,0.8520402908325195,0.8282613754272461,0.3424915075302124,0.7418402433395386,0.5632708072662354,0.4655022919178009,0.4419955611228943,0.47887349128723145,0.8520044684410095,0.4278913140296936,0.3402479290962219,0.6704264879226685,0.3123517334461212,0.35502615571022034,0.5922853946685791,0.8518612384796143,0.3664773106575012,0.44375142455101013,0.3702605962753296,0.3512599468231201,0.34036174416542053,0.34546536207199097,0.3452334702014923,0.3586568832397461,0.3398759067058563,0.3661925792694092,0.3412489891052246,0.6114007234573364,0.5960873365402222,0.5851491689682007,0.593899667263031,0.477955162525177,0.45170357823371887,0.6201512813568115,0.36638590693473816,0.45389118790626526,0.3795117139816284,0.5523346662521362,0.5610852241516113,0.5479593873023987,0.5063943862915039,0.5523346662521362,0.5348336100578308,0.5501470565795898,0.6191439032554626,0.43639013171195984,0.5413964986801147,0.4976438879966736,0.5457717776298523,0.6267141699790955,0.5405129194259644,0.8696441650390625,0.3323782682418823,0.5454108715057373
N[19](SymbolNoEntryGoods),0.8346543908119202,0.30092939734458923,0.20046472549438477,0.30319464206695557,0.5452971458435059,0.6987407207489014,0.3856784701347351,0.3317300081253052,0.5271168351173401,0.5407804846763611,0.5154514312744141,0.3010460138320923,0.7664214372634888,0.7996358275413513,0.630648136138916,0.3789713382720947,0.6468265056610107,0.25085756182670593,0.3012036681175232,0.8074115514755249,0.8126417398452759,0.8123841285705566,0.808443546295166,0.8080987930297852,0.8077235221862793,0.8079110383987427,0.8058997392654419,0.8140016794204712,0.80747389793396,0.806386411190033,0.298819363117218,0.29663172364234924,0.29663172364234924,0.29663172364234924,0.29663172364234924,0.29663172364234924,0.29663172364234924,0.3097575306892395,0.29663172364234924,0.298819363117218,0.29663172364234924,0.29663172364234924,0.298819363117218,0.3010070025920868,0.29663172364234924,0.298819363117218,0.29663172364234924,0.2966524362564087,0.298819363117218,0.298819363117218,0.29663172364234924,0.29663172364234924,0.29663172364234924,0.19651025533676147,0.2910562753677368,0.9982303380966187,0.2582501471042633
N[20](SymbolOvertaking),0.8325413465499878,0.31348857283592224,0.20162272453308105,0.304924339056015,0.5448296070098877,0.6993361115455627,0.39545851945877075,0.3298161029815674,0.5291443467140198,0.5416551828384399,0.5156719088554382,0.3137689232826233,0.7663248777389526,0.7996900081634521,0.6301841735839844,0.3760427236557007,0.6468518972396851,0.24879904091358185,0.3029802441596985,0.8069552779197693,0.8121777772903442,0.8119204640388489,0.807985782623291,0.8076415061950684,0.8072668313980103,0.8074540495872498,0.8054423332214355,0.8135356307029724,0.8070175647735596,0.8059316873550415,0.2961738109588623,0.2961738109588623,0.2961738109588623,0.2961738109588623,0.2961738109588623,0.2961738109588623,0.2961738109588623,0.2961738109588623,0.2961738109588623,0.2983614504337311,0.2983614504337311,0.2983614504337311,0.30273672938346863,0.2961738109588623,0.2961738109588623,0.2961738109588623,0.2961738109588623,0.29839134216308594,0.30054906010627747,0.2983614504337311,0.2961738109588623,0.2961738109588623,0.30273672938346863,0.1971362680196762,0.29746654629707336,0.9976985454559326,0.2554035782814026
N[21](SymbolOvertakingGoods),0.8239055871963501,0.30507826805114746,0.19493535161018372,0.4714892506599426,0.6281815767288208,0.6830893754959106,0.3879460394382477,0.32922986149787903,0.5160527229309082,0.5371230840682983,0.5067455768585205,0.3053053319454193,0.7612988948822021,0.7947202920913696,0.6260600090026855,0.37660789489746094,0.6333914995193481,0.2688157558441162,0.46871569752693176,0.8028997182846069,0.808053195476532,0.8077993392944336,0.8039165735244751,0.8035768866539001,0.8032071590423584,0.8033919334411621,0.801376461982727,0.8093931674957275,0.8029611706733704,0.8018896579742432,0.29429104924201965,0.2921033799648285,0.2921033799648285,0.2921033799648285,0.2921033799648285,0.2921033799648285,0.29429104924201965,0.29647865891456604,0.2921033799648285,0.29429104924201965,0.2921033799648285,0.2921033799648285,0.2921033799648285,0.2921033799648285,0.2921033799648285,0.2921033799648285,0.2921033799648285,0.29212453961372375,0.2921033799648285,0.2921033799648285,0.2921033799648285,0.2921033799648285,0.2921033799648285,0.1884056180715561,0.3605719804763794,0.991122841835022,0.251831591129303
N[22](SymbolSpeed20),0.8338099122047424,0.314455509185791,0.20043587684631348,0.3015157878398895,0.5398229360580444,0.699674665927887,0.39643198251724243,0.3302907347679138,0.5291241407394409,0.5413470268249512,0.516141414642334,0.3147355616092682,0.7653112411499023,0.8001881241798401,0.625432550907135,0.37742912769317627,0.6476033926010132,0.24910122156143188,0.2994779646396637,0.8079184889793396,0.813157320022583,0.8128992319107056,0.8089522123336792,0.8086068630218506,0.808230996131897,0.8084188103675842,0.8064079880714417,0.814519464969635,0.8079808950424194,0.806891679763794,0.29714053869247437,0.29714053869247437,0.29714053869247437,0.29714053869247437,0.29714053869247437,0.29714053869247437,0.29714053869247437,0.29714053869247437,0.29714053869247437,0.29932817816734314,0.29714053869247437,0.29714053869247437,0.29714053869247437,0.29714053869247437,0.29714053869247437,0.29714053869247437,0.29714053869247437,0.29716116189956665,0.29714053869247437,0.29932817816734314,0.29714053869247437,0.29714053869247437,0.29714053869247437,0.1961793750524521,0.295418918132782,0.9984287023544312,0.2565636932849884
N[23](SymbolSpeed30),0.7527213096618652,0.7690451145172119,0.1922299563884735,0.7733285427093506,0.7754687070846558,0.6240603923797607,0.7308546304702759,0.329631507396698,0.5227231979370117,0.5648049116134644,0.47964394092559814,0.7689071893692017,0.7265918254852295,0.7614164352416992,0.5949743390083313,0.199522003531456,0.5485846996307373,0.28034183382987976,0.7731895446777344,0.7723309397697449,0.7769643068313599,0.7767360210418701,0.7732451558113098,0.7729397416114807,0.7726073265075684,0.7727734446525574,0.7707300186157227,0.7781690359115601,0.7723861932754517,0.771422803401947,0.26142260432243347,0.26142260432243347,0.26142260432243347,0.26142260432243347,0.265797883272171,0.26142260432243347,0.26361024379730225,0.2701731324195862,0.26142260432243347,0.26142260432243347,0.26142260432243347,0.26142260432243347,0.26142260432243347,0.26142260432243347,0.26142260432243347,0.26142260432243347,0.26142260432243347,0.26364368200302124,0.26361024379730225,0.26142260432243347,0.26142260432243347,0.26142260432243347,0.26142260432243347,0.1426079422235489,0.7869964838027954,0.9415584802627563,0.21599836647510529
N[24](SymbolSpeed50),0.8351138830184937,0.2994723320007324,0.2005501389503479,0.3017193078994751,0.5448256731033325,0.7002077698707581,0.3846888840198517,0.330293744802475,0.5279187560081482,0.5406506061553955,0.5163773894309998,0.299561470746994,0.767227292060852,0.8004090785980225,0.6313698291778564,0.37867623567581177,0.6479580402374268,0.24935322999954224,0.2996813654899597,0.8081212639808655,0.8133635520935059,0.8131052851676941,0.8091556429862976,0.8088101148605347,0.808434009552002,0.808621883392334,0.8066112995147705,0.8147265911102295,0.8081837892532349,0.8070937395095825,0.29734405875205994,0.29734405875205994,0.29734405875205994,0.29734405875205994,0.29734405875205994,0.29734405875205994,0.29734405875205994,0.29734405875205994,0.29734405875205994,0.2995316982269287,0.29734405875205994,0.29734405875205994,0.29734405875205994,0.29734405875205994,0.29734405875205994,0.29734405875205994,0.29734405875205994,0.2973646819591522,0.29734405875205994,0.29734405875205994,0.29734405875205994,0.29734405875205994,0.29734405875205994,0.1962658017873764,0.29027289152145386,0.9995890259742737,0.25680792331695557
N[25](SymbolSpeed60),0.7540625333786011,0.7289944887161255,0.19472120702266693,0.7744988203048706,0.7766635417938232,0.6294525861740112,0.6996026635169983,0.32826775312423706,0.522638738155365,0.559185266494751,0.4827537536621094,0.7283381223678589,0.7279156446456909,0.7626867294311523,0.5961600542068481,0.20657019317150116,0.5525451898574829,0.27880793809890747,0.7743592262268066,0.7734968662261963,0.7781501412391663,0.7779208421707153,0.7744150161743164,0.7741082906723022,0.7737745046615601,0.7739412784576416,0.7718989253044128,0.7793599963188171,0.773552417755127,0.7725849151611328,0.2625928521156311,0.2625928521156311,0.2625928521156311,0.2625928521156311,0.2625928521156311,0.2625928521156311,0.2625928521156311,0.2625928521156311,0.2625928521156311,0.2647804915904999,0.2647804915904999,0.2625928521156311,0.2625928521156311,0.2625928521156311,0.2625928521156311,0.2625928521156311,0.2625928521156311,0.2692074179649353,0.2647804915904999,0.2625928521156311,0.2625928521156311,0.2625928521156311,0.2625928521156311,0.14523833990097046,0.772911787033081,0.9434489607810974,0.21510562300682068
N[26](SymbolSpeed70),0.6034194231033325,0.1985563039779663,0.4563257098197937,0.19863618910312653,0.4442101716995239,0.831925094127655,0.3069864511489868,0.23785121738910675,0.6683741807937622,0.6119927167892456,0.6128526926040649,0.1986762434244156,0.6602559685707092,0.6958487033843994,0.5291427969932556,0.4909367263317108,0.7732181549072266,0.1250128298997879,0.196602925658226,0.7075940370559692,0.7111259698867798,0.7109519839286804,0.7082909345626831,0.7057346105575562,0.7078047394752502,0.7079313397407532,0.7058286070823669,0.712044358253479,0.7076361179351807,0.7069017887115479,0.19644856452941895,0.19644856452941895,0.19644856452941895,0.19644856452941895,0.19644856452941895,0.19644856452941895,0.19644856452941895,0.19644856452941895,0.5114676356315613,0.5792841911315918,0.49615418910980225,0.45677679777145386,0.43927574157714844,0.5727213621139526,0.4983418583869934,0.5070923566818237,0.5705336928367615,0.3832072615623474,0.46771496534347534,0.421774685382843,0.4239623248577118,0.4699026048183441,0.5070923566818237,0.4805753827095032,0.18126936256885529,0.8357622623443604,0.13573086261749268
N[27](SymbolSpeed80),0.6296281218528748,0.2104647010564804,0.42684656381607056,0.21054217219352722,0.45636600255966187,0.8164448142051697,0.31897538900375366,0.2602554261684418,0.6558257341384888,0.5712524056434631,0.619141161441803,0.2105810046195984,0.6741458177566528,0.708772599697113,0.541205883026123,0.4782959520816803,0.7620185613632202,0.13945749402046204,0.2085028439760208,0.7194565534591675,0.7231903672218323,0.7215464115142822,0.7201932668685913,0.7176235914230347,0.7196792960166931,0.7198131084442139,0.7177212238311768,0.7228748202323914,0.7195010781288147,0.7187247276306152,0.20835453271865845,0.20835453271865845,0.20835453271865845,0.20835453271865845,0.20835453271865845,0.20835453271865845,0.20835453271865845,0.20835453271865845,0.3199237883090973,0.5321241617202759,0.38117748498916626,0.49930962920188904,0.3768022358417511,0.5715014934539795,0.5408746600151062,0.5277488827705383,0.47524571418762207,0.34897926449775696,0.4074290990829468,0.4533693790435791,0.4271177649497986,0.5364993810653687,0.575876772403717,0.4474513530731201,0.19377070665359497,0.8547883033752441,0.15001831948757172
N[28](SymbolSpeed100),0.7522509098052979,0.7694522738456726,0.19266808032989502,0.7737356424331665,0.7758842706680298,0.6253925561904907,0.7312645316123962,0.3301636278629303,0.5237357020378113,0.5652581453323364,0.480316162109375,0.769314169883728,0.7270523309707642,0.761858344078064,0.5953867435455322,0.19907307624816895,0.549513578414917,0.278757780790329,0.7735964059829712,0.7727364897727966,0.7773767709732056,0.7771481275558472,0.7736520767211914,0.7733461856842041,0.7730132937431335,0.7731796503067017,0.7711365818977356,0.778583288192749,0.7727918028831482,0.771826982498169,0.2618296444416046,0.2618296444416046,0.2618296444416046,0.2618296444416046,0.2618296444416046,0.2618296444416046,0.2618296444416046,0.2618296444416046,0.2618296444416046,0.2618296444416046,0.2618296444416046,0.2618296444416046,0.2618296444416046,0.2618296444416046,0.2618296444416046,0.2618296444416046,0.2618296444416046,0.26405069231987,0.2618296444416046,0.2618296444416046,0.2618296444416046,0.2618296444416046,0.2618296444416046,0.14299963414669037,0.787423849105835,0.9422160387039185,0.21418976783752441
N[29](SymbolSpeed120),0.8342449069023132,0.30179455876350403,0.20079305768013,0.3062472343444824,0.5449815392494202,0.699211597442627,0.3865494430065155,0.33101940155029297,0.5274711847305298,0.5403590202331543,0.5161035060882568,0.3019108772277832,0.7652926445007324,0.8000234961509705,0.62579345703125,0.3804699778556824,0.6470713019371033,0.25133204460144043,0.304302453994751,0.8082733154296875,0.8135182857513428,0.8117998838424683,0.8093082308769226,0.8089624643325806,0.8085862398147583,0.8087742328643799,0.806763768196106,0.8135955929756165,0.8083359003067017,0.8072453737258911,0.2974967062473297,0.2974967062473297,0.2974967062473297,0.2974967062473297,0.2974967062473297,0.2974967062473297,0.2974967062473297,0.3062472343444824,0.2974967062473297,0.2974967062473297,0.2974967062473297,0.2974967062473297,0.2974967062473297,0.2974967062473297,0.2974967062473297,0.2996843457221985,0.2974967062473297,0.2975172996520996,0.2996843457221985,0.2974967062473297,0.2974967062473297,0.2974967062473297,0.2974967062473297,0.19671355187892914,0.29196450114250183,0.9977567195892334,0.258303701877594
N[30](SymbolD1a1),0.5661174058914185,0.8625686764717102,0.35946857929229736,0.8689836263656616,0.684765636920929,0.06606128811836243,0.7508633732795715,0.8013567924499512,0.21982812881469727,0.430990606546402,0.2670239210128784,0.864543080329895,0.4385749101638794,0.37975743412971497,0.6181715726852417,0.40750545263290405,0.13564375042915344,0.9581229090690613,0.8709825277328491,0.3597789704799652,0.358822226524353,0.3575108051300049,0.35930824279785156,0.3641125559806824,0.3620912730693817,0.3595511317253113,0.3594226539134979,0.3580593466758728,0.35975053906440735,0.36332738399505615,0.871171236038208,0.871171236038208,0.871171236038208,0.871171236038208,0.871171236038208,0.871171236038208,0.871171236038208,0.871171236038208,0.3702034652233124,0.3811416029930115,0.39426741003990173,0.3767663538455963,0.37239107489585876,0.3680158257484436,0.37239107489585876,0.3767663538455963,0.3745787441730499,0.3900347650051117,0.3767663538455963,0.3745787441730499,0.41176846623420715,0.3592652976512909,0.36364054679870605,0.31626981496810913,0.8874347805976868,0.28719720244407654,0.9454145431518555
N[31](SymbolD1a4),0.16667315363883972,0.7009347677230835,0.7973723411560059,0.7008753418922424,0.4591860771179199,0.298199325799942,0.6157209873199463,0.6699753403663635,0.47058331966400146,0.45887959003448486,0.48229122161865234,0.7008455395698547,0.2344975769519806,0.2000327855348587,0.3733408749103546,0.6189127564430237,0.3505556285381317,0.7514491081237793,0.7029597163200378,0.19228430092334747,0.18704888224601746,0.18730682134628296,0.19125127792358398,0.1915963888168335,0.19197198748588562,0.19178429245948792,0.193795308470726,0.18568766117095947,0.19222187995910645,0.1933104246854782,0.7030630111694336,0.7030630111694336,0.7030630111694336,0.7030630111694336,0.7030630111694336,0.7030630111694336,0.7030630111694336,0.7030630111694336,0.7030630111694336,0.7008753418922424,0.7008753418922424,0.7030630111694336,0.7030630111694336,0.6921248435974121,0.698687732219696,0.6965000629425049,0.7030630111694336,0.7030423283576965,0.7008753418922424,0.7008753418922424,0.7030630111694336,0.7008753418922424,0.7030630111694336,0.8012814521789551,0.7116858959197998,0.001900102011859417,0.7436805367469788
N[32](SymbolD1a5),0.5587687492370605,0.8717744946479797,0.36543720960617065,0.8716802597045898,0.6263833045959473,0.07664859294891357,0.753578782081604,0.8040929436683655,0.22987347841262817,0.4423002600669861,0.27080124616622925,0.8716330528259277,0.41507357358932495,0.378274530172348,0.5421016812324524,0.43150994181632996,0.14281299710273743,0.9611638784408569,0.8736777901649475,0.3624657690525055,0.3601258099079132,0.3602410852909088,0.3620040714740753,0.36215832829475403,0.3647807836532593,0.36224231123924255,0.362116277217865,0.3595173954963684,0.3624378740787506,0.3629244267940521,0.873867928981781,0.873867928981781,0.873867928981781,0.873867928981781,0.873867928981781,0.873867928981781,0.873867928981781,0.873867928981781,0.372900128364563,0.4100898504257202,0.38602590560913086,0.372900128364563,0.3707124590873718,0.36852484941482544,0.372900128364563,0.372900128364563,0.38821351528167725,0.390534371137619,0.38821351528167725,0.37946298718452454,0.3991517126560211,0.3707124590873718,0.3838382661342621,0.3227212429046631,0.8925633430480957,0.2776251435279846,0.948650598526001
N[33](SymbolD1a6),0.3921237587928772,0.47387611865997314,0.5954084396362305,0.6482802033424377,0.47688883543014526,0.22749337553977966,0.4638487696647644,0.751726508140564,0.35090088844299316,0.37455177307128906,0.4290509819984436,0.4762577414512634,0.34154120087623596,0.3040366768836975,0.46869200468063354,0.62473064661026,0.2949656844139099,0.8484771251678467,0.6538000106811523,0.29027679562568665,0.2867085933685303,0.2868843972682953,0.28957274556159973,0.2898079454898834,0.2900639474391937,0.28993603587150574,0.2897438406944275,0.2857808470726013,0.2902342677116394,0.2909761667251587,0.8014144897460938,0.8014144897460938,0.8014144897460938,0.8014144897460938,0.8014144897460938,0.8014144897460938,0.8014144897460938,0.8014144897460938,0.5126469731330872,0.4798325300216675,0.5410861968994141,0.6089028120040894,0.5957770347595215,0.562962532043457,0.5520243644714355,0.5542119741439819,0.468894362449646,0.5970816612243652,0.5563997030258179,0.6220285892486572,0.5848388671875,0.6351544260978699,0.5651502013206482,0.5936758518218994,0.579893171787262,0.1601618528366089,0.8617047071456909
N[34](SymbolD1a7),0.21079352498054504,0.5759831070899963,0.7809962034225464,0.5112656354904175,0.36973345279693604,0.31474941968917847,0.5321474075317383,0.678497314453125,0.4656769633293152,0.4543675184249878,0.48856186866760254,0.5762577652931213,0.25547075271606445,0.22162887454032898,0.3897148072719574,0.6842132806777954,0.38374918699264526,0.7453924417495728,0.5155661106109619,0.2126127928495407,0.2077232450246811,0.20796415209770203,0.21164801716804504,0.21197032928466797,0.21232111752033234,0.2121458351612091,0.21417546272277832,0.20645195245742798,0.21255451440811157,0.21357114613056183,0.7234659790992737,0.7234659790992737,0.7234659790992737,0.7234659790992737,0.7234659790992737,0.7234659790992737,0.7234659790992737,0.7234659790992737,0.7059649229049683,0.6994019746780396,0.6950267553329468,0.6928391456604004,0.6994019746780396,0.7059649229049683,0.6928391456604004,0.7015896439552307,0.716903030872345,0.6948848366737366,0.7015896439552307,0.710340142250061,0.7190907001495361,0.7234659790992737,0.7059649229049683,0.8065016269683838,0.5179543495178223,0.03402926027774811,0.7681646347045898
N[35](SymbolD2a1),0.1919637769460678,0.6645536422729492,0.8026410341262817,0.41689127683639526,0.31613343954086304,0.3262591063976288,0.591302216053009,0.6737599968910217,0.4864537715911865,0.4618210196495056,0.49819958209991455,0.663861095905304,0.24564701318740845,0.21179787814617157,0.38053861260414124,0.6461309790611267,0.3819095492362976,0.7237372398376465,0.419377863407135,0.20358917117118835,0.19854609668254852,0.19879455864429474,0.2025941014289856,0.20292653143405914,0.20328833162784576,0.203107550740242,0.20512890815734863,0.1972348839044571,0.20352905988693237,0.20457760989665985,0.7144092917442322,0.7144092917442322,0.7144092917442322,0.7144092917442322,0.7144092917442322,0.7144092917442322,0.7144092917442322,0.7144092917442322,0.7144092917442322,0.7100340127944946,0.7144092917442322,0.712221622467041,0.712221622467041,0.7144092917442322,0.712221622467041,0.712221622467041,0.7144092917442322,0.7056002616882324,0.7100340127944946,0.712221622467041,0.712221622467041,0.7144092917442322,0.7100340127944946,0.8180803060531616,0.5566823482513428,0.019398322328925133,0.7572963833808899
N[36](SymbolD2a2),0.16516396403312683,0.702900767326355,0.7983062863349915,0.7006717920303345,0.45658084750175476,0.2987298369407654,0.6172229051589966,0.66997230052948,0.47133225202560425,0.4591144919395447,0.48285675048828125,0.7028388381004333,0.23300297558307648,0.19926060736179352,0.37026911973953247,0.6196277141571045,0.3515183627605438,0.7508987784385681,0.7027562856674194,0.1920815110206604,0.1868426501750946,0.18710076808929443,0.1910478174686432,0.1913931518793106,0.19176900386810303,0.19158118963241577,0.19359201192855835,0.185480535030365,0.19201906025409698,0.19310832023620605,0.7028594613075256,0.7028594613075256,0.7028594613075256,0.7028594613075256,0.7028594613075256,0.7028594613075256,0.7028594613075256,0.7028594613075256,0.7028594613075256,0.6984841823577881,0.6984841823577881,0.7006717920303345,0.7028594613075256,0.7028594613075256,0.7028594613075256,0.7028594613075256,0.7028594613075256,0.7028388381004333,0.6984841823577881,0.7028594613075256,0.7028594613075256,0.7028594613075256,0.7006717920303345,0.802507758140564,0.7114721536636353,0.0009476541308686137,0.743436336517334
N[37](SymbolD3),0.48260724544525146,0.8377795815467834,0.4497096538543701,0.8376922607421875,0.591681957244873,0.1208401769399643,0.727888286113739,0.7809679508209229,0.27553024888038635,0.4053805470466614,0.3285776972770691,0.8376485109329224,0.3783111572265625,0.34193193912506104,0.5076650977134705,0.4640907049179077,0.18744048476219177,0.9193754196166992,0.83970707654953,0.3286018371582031,0.3256857097148895,0.3258293867111206,0.3280264437198639,0.3282186686992645,0.32842788100242615,0.3283233344554901,0.33045926690101624,0.32492750883102417,0.3285670876502991,0.32917341589927673,0.8398799300193787,0.8398799300193787,0.8398799300193787,0.8398799300193787,0.8398799300193787,0.8398799300193787,0.8398799300193787,0.8398799300193787,0.46579480171203613,0.34985026717185974,0.5248608589172363,0.439543217420578,0.5204855799674988,0.3848523795604706,0.4111039638519287,0.41766688227653503,0.41766688227653503,0.5432776212692261,0.39797818660736084,0.48548346757888794,0.4767329692840576,0.4198544919490814,0.40672871470451355,0.4161546230316162,0.8568757772445679,0.22438111901283264,0.9078642129898071
N[38](SymbolSingleLeftBend),0.08348515629768372,0.6298253536224365,0.882177472114563,0.7554209232330322,0.7435585260391235,0.6481509804725647,0.606836199760437,0.3429745137691498,0.7153407335281372,0.5346105098724365,0.6690821647644043,0.6278867721557617,0.3682056963443756,0.29935669898986816,0.5560123920440674,0.4835715889930725,0.6278471946716309,0.27988675236701965,0.7548136115074158,0.4594436287879944,0.3665851950645447,0.315025269985199,0.3363546133041382,0.2819897532463074,0.2758287191390991,0.3112250566482544,0.2931692898273468,0.27538636326789856,0.3070114552974701,0.34096696972846985,0.2653912603855133,0.2653912603855133,0.2653912603855133,0.2653912603855133,0.2653912603855133,0.2653912603855133,0.2653912603855133,0.2653912603855133,0.7772972583770752,0.7641714811325073,0.775109589099884,0.7772972583770752,0.7772972583770752,0.759796142578125,0.7772972583770752,0.7663590908050537,0.7707343101501465,0.7728754281997681,0.775109589099884,0.775109589099884,0.7685467004776001,0.7772972583770752,0.7772972583770752,0.9091206789016724,0.6479823589324951,0.24946746230125427,0.21846379339694977
N[39](SymbolSingleRightBend),0.10054835677146912,0.3229784071445465,0.9405757784843445,0.3143380582332611,0.3140377700328827,0.7049694657325745,0.3574228286743164,0.36618900299072266,0.733536958694458,0.5244972705841064,0.702081024646759,0.3231441378593445,0.3043031096458435,0.30893856287002563,0.31188783049583435,0.7028078436851501,0.6965638995170593,0.3130532205104828,0.3144324719905853,0.3150157034397125,0.31186842918395996,0.31202349066734314,0.3143947124481201,0.31460216641426086,0.31482797861099243,0.3147151470184326,0.3168386220932007,0.3110501170158386,0.3149781823158264,0.31563258171081543,0.3340267539024353,0.3340267539024353,0.364653617143631,0.3143380582332611,0.4215320348739624,0.3821546733379364,0.33840200304985046,0.3230885863304138,0.8262439966201782,0.8262439966201782,0.8262439966201782,0.8262439966201782,0.8262439966201782,0.8262439966201782,0.8262439966201782,0.8262439966201782,0.8262439966201782,0.8262108564376831,0.8262439966201782,0.8262439966201782,0.8262439966201782,0.8262439966201782,0.8262439966201782,0.9893162250518799,0.3081166744232178,0.2000657618045807,0.32182973623275757
N[40](SymbolTwoOrMoreLeftBend),0.028835687786340714,0.7959983944892883,0.9203261733055115,0.7959195971488953,0.5646162033081055,0.6314642429351807,0.7046000957489014,0.36781200766563416,0.7249116897583008,0.5425508618354797,0.6652053594589233,0.795880138874054,0.27921727299690247,0.28115254640579224,0.30057293176651,0.5096720457077026,0.5971978902816772,0.33578354120254517,0.7979556322097778,0.28698164224624634,0.2847863435745239,0.2879158556461334,0.2862665355205536,0.28882896900177,0.286765456199646,0.28663551807403564,0.2887333035469055,0.28241509199142456,0.28693845868110657,0.28769201040267944,0.29495179653167725,0.29276418685913086,0.31464052200317383,0.2993270754814148,0.3102652430534363,0.35401788353919983,0.32120341062545776,0.28620126843452454,0.7937319874763489,0.765292763710022,0.7893567085266113,0.780606210231781,0.7959195971488953,0.7324782609939575,0.7740433216094971,0.7762309312820435,0.7959195971488953,0.7914865016937256,0.7893567085266113,0.7740433216094971,0.7827938199043274,0.7871690988540649,0.7959195971488953,0.9223905801773071,0.8122485280036926,0.15897685289382935,0.27100104093551636
N[41](SymbolRightNarrow),0.09020116925239563,0.7441087961196899,0.8665831089019775,0.7462096214294434,0.501875638961792,0.46741050481796265,0.6579574346542358,0.5237936973571777,0.6057988405227661,0.5098169445991516,0.5770727396011353,0.7439783811569214,0.24363526701927185,0.23380766808986664,0.2946226894855499,0.5743085145950317,0.48065829277038574,0.5412054061889648,0.7482709884643555,0.23745310306549072,0.232986181974411,0.23320625722408295,0.23657171428203583,0.23686617612838745,0.23718664050102234,0.23702651262283325,0.23907890915870667,0.23182477056980133,0.2373998612165451,0.23832862079143524,0.5515103936195374,0.5011948347091675,0.6302651166915894,0.6368280053138733,0.4596298038959503,0.5536980032920837,0.45525455474853516,0.24742946028709412,0.7483972907066345,0.7483972907066345,0.7483972907066345,0.7483972907066345,0.7483972907066345,0.7483972907066345,0.7483972907066345,0.7462096214294434,0.7483972907066345,0.7483720183372498,0.7483972907066345,0.7483972907066345,0.7483972907066345,0.7483972907066345,0.7483972907066345,0.8723391890525818,0.7523959875106812,0.0743054449558258,0.505371630191803
N[42](SymbolRoadDeformities),0.018071945756673813,0.7433564066886902,0.9443470239639282,0.7143670916557312,0.5097222924232483,0.6656582951545715,0.6640129685401917,0.35931825637817383,0.749168336391449,0.5481275320053101,0.6856995820999146,0.7447249293327332,0.27378296852111816,0.27917569875717163,0.28719455003738403,0.5354412198066711,0.6288991570472717,0.3064398467540741,0.7145826816558838,0.2907330393791199,0.2871726155281067,0.28734803199768066,0.29003050923347473,0.29026520252227783,0.29052066802978516,0.29039302468299866,0.2924942374229431,0.2862468957901001,0.2906906008720398,0.29143089056015015,0.2965293228626251,0.2899664044380188,0.29434168338775635,0.2899664044380188,0.29434168338775635,0.2965293228626251,0.2899664044380188,0.2899664044380188,0.8018723726272583,0.7996847629547119,0.8018723726272583,0.7996847629547119,0.8018723726272583,0.8018723726272583,0.8018723726272583,0.8018723726272583,0.8018723726272583,0.801841676235199,0.8018723726272583,0.8018723726272583,0.8018723726272583,0.8018723726272583,0.8018723726272583,0.9523249268531799,0.7472912073135376,0.16069373488426208,0.25123608112335205
N[43](SymbolSlipperyRoad),0.09947511553764343,0.3196571469306946,0.941775918006897,0.31535565853118896,0.3330577611923218,0.7294400930404663,0.35162004828453064,0.35305118560791016,0.7400619983673096,0.5274763107299805,0.706466555595398,0.3197680115699768,0.3315846621990204,0.334298700094223,0.3401414453983307,0.6884413957595825,0.71458500623703,0.2794124186038971,0.3154495656490326,0.32375743985176086,0.31718647480010986,0.3159737288951874,0.3176273703575134,0.3179418742656708,0.31829750537872314,0.3205051124095917,0.3224410116672516,0.3506762385368347,0.3185429871082306,0.316643089056015,0.31754329800605774,0.31754329800605774,0.31535565853118896,0.31535565853118896,0.33723196387290955,0.3219185769557953,0.3241061866283417,0.31754329800605774,0.8272616267204285,0.8272616267204285,0.8272616267204285,0.8272616267204285,0.8272616267204285,0.8272616267204285,0.8272616267204285,0.8272616267204285,0.8272616267204285,0.827228307723999,0.8272616267204285,0.8272616267204285,0.8272616267204285,0.8272616267204285,0.8272616267204285,0.9908424615859985,0.3068881332874298,0.2222905457019806,0.2849853038787842
N[44](SymbolChildren),0.1674497425556183,0.6915308237075806,0.8024923801422119,0.6497970819473267,0.4388996958732605,0.31131863594055176,0.6091175079345703,0.6633865237236023,0.47931230068206787,0.4615172743797302,0.4900355339050293,0.6912768483161926,0.23352664709091187,0.2000952959060669,0.36983722448349,0.6271915435791016,0.36360234022140503,0.7380244731903076,0.6507138609886169,0.1958836019039154,0.1907094269990921,0.19096435606479645,0.19486266374588013,0.1952037364244461,0.19557495415210724,0.19538946449756622,0.19740375876426697,0.18936412036418915,0.19582192599773407,0.1968977302312851,0.6979249715805054,0.7044878602027893,0.7066754698753357,0.7066754698753357,0.7066754698753357,0.6913620233535767,0.6979249715805054,0.6694856882095337,0.7066754698753357,0.7066754698753357,0.7066754698753357,0.7066754698753357,0.7066754698753357,0.7066754698753357,0.7066754698753357,0.7066754698753357,0.7066754698753357,0.70665442943573,0.7066754698753357,0.7066754698753357,0.7066754698753357,0.7066754698753357,0.7066754698753357,0.8099817037582397,0.6779609322547913,0.00690448796376586,0.7371866703033447
N[45](SymbolCyclists),0.09448987245559692,0.614890456199646,0.9156442880630493,0.32674846053123474,0.30601251125335693,0.6164860725402832,0.5750643610954285,0.413865327835083,0.6982530355453491,0.5269826054573059,0.6561295986175537,0.6125376224517822,0.2831774055957794,0.2831856310367584,0.31165286898612976,0.6118022203445435,0.6087930798530579,0.3807351589202881,0.325557142496109,0.28378790616989136,0.2801092863082886,0.28029054403305054,0.28306204080581665,0.2833045423030853,0.28356844186782837,0.2834365665912628,0.2855314314365387,0.27915287017822266,0.28374403715133667,0.2845088839530945,0.37487637996673584,0.33331137895584106,0.5476993322372437,0.41425377130508423,0.416441410779953,0.4645693302154541,0.40331560373306274,0.33331137895584106,0.7949017882347107,0.7949017882347107,0.7949017882347107,0.7949017882347107,0.7949017882347107,0.7949017882347107,0.7949017882347107,0.7949017882347107,0.7949017882347107,0.7948718070983887,0.7949017882347107,0.7949017882347107,0.7949017882347107,0.7949017882347107,0.7949017882347107,0.942307710647583,0.49265891313552856,0.14943285286426544,0.39316460490226746
N[46](SymbolWildAnimals),0.1598406732082367,0.2891682982444763,0.8862637281417847,0.27836573123931885,0.2773105204105377,0.571184515953064,0.32632043957710266,0.5001453161239624,0.6316499710083008,0.49229079484939575,0.6283712387084961,0.2893722653388977,0.2876332402229309,0.2803647220134735,0.33275145292282104,0.7410107851028442,0.5968274474143982,0.4785112738609314,0.2784784436225891,0.27917468547821045,0.27541762590408325,0.2756027281284332,0.27843335270881653,0.27868103981018066,0.278950572013855,0.278815895318985,0.2809064984321594,0.2744407653808594,0.27912989258766174,0.279911071062088,0.45993921160697937,0.5168176889419556,0.5824466347694397,0.5430692434310913,0.54963219165802,0.5671331882476807,0.4840031862258911,0.36368340253829956,0.7902716994285583,0.7902716994285583,0.7902716994285583,0.7902716994285583,0.7902716994285583,0.7902716994285583,0.7902716994285583,0.7902716994285583,0.7902716994285583,0.7902421951293945,0.7902716994285583,0.7902716994285583,0.7902716994285583,0.7902716994285583,0.7902716994285583,0.935363233089447,0.27187687158584595,0.1419529765844345,0.5100089311599731
N[47](SymbolRoadWorks),0.22467100620269775,0.24408462643623352,0.8280317783355713,0.23979851603507996,0.2511199712753296,0.4258822798728943,0.2823639214038849,0.6275526285171509,0.5170609951019287,0.4493495225906372,0.5484974384307861,0.2442185878753662,0.2794073224067688,0.2412564754486084,0.4054310917854309,0.779132604598999,0.4882327914237976,0.6538811922073364,0.23993083834648132,0.24074825644493103,0.23633739352226257,0.23801468312740326,0.23987792432308197,0.24016867578029633,0.24048513174057007,0.24032700061798096,0.24238242208957672,0.23519055545330048,0.24069567024707794,0.2416127771139145,0.701388955116272,0.7035765647888184,0.7035765647888184,0.7057641744613647,0.7123271226882935,0.7079518437385559,0.6029455065727234,0.5591928362846375,0.7517044544219971,0.7517044544219971,0.7517044544219971,0.7517044544219971,0.7517044544219971,0.7517044544219971,0.7517044544219971,0.7517044544219971,0.7517044544219971,0.7516788840293884,0.7517044544219971,0.7517044544219971,0.7517044544219971,0.7517044544219971,0.7517044544219971,0.8775182962417603,0.22831840813159943,0.08235073834657669,0.7095128297805786
N[48](SymbolVerticalLightSignals),0.09727954119443893,0.31881076097488403,0.9438812136650085,0.316678524017334,0.31762611865997314,0.7138924598693848,0.35124531388282776,0.3731945753097534,0.738616943359375,0.5234111547470093,0.7072988748550415,0.3188939690589905,0.3052649199962616,0.3087228536605835,0.31712475419044495,0.6997359395027161,0.7029478549957275,0.3019314110279083,0.3167717754840851,0.3173476755619049,0.314240038394928,0.31439316272735596,0.3167344927787781,0.3169393241405487,0.31716227531433105,0.31705087423324585,0.31917649507522583,0.31343206763267517,0.317310631275177,0.31795674562454224,0.33855485916137695,0.33636724948883057,0.33636724948883057,0.32761672139167786,0.4107467532157898,0.3254290819168091,0.32761672139167786,0.32980433106422424,0.8285845518112183,0.8285845518112183,0.8263968229293823,0.8285845518112183,0.8285845518112183,0.8285845518112183,0.8285845518112183,0.8285845518112183,0.8285845518112183,0.8285510540008545,0.8285845518112183,0.8285845518112183,0.8285845518112183,0.8285845518112183,0.8285845518112183,0.992607831954956,0.3090428411960602,0.20426255464553833,0.3098715543746948
N[49](SymbolIntersectionPriority),0.09422772377729416,0.32089728116989136,0.9467817544937134,0.3187646269798279,0.3377370238304138,0.7236781716346741,0.35505279898643494,0.35934916138648987,0.7447472810745239,0.5234262943267822,0.7125723361968994,0.32097986340522766,0.3143680989742279,0.31153857707977295,0.34072986245155334,0.6895868182182312,0.710150957107544,0.2857217490673065,0.318856805562973,0.32972994446754456,0.3163538873195648,0.3165052533149719,0.31881994009017944,0.31902244687080383,0.3192428648471832,0.3191327452659607,0.323553204536438,0.3168414235115051,0.3193895220756531,0.32002830505371094,0.3187646269798279,0.3187646269798279,0.3253275454044342,0.3187646269798279,0.37126779556274414,0.32095226645469666,0.3187646269798279,0.3187646269798279,0.8306705951690674,0.8306705951690674,0.828482985496521,0.8306705951690674,0.8306705951690674,0.8306705951690674,0.8306705951690674,0.8306705951690674,0.8306705951690674,0.8306369781494141,0.8306705951690674,0.8306705951690674,0.8306705951690674,0.8306705951690674,0.8306705951690674,0.9957365989685059,0.3097018897533417,0.21262191236019135,0.29170137643814087
N[50](SymbolDanger),0.1278369128704071,0.30064281821250916,0.915183961391449,0.29851430654525757,0.3086705505847931,0.6436417102813721,0.33636823296546936,0.4304698705673218,0.6857613325119019,0.5087249279022217,0.6681586503982544,0.3007315993309021,0.2960963249206543,0.29341572523117065,0.32880890369415283,0.7168264985084534,0.6523575782775879,0.3844398856163025,0.29861676692962646,0.29924970865249634,0.29583418369293213,0.29600247740745544,0.2985757887363434,0.2988009452819824,0.29904597997665405,0.298923522233963,0.30103254318237305,0.2949461340904236,0.29920899868011475,0.29991915822029114,0.3816443085670471,0.4516485929489136,0.4779001474380493,0.44508567452430725,0.4910259246826172,0.41664645075798035,0.370706170797348,0.3225782811641693,0.8104202747344971,0.8104202747344971,0.8104202747344971,0.8104202747344971,0.8104202747344971,0.8104202747344971,0.8104202747344971,0.8104202747344971,0.8104202747344971,0.8081918954849243,0.8104202747344971,0.8104202747344971,0.8104202747344971,0.8104202747344971,0.8104202747344971,0.9653642177581787,0.28843894600868225,0.1763737052679062,0.4035833477973938
N[51](SymbolPedestrians),0.1112738698720932,0.31087183952331543,0.9306207299232483,0.3087412118911743,0.3814464211463928,0.6856549382209778,0.3466664254665375,0.3762339949607849,0.7157927751541138,0.5168811678886414,0.6904834508895874,0.3109574615955353,0.33000263571739197,0.30782461166381836,0.40507805347442627,0.675625205039978,0.6827490329742432,0.3159666061401367,0.30883848667144775,0.31716716289520264,0.31191301345825195,0.30781686305999756,0.31101498007774353,0.309013307094574,0.30924591422080994,0.3091296851634979,0.3135410249233246,0.30535417795181274,0.30940067768096924,0.3100747764110565,0.3503062427043915,0.3218670189380646,0.4093722999095917,0.38312071561813354,0.37218257784843445,0.37437018752098083,0.3218670189380646,0.3109288811683655,0.8206472396850586,0.8206472396850586,0.8206472396850586,0.8206472396850586,0.8206472396850586,0.8206472396850586,0.8206472396850586,0.8184595108032227,0.8206472396850586,0.8206145763397217,0.8184595108032227,0.8206472396850586,0.8184595108032227,0.8206472396850586,0.8206472396850586,0.9802654385566711,0.29917725920677185,0.20807094871997833,0.3265987038612366
N[52](SymbolIceSnow),0.09545807540416718,0.32003211975097656,0.9456148743629456,0.3178996741771698,0.3176741600036621,0.7184208631515503,0.35247495770454407,0.3671623170375824,0.741197943687439,0.5233862400054932,0.7095159292221069,0.32011497020721436,0.3062248229980469,0.3105996549129486,0.31549644470214844,0.699860692024231,0.7066127061843872,0.2971792221069336,0.31799226999282837,0.3185643255710602,0.3154774308204651,0.3156295120716095,0.31795522570610046,0.31815871596336365,0.3183801770210266,0.3182695209980011,0.3203962445259094,0.31467482447624207,0.3185275197029114,0.31916937232017517,0.3266502022743225,0.3266502022743225,0.34196361899375916,0.3266502022743225,0.3682152330875397,0.3354007303714752,0.32227492332458496,0.3485265076160431,0.8298056125640869,0.8298056125640869,0.8298056125640869,0.8298056125640869,0.8298056125640869,0.8298056125640869,0.8298056125640869,0.8298056125640869,0.8298056125640869,0.8297721147537231,0.8298056125640869,0.8298056125640869,0.8298056125640869,0.8298056125640869,0.8298056125640869,0.9946581125259399,0.30879366397857666,0.2058195024728775,0.304445743560791
