,CircularShape,DiamondShape,TriangularShape,OctagonalShape,RedGround,WhiteGround,YellowGround,BlueGround,Border,BlackBorder,RedBorder,WhiteBorder,Bar,BlackBar,WhiteBar,Symbol,BlackSymbol,WhiteSymbol,SymbolStop,SymbolNoEntryGoods,SymbolOvertaking,SymbolOvertakingGoods,SymbolSpeed20,SymbolSpeed30,SymbolSpeed50,SymbolSpeed60,SymbolSpeed70,SymbolSpeed80,SymbolSpeed100,SymbolSpeed120,SymbolD1a1,SymbolD1a4,SymbolD1a5,SymbolD1a6,SymbolD1a7,SymbolD2a1,SymbolD2a2,SymbolD3,SymbolSingleLeftBend,SymbolSingleRightBend,SymbolTwoOrMoreLeftBend,SymbolRightNarrow,SymbolRoadDeformities,SymbolSlipperyRoad,SymbolChildren,SymbolCyclists,SymbolWildAnimals,SymbolRoadWorks,SymbolVerticalLightSignals,SymbolIntersectionPriority,SymbolDanger,SymbolPedestrians,SymbolIceSnow
N[0](CircularShape),0,51,52,51,33,37,48,15,47,43,46,51,8,14,3,27,37,15,51,16,15,15,15,15,15,15,15,15,15,15,12,11,11,12,12,15,12,12,51,51,51,51,51,51,51,51,51,51,51,51,51,51,51
N[1](DiamondShape),22,2,31,3,10,49,3,3,50,46,50,3,20,21,20,37,50,3,3,25,27,27,26,25,25,25,27,25,26,25,3,3,3,3,3,3,3,3,32,30,33,34,34,33,31,34,30,29,30,31,33,31,31
N[2](TriangularShape),52,8,7,8,17,21,13,30,9,10,12,8,46,42,51,23,22,25,8,41,41,42,42,42,41,42,42,41,42,42,35,39,31,40,30,28,26,39,11,10,10,10,11,10,10,10,11,10,10,10,10,10,11
N[3](OctagonalShape),17,6,35,6,16,47,14,5,42,32,42,6,28,28,26,35,47,6,6,19,19,20,21,21,19,19,20,21,19,19,6,6,6,5,9,6,6,7,38,40,35,41,40,35,35,40,35,35,35,35,35,35,36
N[4](RedGround),12,12,47,13,5,28,8,36,30,6,40,12,14,11,19,49,30,33,13,11,11,11,11,11,11,11,11,11,11,11,41,48,43,47,42,47,34,45,47,47,47,47,47,47,47,47,47,47,47,47,47,47,47
N[5](WhiteGround),29,45,18,45,52,34,50,12,35,48,21,45,45,46,31,0,33,13,44,46,47,47,46,46,47,47,46,47,46,46,8,8,8,8,7,8,8,8,16,16,16,16,16,15,16,16,16,17,16,16,16,16,16
N[6](YellowGround),32,26,24,21,27,2,27,50,1,30,1,26,25,20,52,20,3,50,21,26,20,21,20,20,21,21,21,19,21,21,51,51,51,51,51,51,51,51,21,20,21,21,21,21,21,21,22,20,20,21,22,22,20
N[7](BlueGround),4,44,48,42,26,45,44,9,48,40,48,44,16,18,0,25,44,11,43,12,18,18,19,18,18,17,18,18,18,18,7,7,7,7,6,7,7,6,48,48,48,48,48,48,48,48,48,48,48,48,48,48,48
N[8](Border),38,20,16,18,13,4,17,49,15,27,15,20,19,19,33,33,11,49,18,43,22,19,22,27,27,33,22,20,30,28,50,50,50,50,50,50,50,50,19,19,19,19,19,19,19,19,20,19,19,19,20,20,19
N[9](BlackBorder),11,15,44,14,6,24,10,39,28,7,35,15,9,6,14,47,25,38,14,6,6,6,6,6,6,6,6,6,6,6,42,42,42,42,45,42,43,44,42,43,43,42,42,42,42,42,42,45,42,42,42,42,42
N[10](RedBorder),47,28,0,28,41,5,34,33,2,19,2,28,33,29,43,9,4,36,28,30,29,29,30,29,29,28,29,30,28,30,29,29,30,28,32,33,29,28,0,0,0,0,0,0,0,0,0,0,0,0,0,0,0
N[11](WhiteBorder),14,11,46,12,4,27,7,46,29,5,39,11,13,10,16,50,29,34,12,10,10,10,10,10,10,10,10,10,10,10,44,47,47,46,41,46,42,41,46,46,46,46,46,46,46,46,46,46,45,46,46,46,46
N[12](Bar),1,50,51,50,32,36,46,18,46,42,45,50,7,13,1,29,36,16,50,15,14,14,14,14,14,14,14,14,14,14,11,14,14,11,17,18,16,11,50,50,50,50,50,50,50,50,49,50,50,50,50,50,50
N[13](BlackBar),3,27,50,48,35,39,25,17,44,35,47,27,15,15,4,39,45,17,48,18,17,17,17,17,17,18,17,17,17,17,18,19,19,19,18,16,15,17,52,52,52,52,52,52,52,52,52,52,52,52,52,52,52
N[14](WhiteBar),2,49,49,49,31,35,47,16,45,39,44,49,6,12,2,30,35,18,49,14,13,13,13,13,13,13,13,13,13,13,14,12,12,13,19,19,18,14,49,49,49,49,49,49,49,49,50,49,49,49,49,49,49
N[15](Symbol),27,46,19,46,51,33,51,13,36,47,22,46,43,45,28,1,34,14,45,47,46,46,47,47,46,46,47,46,47,47,9,9,9,9,8,9,9,9,17,18,17,17,17,16,18,17,17,18,17,17,17,17,17
N[16](BlackSymbol),28,47,17,44,46,3,52,48,0,1,0,47,40,43,38,5,0,48,46,35,43,22,18,19,20,20,19,22,20,20,48,44,48,48,48,48,48,20,18,17,18,18,18,17,17,18,18,16,18,18,18,18,18
N[17](WhiteSymbol),20,0,34,0,9,52,0,0,52,50,52,0,21,22,13,38,52,0,0,22,24,24,23,22,22,22,23,23,23,22,0,0,0,0,0,0,0,0,33,33,34,33,33,34,34,33,34,33,34,34,34,32,33
N[18](SymbolStop),26,4,27,4,0,38,4,20,40,45,38,4,23,26,5,46,41,20,4,21,21,23,27,26,26,26,26,28,22,26,20,20,21,21,22,23,19,21,29,32,26,27,27,29,26,27,27,26,28,27,27,27,26
N[19](SymbolNoEntryGoods),6,39,39,37,18,15,32,37,24,14,27,39,1,4,7,41,17,44,37,3,3,2,3,3,3,3,3,2,3,3,32,35,37,36,37,37,38,32,39,37,40,39,36,36,39,36,39,40,38,37,39,39,40
N[20](SymbolOvertaking),9,35,36,36,20,13,29,43,20,12,26,35,2,3,8,45,16,47,36,4,4,3,4,4,4,4,4,4,4,4,38,36,38,37,38,39,39,37,40,38,36,35,35,40,40,39,40,36,36,38,40,40,35
N[21](SymbolOvertakingGoods),10,37,41,25,11,17,30,45,32,17,28,37,5,5,9,44,18,42,25,5,5,5,5,5,5,5,5,5,5,5,40,38,40,38,40,40,40,36,41,41,41,40,41,41,41,41,41,41,41,41,41,41,41
N[22](SymbolSpeed20),8,34,40,39,22,12,28,41,21,13,24,34,3,1,11,43,14,46,39,2,2,1,2,2,2,2,2,1,2,2,36,34,36,35,36,36,37,35,37,36,39,38,39,39,38,38,38,39,40,36,38,38,39
N[23](SymbolSpeed30),15,10,45,11,3,26,6,44,26,4,37,10,12,9,18,51,28,35,11,9,9,9,9,9,9,9,9,9,9,9,47,46,46,45,43,45,45,42,45,45,45,45,45,45,45,45,45,44,44,45,45,45,45
N[24](SymbolSpeed50),5,41,38,38,21,11,33,40,22,15,23,41,0,0,6,42,13,45,38,1,1,0,1,1,1,1,1,0,1,1,34,33,35,34,35,35,36,34,36,35,38,37,38,38,37,37,37,38,39,40,37,37,38
N[25](SymbolSpeed60),13,16,42,9,1,23,12,47,27,8,33,16,10,7,15,48,26,40,9,7,7,7,7,7,7,7,7,7,7,7,45,43,44,43,46,43,46,46,43,42,42,43,43,43,43,43,43,42,43,43,43,43,43
N[26](SymbolSpeed70),19,52,28,52,34,0,45,52,16,0,18,52,18,17,24,26,1,52,52,17,16,16,16,16,16,16,16,16,16,16,52,52,52,52,52,52,52,52,27,26,29,29,29,26,29,29,26,32,27,30,30,29,29
N[27](SymbolSpeed80),18,48,30,47,30,1,43,51,17,2,17,48,17,16,23,31,2,51,47,13,12,12,12,12,12,12,12,12,12,12,49,49,49,49,49,49,49,49,34,27,32,28,30,27,28,28,28,34,29,29,29,28,27
N[28](SymbolSpeed100),16,9,43,10,2,25,5,42,25,3,36,9,11,8,17,52,27,41,10,8,8,8,8,8,8,8,8,8,8,8,46,45,45,44,47,44,47,47,44,44,44,44,44,44,44,44,44,43,46,44,44,44,44
N[29](SymbolSpeed120),7,38,37,35,19,14,31,38,23,16,25,38,4,2,10,40,15,43,35,0,0,4,0,0,0,0,0,3,0,0,33,32,34,33,34,34,35,33,35,39,37,36,37,37,36,35,36,37,37,39,36,36,37
N[30](SymbolD1a1),21,3,33,2,8,51,2,2,51,49,51,2,22,23,12,36,51,2,2,24,26,26,25,23,24,24,25,26,25,23,2,2,2,2,2,2,2,2,31,31,30,31,31,32,33,31,33,31,33,33,31,34,34
N[31](SymbolD1a4),35,18,23,19,28,44,19,10,38,37,34,18,50,51,35,18,43,7,19,51,51,51,51,51,51,51,51,51,51,51,15,17,17,17,15,13,13,15,24,23,23,23,23,25,24,25,24,23,24,25,24,25,24
N[32](SymbolD1a5),23,1,32,1,12,50,1,1,49,44,49,1,24,24,22,34,49,1,1,23,25,25,24,24,23,23,24,24,24,24,1,1,1,1,1,1,1,1,30,29,31,32,32,31,32,32,32,30,32,32,32,33,32
N[33](SymbolD1a6),25,25,26,23,25,46,26,6,41,52,41,25,29,35,27,16,46,5,22,38,38,40,39,38,38,39,39,38,39,39,5,5,5,6,5,5,5,5,26,28,27,26,26,28,27,26,29,27,26,26,26,26,28
N[34](SymbolD1a7),31,24,25,24,38,41,24,7,39,38,31,24,47,48,32,12,38,9,24,48,48,48,48,48,48,48,48,48,48,48,10,10,10,10,10,10,10,10,23,24,25,25,25,23,25,24,19,25,23,22,19,19,23
N[35](SymbolD2a1),33,21,20,26,44,40,22,8,33,33,29,21,48,49,34,14,39,12,26,49,49,49,49,49,49,49,49,49,49,49,13,13,13,14,11,11,11,13,20,21,20,20,20,20,20,20,21,22,21,20,21,21,21
N[36](SymbolD2a2),36,17,22,20,29,43,18,11,37,36,32,17,52,52,36,17,42,8,20,52,52,52,52,52,52,52,52,52,52,52,16,18,18,18,16,14,14,16,25,25,24,24,24,24,23,23,25,24,25,24,25,24,25
N[37](SymbolD3),24,5,29,5,14,48,9,4,43,51,43,5,26,25,25,32,48,4,5,28,28,28,29,28,28,27,28,29,27,29,4,4,4,4,4,4,4,4,28,34,28,30,28,30,30,30,31,28,31,28,28,30,30
N[38](SymbolSingleLeftBend),49,22,13,15,7,19,21,35,12,18,10,22,27,36,21,28,20,37,15,20,23,33,28,41,43,35,37,42,36,27,43,41,41,41,44,41,44,43,13,13,13,13,13,12,12,13,13,13,13,12,13,13,13
N[39](SymbolSingleRightBend),41,29,6,33,45,10,35,29,8,22,7,29,36,32,46,6,9,28,33,34,35,35,35,34,34,34,34,34,34,35,27,25,26,31,24,25,25,26,5,5,5,5,5,5,5,5,5,5,5,5,5,5,5
N[40](SymbolTwoOrMoreLeftBend),50,7,9,7,15,22,11,27,10,11,13,7,42,39,48,24,23,26,7,39,39,38,40,39,39,40,40,39,40,40,39,37,33,32,33,27,32,40,10,12,12,12,9,18,13,12,9,11,12,13,12,12,9
N[41](SymbolRightNarrow),48,13,14,16,24,31,16,21,19,28,19,14,49,47,49,21,32,21,16,45,45,45,45,45,45,45,45,45,45,45,21,22,20,20,23,21,22,48,15,15,15,15,15,14,15,15,15,15,15,15,15,15,15
N[42](SymbolRoadDeformities),51,14,3,17,23,18,15,32,3,9,9,13,44,41,50,22,19,29,17,37,37,39,38,37,37,38,38,37,38,38,37,40,39,39,39,38,41,38,8,8,8,8,8,8,8,8,8,8,8,8,8,8,8
N[43](SymbolSlipperyRoad),42,32,5,32,40,6,38,34,6,20,6,32,30,27,40,11,5,39,32,29,30,31,33,32,32,29,31,27,31,34,31,31,32,30,31,31,28,30,4,4,3,4,4,4,4,4,4,4,4,4,4,4,4
N[44](SymbolChildren),34,19,21,22,36,42,20,14,34,34,30,19,51,50,37,15,40,10,23,50,50,50,50,50,50,50,50,50,50,50,19,15,15,15,14,17,17,18,22,22,22,22,22,22,22,22,23,21,22,23,23,23,22
N[45](SymbolCyclists),45,23,10,27,48,29,23,24,13,21,14,23,39,38,47,19,21,24,27,40,40,41,41,40,40,41,41,40,41,41,24,26,23,24,25,22,23,24,9,9,9,9,10,9,9,9,10,9,9,9,9,9,10
N[46](SymbolWildAnimals),37,42,12,41,49,30,42,22,18,31,16,42,38,40,41,3,24,22,41,42,42,43,43,43,42,43,43,43,43,43,22,21,22,22,20,20,21,22,12,11,11,11,12,11,11,11,12,12,11,11,11,11,12
N[47](SymbolRoadWorks),30,43,15,43,50,32,49,19,31,41,20,43,41,44,29,2,31,19,42,44,44,44,44,44,44,44,44,44,44,44,17,16,16,16,13,12,20,19,14,14,14,14,14,13,14,14,14,14,14,14,14,14,14
N[48](SymbolVerticalLightSignals),43,33,4,31,43,9,39,26,7,24,5,33,35,33,44,8,8,30,31,32,33,34,34,33,33,32,33,33,33,33,26,24,28,26,26,30,27,25,3,3,4,3,3,3,3,3,3,3,3,3,3,3,3
N[49](SymbolIntersectionPriority),46,30,1,29,39,7,36,31,4,23,3,30,32,30,39,10,6,32,29,27,31,30,31,30,30,30,30,31,29,31,30,30,29,29,28,32,33,29,1,1,2,1,1,1,1,1,1,1,1,1,1,1,1
N[50](SymbolDanger),39,40,11,40,47,20,41,23,14,29,11,40,37,37,42,4,12,23,40,36,36,37,37,36,36,37,36,36,37,37,23,23,24,23,21,24,24,27,7,7,7,7,7,7,7,7,7,7,7,7,7,7,7
N[51](SymbolPedestrians),40,36,8,34,37,16,40,25,11,26,8,36,31,34,30,13,10,27,34,33,34,36,36,35,35,36,35,35,35,36,25,28,25,25,27,26,31,31,6,6,6,6,6,6,6,6,6,6,6,6,6,6,6
N[52](SymbolIceSnow),44,31,2,30,42,8,37,28,5,25,4,31,34,31,45,7,7,31,30,31,32,32,32,31,31,31,32,32,32,32,28,27,27,27,29,29,30,23,2,2,1,2,2,2,2,2,2,2,2,2,2,2,2
